Timestamp,Rainfall (mm),Total Rainfall (mm),Atmospheric Temperature (°C),Wind Direction,Average Wind Speed  (km/h),Wind Gust  (km/h),MSL Pressure (hPa),Average Humidity (%),Atmospheric Pressure (hPa),Average Delta T (°C),Average Dew Point (°C),AverageSolarRadiation (W/m2),Average Wet Bulb (°C),Average Wind Direction (°),Min Wind Speed  (km/h),Device ID
2026-08-07T02:33:50Z,0.00,331.80,30.99,S,0.00,0.00,1018.40,75.47,1009.00,3.61,26.14,0.00,0.00,180.00,0.00,79DAAFB4
2026-08-07T02:16:42Z,0.00,331.80,30.93,S,0.00,0.00,1018.20,76.09,1008.80,3.51,26.22,0.00,0.00,180.00,0.00,79DAAFB4
2026-08-07T01:59:23Z,0.00,331.80,30.44,S,0.00,0.00,1018.00,77.54,1008.60,3.26,26.06,0.00,0.00,180.00,0.00,79DAAFB4
2026-08-07T01:42:04Z,0.00,331.80,30.13,S,0.00,0.00,1017.90,79.90,1008.50,2.89,26.27,0.00,0.00,180.00,0.00,79DAAFB4
2026-08-07T01:24:55Z,0.00,331.80,29.97,S,0.00,0.00,1018.10,82.04,1008.70,2.56,26.56,0.00,0.00,180.00,0.00,79DAAFB4
2026-08-07T01:07:47Z,0.00,331.80,29.38,S,0.00,0.00,1018.10,83.83,1008.70,2.28,26.35,0.00,0.00,180.00,0.00,79DAAFB4
2026-08-07T00:50:39Z,0.00,331.80,29.06,S,0.00,0.00,1018.10,86.20,1008.70,1.92,26.51,0.00,0.00,180.00,0.00,79DAAFB4
2026-08-07T00:33:20Z,0.00,331.80,28.72,S,0.00,0.00,1018.00,87.98,1008.60,1.65,26.53,0.00,0.00,180.00,0.00,79DAAFB4
2026-08-07T00:16:11Z,0.00,331.80,28.35,S,0.00,0.00,1017.80,88.85,1008.40,1.52,26.33,0.00,0.00,180.00,0.00,79DAAFB4
2026-08-06T23:58:58Z,0.00,331.80,28.19,S,0.00,0.00,1017.60,89.36,1008.20,1.44,26.27,0.00,0.00,180.00,0.00,79DAAFB4
2026-08-06T23:41:38Z,0.00,331.80,27.81,S,0.00,0.00,1017.30,90.98,1007.90,1.21,26.20,0.00,0.00,180.00,0.00,79DAAFB4
2026-08-06T23:24:30Z,0.00,331.80,27.56,S,0.00,0.00,1017.00,91.38,1007.60,1.15,26.03,0.00,0.00,180.00,0.00,79DAAFB4
2026-08-06T23:07:22Z,0.00,331.80,18.31,S,0.00,0.00,680.90,61.02,671.50,4.69,10.67,0.00,0.00,180.00,0.00,79DAAFB4
2026-08-06T22:50:14Z,0.00,331.80,27.55,S,0.00,0.00,1016.50,91.53,1007.10,1.13,26.04,0.00,0.00,180.00,0.00,79DAAFB4
2026-08-06T22:33:06Z,0.00,331.80,27.55,S,0.00,0.00,1016.30,91.42,1006.90,1.14,26.02,0.00,0.00,180.00,0.00,79DAAFB4
2026-08-06T22:15:58Z,0.00,331.80,27.46,S,0.00,0.00,1016.20,91.50,1006.80,1.13,25.95,0.00,0.00,180.00,0.00,79DAAFB4
2026-08-06T21:58:50Z,0.00,331.80,27.43,S,0.00,0.00,1016.30,91.34,1006.90,1.15,25.89,0.00,0.00,180.00,0.00,79DAAFB4
2026-08-06T21:41:42Z,0.00,331.80,27.52,S,0.00,0.00,1016.10,91.43,1006.70,1.14,26.00,0.00,0.00,180.00,0.00,79DAAFB4
2026-08-06T21:24:23Z,0.00,331.80,27.43,S,0.00,0.00,1016.00,91.09,1006.60,1.19,25.84,0.00,0.00,180.00,0.00,79DAAFB4
2026-08-06T21:05:48Z,0.00,331.80,27.52,S,0.00,0.00,1006.50,90.57,1006.50,1.26,25.84,0.00,0.00,180.00,0.00,79DAAFB4
2026-08-06T20:48:39Z,0.00,331.80,27.58,S,0.00,0.00,1006.50,90.74,1006.50,1.24,25.93,0.00,0.00,180.00,0.00,79DAAFB4
2026-08-06T20:31:31Z,0.00,331.80,27.56,S,0.00,0.00,1006.50,90.56,1006.50,1.26,25.87,0.00,0.00,180.00,0.00,79DAAFB4
2026-08-06T20:14:23Z,0.00,331.80,27.53,S,0.00,0.00,1006.60,90.71,1006.60,1.24,25.87,0.00,0.00,180.00,0.00,79DAAFB4
2026-08-06T19:57:15Z,0.00,331.80,27.55,S,0.00,0.00,1006.50,91.11,1006.50,1.19,25.97,0.00,0.00,180.00,0.00,79DAAFB4
2026-08-06T19:40:07Z,0.00,331.80,27.61,S,0.00,0.00,1006.30,90.83,1006.30,1.23,25.97,0.00,0.00,180.00,0.00,79DAAFB4
2026-08-06T19:22:59Z,0.00,331.80,27.58,S,0.00,0.00,1006.40,90.33,1006.40,1.30,25.85,0.00,0.00,180.00,0.00,79DAAFB4
2026-08-06T19:05:51Z,0.00,331.80,27.63,S,0.00,0.00,1006.50,90.14,1006.50,1.32,25.86,0.00,0.00,180.00,0.00,79DAAFB4
2026-08-06T18:48:32Z,0.00,331.80,27.69,S,0.00,0.00,1006.60,89.75,1006.60,1.38,25.85,0.00,0.00,180.00,0.00,79DAAFB4
2026-08-06T18:31:23Z,0.00,331.80,27.77,S,0.00,0.00,1006.80,89.43,1006.80,1.43,25.87,0.00,0.00,180.00,0.00,79DAAFB4
2026-08-06T18:14:15Z,0.00,331.80,27.74,S,0.00,0.00,1006.90,89.13,1006.90,1.47,25.78,0.00,0.00,180.00,0.00,79DAAFB4
2026-08-06T17:57:07Z,0.00,331.80,27.91,S,0.00,0.00,1007.10,89.22,1007.10,1.46,25.97,0.00,0.00,180.00,0.00,79DAAFB4
2026-08-06T17:39:48Z,0.00,331.80,27.95,S,0.00,0.00,1007.30,88.83,1007.30,1.52,25.93,0.00,0.00,180.00,0.00,79DAAFB4
2026-08-06T17:22:39Z,0.00,331.80,28.02,S,0.00,0.00,1007.40,88.98,1007.40,1.50,26.03,0.00,0.00,180.00,0.00,79DAAFB4
2026-08-06T17:05:30Z,0.00,331.80,28.06,S,0.00,0.00,1007.70,88.93,1007.70,1.50,26.06,0.00,0.00,180.00,0.00,79DAAFB4
2026-08-06T16:48:11Z,0.00,331.80,28.23,S,0.00,0.00,1007.90,88.40,1007.90,1.58,26.13,0.00,0.00,180.00,0.00,79DAAFB4
2026-08-06T16:31:03Z,0.00,331.80,28.32,S,0.00,0.00,1008.10,88.19,1008.10,1.62,26.17,0.00,0.00,180.00,0.00,79DAAFB4
2026-08-06T16:13:55Z,0.00,331.80,28.35,S,0.00,0.00,1008.10,87.96,1008.10,1.65,26.16,0.00,0.00,180.00,0.00,79DAAFB4
2026-08-06T15:56:57Z,0.00,331.80,28.37,S,0.00,0.00,1008.10,87.39,1008.10,1.73,26.07,0.00,0.00,180.00,0.00,79DAAFB4
2026-08-06T15:39:48Z,0.00,331.80,28.45,S,0.00,0.00,1008.40,87.18,1008.40,1.76,26.11,0.00,0.00,180.00,0.00,79DAAFB4
2026-08-06T15:22:39Z,0.00,331.80,28.43,S,0.00,0.00,1008.40,86.73,1008.40,1.83,26.00,0.00,0.00,180.00,0.00,79DAAFB4
2026-08-06T15:05:31Z,0.00,331.80,28.37,S,0.00,0.00,1008.20,86.44,1008.20,1.87,25.88,0.00,0.00,180.00,0.00,79DAAFB4
2026-08-06T14:48:23Z,0.00,331.80,28.34,S,0.00,0.00,1008.00,86.15,1008.00,1.91,25.80,0.00,0.00,180.00,0.00,79DAAFB4
2026-08-06T14:31:04Z,0.00,331.80,28.27,S,0.00,0.00,1008.00,85.75,1008.00,1.97,25.65,0.00,0.00,180.00,0.00,79DAAFB4
2026-08-06T14:13:55Z,0.00,331.80,28.28,S,0.00,0.00,1007.90,85.17,1007.90,2.05,25.55,0.00,0.00,180.00,0.00,79DAAFB4
2026-08-06T13:56:46Z,0.00,331.80,28.30,S,0.00,0.00,1007.90,84.81,1007.90,2.10,25.49,0.00,0.00,180.00,0.00,79DAAFB4
2026-08-06T13:39:26Z,0.00,331.80,28.30,S,0.00,0.00,1007.70,84.69,1007.70,2.12,25.47,0.00,0.00,180.00,0.00,79DAAFB4
2026-08-06T13:22:18Z,0.00,331.80,28.25,S,0.00,0.00,1007.40,85.18,1007.40,2.05,25.52,0.00,0.00,180.00,0.00,79DAAFB4
2026-08-06T13:04:59Z,0.00,331.80,28.22,S,0.00,0.00,1007.10,84.83,1007.10,2.10,25.42,0.00,0.00,180.00,0.00,79DAAFB4
2026-08-06T12:47:51Z,0.00,331.80,28.13,S,0.00,0.00,1006.90,84.51,1006.90,2.14,25.27,0.00,0.00,180.00,0.00,79DAAFB4
2026-08-06T12:30:31Z,0.00,331.80,28.11,S,0.00,0.00,1006.90,84.31,1006.90,2.17,25.21,0.00,0.00,180.00,0.00,79DAAFB4
2026-08-06T12:13:23Z,0.00,331.80,28.11,S,0.00,0.00,1006.60,83.67,1006.60,2.26,25.08,0.00,0.00,180.00,0.00,79DAAFB4
2026-08-06T11:56:14Z,0.00,331.80,28.12,S,0.00,0.00,1006.50,83.54,1006.50,2.28,25.06,0.00,0.00,180.00,0.00,79DAAFB4
2026-08-06T11:39:05Z,0.00,331.80,28.13,S,0.00,0.00,1006.70,82.28,1006.70,2.46,24.82,0.00,0.00,180.00,0.00,79DAAFB4
2026-08-06T11:21:57Z,0.00,331.80,28.24,S,0.00,0.00,1006.40,81.77,1006.40,2.54,24.82,0.00,0.00,180.00,0.00,79DAAFB4
2026-08-06T11:04:48Z,0.00,331.80,28.52,S,0.00,0.00,1006.00,79.45,1006.00,2.89,24.61,0.00,0.00,180.00,0.00,79DAAFB4
2026-08-06T10:47:40Z,0.00,331.80,28.58,S,0.00,0.00,1005.80,77.85,1005.80,3.13,24.33,0.00,0.00,180.00,0.00,79DAAFB4
2026-08-06T10:30:32Z,0.00,331.80,28.34,S,0.00,0.00,1005.60,79.23,1005.60,2.92,24.39,0.00,0.00,180.00,0.00,79DAAFB4
2026-08-06T10:13:24Z,0.00,331.80,28.02,S,0.00,0.00,1005.40,80.85,1005.40,2.67,24.42,0.00,0.00,180.00,0.00,79DAAFB4
2026-08-06T09:56:05Z,0.00,331.80,28.03,S,0.00,0.00,1005.10,82.37,1005.10,2.45,24.74,0.00,0.00,180.00,0.00,79DAAFB4
2026-08-06T09:38:57Z,0.00,331.80,27.96,S,0.00,0.00,1004.90,83.11,1004.90,2.34,24.82,0.00,0.00,180.00,0.00,79DAAFB4
2026-08-06T09:21:37Z,0.00,331.80,27.84,S,0.00,0.00,1004.90,82.92,1004.90,2.36,24.67,0.00,0.00,180.00,0.00,79DAAFB4
2026-08-06T09:04:29Z,0.00,331.80,28.06,S,0.00,0.00,1004.80,83.85,1004.80,2.23,25.07,0.00,0.00,180.00,0.00,79DAAFB4
2026-08-06T08:47:20Z,0.00,331.80,28.15,S,0.00,0.00,1005.00,85.30,1005.00,2.03,25.44,0.00,0.00,180.00,0.00,79DAAFB4
2026-08-06T08:30:11Z,0.00,331.80,27.67,S,0.00,0.00,1005.40,87.35,1005.40,1.72,25.37,0.00,0.00,180.00,0.00,79DAAFB4
2026-08-06T08:13:02Z,0.00,331.80,27.44,S,0.00,0.00,1005.50,86.41,1005.50,1.85,24.97,0.00,0.00,180.00,0.00,79DAAFB4
2026-08-06T07:55:54Z,0.00,331.80,27.18,S,0.00,0.00,1005.80,87.80,1005.80,1.65,24.98,0.00,0.00,180.00,0.00,79DAAFB4
2026-08-06T07:38:45Z,0.00,331.80,27.61,SSW,0.00,0.00,1006.00,84.49,1006.00,2.13,24.76,0.00,0.00,197.00,0.00,79DAAFB4
2026-08-06T07:21:36Z,0.00,331.80,30.01,S,0.00,0.00,1006.20,70.84,1006.20,4.27,24.13,0.00,0.00,180.00,0.00,79DAAFB4
2026-08-06T07:04:28Z,0.00,331.80,35.17,S,0.00,0.00,1005.40,60.61,1005.40,6.42,26.39,0.00,0.00,180.00,0.00,79DAAFB4
2026-08-06T06:47:20Z,0.00,331.80,34.39,S,0.00,0.00,1005.80,62.47,1005.80,6.01,26.17,0.00,0.00,180.00,0.00,79DAAFB4
2026-08-06T06:30:01Z,0.00,331.80,35.97,S,0.00,0.00,1005.90,56.63,1005.90,7.24,25.99,0.00,0.00,180.00,0.00,79DAAFB4
2026-08-06T06:12:53Z,0.00,331.80,35.42,S,0.00,0.00,1006.20,58.82,1006.20,6.77,26.12,0.00,0.00,180.00,0.00,79DAAFB4
2026-08-06T05:55:33Z,0.00,331.80,33.77,W,0.00,0.00,1006.60,63.53,1006.60,5.77,25.87,0.00,0.00,265.00,0.00,79DAAFB4
2026-08-06T05:38:14Z,0.00,331.80,32.72,S,0.00,0.00,1006.80,66.13,1006.80,5.23,25.56,0.00,0.00,180.00,0.00,79DAAFB4
2026-08-06T05:21:06Z,0.00,331.80,33.19,S,0.00,0.00,1007.10,66.77,1007.10,5.16,26.17,0.00,0.00,180.00,0.00,79DAAFB4
2026-08-06T05:03:56Z,0.00,331.80,32.15,SSW,0.00,0.00,1007.50,67.47,1007.50,4.97,25.35,0.00,0.00,203.00,0.00,79DAAFB4
2026-08-06T04:46:48Z,0.00,331.80,31.60,S,0.00,0.00,1007.80,71.23,1007.80,4.32,25.74,0.00,0.00,180.00,0.00,79DAAFB4
2026-08-06T04:29:35Z,0.00,331.80,30.86,S,0.00,0.00,1008.00,73.52,1008.00,3.91,25.57,0.00,0.00,180.00,0.00,79DAAFB4
2026-08-06T04:12:27Z,0.00,331.80,30.28,SW,0.00,0.00,1008.00,74.14,1008.00,3.78,25.15,0.00,0.00,223.00,0.00,79DAAFB4
2026-08-06T03:55:08Z,0.00,331.80,29.81,S,0.00,0.00,1008.30,74.90,1008.30,3.64,24.87,0.00,0.00,180.00,0.00,79DAAFB4
2026-08-06T03:37:49Z,0.00,331.80,28.95,S,0.00,0.00,1008.50,78.21,1008.50,3.09,24.77,0.00,0.00,180.00,0.00,79DAAFB4
2026-08-06T03:20:41Z,0.00,331.80,28.73,S,0.00,0.00,1008.70,78.89,1008.70,2.98,24.70,0.00,0.00,180.00,0.00,79DAAFB4
2026-08-06T03:03:22Z,0.00,331.80,28.67,S,0.00,0.00,1008.70,80.56,1008.70,2.73,24.99,0.00,0.00,180.00,0.00,79DAAFB4
2026-08-06T02:46:13Z,0.00,331.80,28.29,S,0.00,0.00,1008.70,81.05,1008.70,2.65,24.72,0.00,0.00,180.00,0.00,79DAAFB4
2026-08-06T02:29:04Z,0.00,331.80,28.20,S,0.00,0.00,1008.60,79.99,1008.60,2.80,24.41,0.00,0.00,180.00,0.00,79DAAFB4
2026-08-06T02:10:45Z,0.00,331.80,28.05,S,0.00,0.00,1008.90,81.28,1008.90,2.61,24.54,0.00,0.00,180.00,0.00,79DAAFB4
2026-08-06T01:53:37Z,0.00,331.80,27.86,S,0.00,0.00,1008.90,81.29,1008.90,2.60,24.35,0.00,0.00,180.00,0.00,79DAAFB4
2026-08-06T01:36:29Z,0.00,331.80,27.63,WSW,0.65,1.98,1008.80,82.51,1008.80,2.41,24.38,0.00,0.00,255.00,0.00,79DAAFB4
2026-08-06T01:19:10Z,0.00,331.80,27.99,S,0.00,0.00,1009.00,81.95,1009.00,2.51,24.61,0.00,0.00,180.00,0.00,79DAAFB4
2026-08-06T01:01:51Z,0.00,331.80,29.44,S,0.00,0.00,1008.90,86.25,1008.90,1.92,26.90,0.00,0.00,180.00,0.00,79DAAFB4
2026-08-06T00:44:43Z,0.00,331.80,29.35,S,0.00,0.00,1008.40,84.56,1008.40,2.17,26.47,0.00,0.00,180.00,0.00,79DAAFB4
2026-08-06T00:27:23Z,0.00,331.80,29.32,S,0.00,0.00,1008.20,84.42,1008.20,2.19,26.41,0.00,0.00,180.00,0.00,79DAAFB4
2026-08-06T00:10:14Z,0.00,331.80,28.87,S,0.00,0.00,1008.00,85.72,1008.00,1.99,26.23,0.00,0.00,180.00,0.00,79DAAFB4
2026-08-05T23:53:06Z,0.00,331.80,28.73,S,0.00,0.00,1007.90,85.84,1007.90,1.96,26.12,0.00,0.00,180.00,0.00,79DAAFB4
2026-08-05T23:35:57Z,0.00,331.80,28.74,S,0.00,0.00,1007.70,85.72,1007.70,1.98,26.11,0.00,0.00,180.00,0.00,79DAAFB4
2026-08-05T23:18:33Z,0.00,331.80,28.63,S,0.00,0.00,1007.40,85.67,1007.40,1.99,25.99,0.00,0.00,180.00,0.00,79DAAFB4
2026-08-05T23:01:25Z,0.00,331.80,28.46,S,0.00,0.00,1007.40,85.94,1007.40,1.94,25.87,0.00,0.00,180.00,0.00,79DAAFB4
2026-08-05T22:44:17Z,0.00,331.80,28.46,S,0.00,0.00,1007.30,85.53,1007.30,2.00,25.79,0.00,0.00,180.00,0.00,79DAAFB4
2026-08-05T22:26:58Z,0.00,331.80,28.51,S,0.00,0.00,1007.30,85.11,1007.30,2.06,25.76,0.00,0.00,180.00,0.00,79DAAFB4
2026-08-05T22:09:49Z,0.00,331.80,28.37,S,0.00,0.00,1007.40,85.16,1007.40,2.05,25.63,0.00,0.00,180.00,0.00,79DAAFB4
2026-08-05T21:52:40Z,0.00,331.80,28.39,S,0.00,0.00,1007.30,84.89,1007.30,2.09,25.60,0.00,0.00,180.00,0.00,79DAAFB4
2026-08-05T21:35:32Z,0.00,331.80,28.41,S,0.00,0.00,1007.10,84.74,1007.10,2.12,25.59,0.00,0.00,180.00,0.00,79DAAFB4
2026-08-05T21:18:23Z,0.00,331.80,28.42,S,0.00,0.00,1007.00,84.31,1007.00,2.18,25.51,0.00,0.00,180.00,0.00,79DAAFB4
2026-08-05T21:01:11Z,0.00,331.80,28.49,S,0.00,0.00,1006.90,83.84,1006.90,2.25,25.49,0.00,0.00,180.00,0.00,79DAAFB4
2026-08-05T20:44:02Z,0.00,331.80,28.48,S,0.00,0.00,1006.60,83.78,1006.60,2.26,25.46,0.00,0.00,180.00,0.00,79DAAFB4
2026-08-05T20:26:54Z,0.00,331.80,28.42,S,0.00,0.00,1006.60,84.20,1006.60,2.19,25.49,0.00,0.00,180.00,0.00,79DAAFB4
2026-08-05T20:09:46Z,0.00,331.80,28.48,S,0.00,0.00,1006.50,84.14,1006.50,2.20,25.54,0.00,0.00,180.00,0.00,79DAAFB4
2026-08-05T19:52:27Z,0.00,331.80,28.54,S,0.00,0.00,1006.60,83.93,1006.60,2.24,25.55,0.00,0.00,180.00,0.00,79DAAFB4
2026-08-05T19:35:19Z,0.00,331.80,28.48,S,0.00,0.00,1006.80,84.71,1006.80,2.12,25.65,0.00,0.00,180.00,0.00,79DAAFB4
2026-08-05T19:17:59Z,0.00,331.80,28.59,S,0.00,0.00,1007.00,84.84,1007.00,2.11,25.78,0.00,0.00,180.00,0.00,79DAAFB4
2026-08-05T19:00:51Z,0.00,331.80,28.50,S,0.00,0.00,1007.10,85.99,1007.10,1.94,25.92,0.00,0.00,180.00,0.00,79DAAFB4
2026-08-05T18:43:42Z,0.00,331.80,28.51,S,0.00,0.00,1007.20,86.56,1007.20,1.85,26.04,0.00,0.00,180.00,0.00,79DAAFB4
2026-08-05T18:26:05Z,0.00,331.80,28.56,S,0.00,0.00,1007.30,86.24,1007.30,1.90,26.03,0.00,0.00,180.00,0.00,79DAAFB4
2026-08-05T18:07:59Z,0.00,331.80,28.61,S,0.00,0.00,1007.40,86.73,1007.40,1.83,26.18,0.00,0.00,180.00,0.00,79DAAFB4
2026-08-05T17:50:51Z,0.00,331.80,28.76,S,0.00,0.00,1007.60,86.43,1007.60,1.88,26.26,0.00,0.00,180.00,0.00,79DAAFB4
2026-08-05T17:33:31Z,0.00,331.80,28.86,S,0.00,0.00,1007.70,85.81,1007.70,1.97,26.24,0.00,0.00,180.00,0.00,79DAAFB4
2026-08-05T17:16:12Z,0.00,331.80,28.81,S,0.00,0.00,1008.00,85.34,1008.00,2.04,26.10,0.00,0.00,180.00,0.00,79DAAFB4
2026-08-05T16:59:04Z,0.00,331.80,28.89,S,0.00,0.00,1008.10,85.23,1008.10,2.06,26.16,0.00,0.00,180.00,0.00,79DAAFB4
2026-08-05T16:41:54Z,0.00,331.80,28.91,S,0.00,0.00,1008.20,85.33,1008.20,2.04,26.19,0.00,0.00,180.00,0.00,79DAAFB4
2026-08-05T16:24:45Z,0.00,331.80,29.06,N,0.00,0.00,1008.50,84.93,1008.50,2.11,26.26,0.00,0.00,360.00,0.00,79DAAFB4
2026-08-05T16:07:36Z,0.00,331.80,29.16,W,0.00,0.00,1008.50,84.21,1008.50,2.21,26.22,0.00,0.00,267.00,0.00,79DAAFB4
2026-08-05T15:50:39Z,0.00,331.80,29.24,S,0.00,0.00,1008.40,83.62,1008.40,2.30,26.17,0.00,0.00,180.00,0.00,79DAAFB4
2026-08-05T15:33:20Z,0.00,331.80,29.44,S,0.00,0.00,1008.20,83.36,1008.20,2.35,26.32,0.00,0.00,180.00,0.00,79DAAFB4
2026-08-05T15:16:11Z,0.00,331.80,29.48,S,0.00,0.00,1008.20,82.88,1008.20,2.42,26.26,0.00,0.00,180.00,0.00,79DAAFB4
2026-08-05T14:59:02Z,0.00,331.80,29.68,S,0.00,0.00,1008.20,81.99,1008.20,2.56,26.27,0.00,0.00,180.00,0.00,79DAAFB4
2026-08-05T14:41:54Z,0.00,331.80,29.77,S,0.00,0.00,1008.20,81.57,1008.20,2.63,26.27,0.00,0.00,180.00,0.00,79DAAFB4
2026-08-05T14:24:43Z,0.00,331.80,29.79,S,0.00,0.00,1008.20,81.08,1008.20,2.70,26.19,0.00,0.00,180.00,0.00,79DAAFB4
2026-08-05T14:07:34Z,0.00,331.80,29.97,S,0.00,0.00,1008.00,79.72,1008.00,2.91,26.08,0.00,0.00,180.00,0.00,79DAAFB4
2026-08-05T13:50:15Z,0.00,331.80,30.03,S,0.00,0.00,1007.90,79.39,1007.90,2.96,26.06,0.00,0.00,180.00,0.00,79DAAFB4
2026-08-05T13:33:07Z,0.00,331.80,30.15,S,0.00,0.00,1007.70,78.75,1007.70,3.07,26.04,0.00,0.00,180.00,0.00,79DAAFB4
2026-08-05T13:15:59Z,0.00,331.80,30.15,S,0.00,0.00,1007.70,78.52,1007.70,3.10,25.99,0.00,0.00,180.00,0.00,79DAAFB4
2026-08-05T12:58:40Z,0.00,331.80,30.26,S,0.00,0.00,1007.60,77.74,1007.60,3.22,25.93,0.00,0.00,180.00,0.00,79DAAFB4
2026-08-05T12:41:21Z,0.00,331.80,30.40,S,0.00,0.00,1007.40,76.28,1007.40,3.45,25.75,0.00,0.00,180.00,0.00,79DAAFB4
2026-08-05T12:24:13Z,0.00,331.80,30.58,S,0.00,0.00,1007.20,74.16,1007.20,3.79,25.45,0.00,0.00,180.00,0.00,79DAAFB4
2026-08-05T12:06:53Z,0.00,331.80,30.71,S,0.00,0.00,1007.00,75.47,1007.00,3.60,25.87,0.00,0.00,180.00,0.00,79DAAFB4
2026-08-05T11:49:44Z,0.00,331.80,30.72,S,0.00,0.00,1006.80,76.13,1006.80,3.49,26.02,0.00,0.00,180.00,0.00,79DAAFB4
2026-08-05T11:32:36Z,0.00,331.80,31.00,S,0.00,0.00,1006.50,75.56,1006.50,3.60,26.17,0.00,0.00,180.00,0.00,79DAAFB4
2026-08-05T11:15:17Z,0.00,331.80,31.35,S,0.00,0.00,1006.20,74.69,1006.20,3.75,26.31,0.00,0.00,180.00,0.00,79DAAFB4
2026-08-05T10:58:09Z,0.00,331.80,31.77,SW,0.00,0.00,1006.10,72.40,1006.10,4.14,26.18,0.00,0.00,221.00,0.00,79DAAFB4
2026-08-05T10:40:59Z,0.00,331.80,32.49,S,0.00,0.00,1005.60,67.83,1005.60,4.93,25.77,0.00,0.00,180.00,0.00,79DAAFB4
2026-08-05T10:23:44Z,0.00,331.80,32.88,S,0.00,0.00,1005.40,62.49,1005.40,5.87,24.76,0.00,0.00,180.00,0.00,79DAAFB4
2026-08-05T10:06:41Z,0.00,331.80,33.23,S,0.00,0.00,1004.80,63.60,1004.80,5.71,25.38,0.00,0.00,180.00,0.00,79DAAFB4
2026-08-05T09:49:33Z,0.00,331.80,33.79,S,0.00,0.00,1004.80,61.97,1004.80,6.04,25.47,0.00,0.00,180.00,0.00,79DAAFB4
2026-08-05T09:32:25Z,0.00,331.80,34.58,S,0.00,0.00,1004.80,59.06,1004.80,6.64,25.40,0.00,0.00,180.00,0.00,79DAAFB4
2026-08-05T09:15:17Z,0.00,331.80,33.99,S,0.00,0.00,1004.50,60.87,1004.50,6.25,25.36,0.00,0.00,180.00,0.00,79DAAFB4
2026-08-05T08:58:09Z,0.00,331.80,34.79,S,0.00,0.00,1004.60,57.44,1004.60,6.96,25.13,0.00,0.00,180.00,0.00,79DAAFB4
2026-08-05T08:41:01Z,0.00,331.80,37.64,S,0.00,0.00,1004.70,50.47,1004.70,8.68,25.58,0.00,0.00,180.00,0.00,79DAAFB4
2026-08-05T08:23:42Z,0.00,331.80,38.16,S,0.00,0.00,1005.00,47.44,1005.00,9.39,25.01,0.00,0.00,180.00,0.00,79DAAFB4
2026-08-05T08:06:33Z,0.00,331.80,38.44,W,0.00,0.00,1004.90,47.48,1004.90,9.43,25.28,0.00,0.00,269.00,0.00,79DAAFB4
2026-08-05T07:49:25Z,0.00,331.80,38.19,WSW,0.00,0.00,1004.90,48.83,1004.90,9.10,25.53,0.00,0.00,241.00,0.00,79DAAFB4
2026-08-05T07:32:17Z,0.00,331.80,38.50,S,0.00,0.00,1005.00,50.00,1005.00,8.90,26.21,0.00,0.00,180.00,0.00,79DAAFB4
2026-08-05T07:14:58Z,0.00,331.80,37.71,S,0.00,0.00,1005.20,51.46,1005.20,8.48,25.97,0.00,0.00,180.00,0.00,79DAAFB4
2026-08-05T06:57:49Z,0.00,331.80,37.66,S,0.00,0.00,1005.40,51.17,1005.40,8.53,25.83,0.00,0.00,180.00,0.00,79DAAFB4
2026-08-05T06:40:40Z,0.00,331.80,36.92,S,0.00,0.00,1005.50,51.93,1005.50,8.28,25.40,0.00,0.00,180.00,0.00,79DAAFB4
2026-08-05T06:23:21Z,0.00,331.80,35.64,S,0.00,0.00,1005.70,57.45,1005.70,7.05,25.92,0.00,0.00,180.00,0.00,79DAAFB4
2026-08-05T06:06:13Z,0.00,331.80,35.93,S,0.00,0.00,1005.90,56.51,1005.90,7.26,25.91,0.00,0.00,180.00,0.00,79DAAFB4
2026-08-05T05:47:29Z,0.00,331.80,34.16,S,0.00,0.00,1006.20,60.36,1006.20,6.36,25.38,0.00,0.00,180.00,0.00,79DAAFB4
2026-08-05T05:30:21Z,0.00,331.80,33.00,SSW,0.00,0.00,1006.60,62.73,1006.60,5.84,24.93,0.00,0.00,203.00,0.00,79DAAFB4
2026-08-05T05:13:13Z,0.00,331.80,33.10,S,0.00,0.00,1006.80,64.15,1006.80,5.60,25.40,0.00,0.00,180.00,0.00,79DAAFB4
2026-08-05T04:55:54Z,0.00,331.80,33.15,NNW,0.00,0.00,1007.10,61.93,1007.10,5.99,24.86,0.00,0.00,343.00,0.00,79DAAFB4
2026-08-05T04:38:46Z,0.00,331.80,33.34,SSW,1.22,3.71,1007.40,62.35,1007.40,5.93,25.15,0.00,0.00,201.00,0.00,79DAAFB4
2026-08-05T04:21:26Z,0.00,331.80,33.46,S,0.00,0.00,1007.50,63.02,1007.50,5.83,25.44,0.00,0.00,180.00,0.00,79DAAFB4
2026-08-05T04:04:07Z,0.00,331.80,33.02,S,0.00,0.00,1007.80,64.13,1007.80,5.60,25.32,0.00,0.00,180.00,0.00,79DAAFB4
2026-08-05T03:46:59Z,0.00,331.80,32.63,S,0.00,0.00,1007.70,65.92,1007.70,5.26,25.42,0.00,0.00,180.00,0.00,79DAAFB4
2026-08-05T03:29:47Z,0.00,331.80,32.41,S,0.00,0.00,1007.90,65.82,1007.90,5.26,25.18,0.00,0.00,180.00,0.00,79DAAFB4
2026-08-05T03:12:39Z,0.00,331.80,32.03,S,0.00,0.00,1007.90,67.08,1007.90,5.02,25.14,0.00,0.00,180.00,0.00,79DAAFB4
2026-08-05T02:55:31Z,0.00,331.80,31.51,S,0.00,0.00,1007.90,69.83,1007.90,4.54,25.32,0.00,0.00,180.00,0.00,79DAAFB4
2026-08-05T02:38:12Z,0.00,331.80,31.17,NW,0.00,0.00,1008.00,71.57,1008.00,4.23,25.41,0.00,0.00,322.00,0.00,79DAAFB4
2026-08-05T02:21:03Z,0.00,331.80,30.46,S,0.00,0.00,1008.00,74.31,1008.00,3.76,25.36,0.00,0.00,180.00,0.00,79DAAFB4
2026-08-05T02:03:55Z,0.00,331.80,30.17,S,0.00,0.00,1008.10,77.00,1008.10,3.33,25.68,0.00,0.00,180.00,0.00,79DAAFB4
2026-08-05T01:46:47Z,0.00,331.80,29.90,S,0.00,0.00,1008.10,78.61,1008.10,3.08,25.77,0.00,0.00,180.00,0.00,79DAAFB4
2026-08-05T01:29:28Z,0.00,331.80,29.54,S,0.00,0.00,1008.10,82.21,1008.10,2.52,26.18,0.00,0.00,180.00,0.00,79DAAFB4
2026-08-05T01:12:19Z,0.00,331.80,29.28,S,0.00,0.00,1008.20,83.22,1008.20,2.36,26.13,0.00,0.00,180.00,0.00,79DAAFB4
2026-08-05T00:55:10Z,0.00,331.80,28.98,S,0.00,0.00,1008.20,84.63,1008.20,2.15,26.12,0.00,0.00,180.00,0.00,79DAAFB4
2026-08-05T00:37:51Z,0.00,331.80,28.81,S,0.00,0.00,1008.20,86.25,1008.20,1.91,26.28,0.00,0.00,180.00,0.00,79DAAFB4
2026-08-05T00:20:43Z,0.00,331.80,28.71,S,0.00,0.00,1007.90,86.45,1007.90,1.88,26.22,0.00,0.00,180.00,0.00,79DAAFB4
2026-08-05T00:03:35Z,0.00,331.80,28.47,S,0.00,0.00,1007.90,87.45,1007.90,1.72,26.18,0.00,0.00,180.00,0.00,79DAAFB4
2026-08-04T23:46:16Z,0.00,331.80,28.30,S,0.00,0.00,1007.90,88.35,1007.90,1.59,26.18,0.00,0.00,180.00,0.00,79DAAFB4
2026-08-04T23:28:57Z,0.00,331.80,28.24,S,0.00,0.00,1007.80,88.76,1007.80,1.53,26.20,0.00,0.00,180.00,0.00,79DAAFB4
2026-08-04T23:11:48Z,0.00,331.80,28.23,S,0.00,0.00,1007.80,88.09,1007.80,1.63,26.07,0.00,0.00,180.00,0.00,79DAAFB4
2026-08-04T22:54:40Z,0.00,331.80,28.07,S,0.00,0.00,1007.60,89.09,1007.60,1.48,26.10,0.00,0.00,180.00,0.00,79DAAFB4
2026-08-04T22:37:32Z,0.00,331.80,28.11,S,0.00,0.00,1007.60,88.68,1007.60,1.54,26.06,0.00,0.00,180.00,0.00,79DAAFB4
2026-08-04T22:18:47Z,0.00,331.80,28.22,S,0.00,0.00,1007.70,88.03,1007.70,1.64,26.04,0.00,0.00,180.00,0.00,79DAAFB4
2026-08-04T22:01:27Z,0.00,331.80,28.24,S,0.00,0.00,1007.70,87.12,1007.70,1.77,25.89,0.00,0.00,180.00,0.00,79DAAFB4
2026-08-04T21:44:29Z,0.00,331.80,28.27,S,0.00,0.00,1007.80,87.25,1007.80,1.75,25.94,0.00,0.00,180.00,0.00,79DAAFB4
2026-08-04T21:27:10Z,0.00,331.80,28.36,S,0.00,0.00,1007.70,87.26,1007.70,1.75,26.03,0.00,0.00,180.00,0.00,79DAAFB4
2026-08-04T21:10:02Z,0.00,331.80,28.56,S,0.00,0.00,1007.60,85.97,1007.60,1.94,25.98,0.00,0.00,180.00,0.00,79DAAFB4
2026-08-04T20:52:42Z,0.00,331.80,28.62,S,0.00,0.00,1007.70,84.68,1007.70,2.13,25.78,0.00,0.00,180.00,0.00,79DAAFB4
2026-08-04T20:35:33Z,0.00,331.80,28.51,S,0.00,0.00,1007.80,84.74,1007.80,2.12,25.69,0.00,0.00,180.00,0.00,79DAAFB4
2026-08-04T20:18:25Z,0.00,331.80,28.57,S,0.00,0.00,1007.80,84.52,1007.80,2.15,25.70,0.00,0.00,180.00,0.00,79DAAFB4
2026-08-04T20:01:06Z,0.00,331.80,28.59,S,0.00,0.00,1007.90,84.20,1007.90,2.20,25.66,0.00,0.00,180.00,0.00,79DAAFB4
2026-08-04T19:43:58Z,0.00,331.80,28.69,S,0.00,0.00,1008.10,83.52,1008.10,2.30,25.62,0.00,0.00,180.00,0.00,79DAAFB4
2026-08-04T19:26:50Z,0.00,331.80,28.73,S,0.00,0.00,1008.10,83.47,1008.10,2.31,25.65,0.00,0.00,180.00,0.00,79DAAFB4
2026-08-04T19:09:35Z,0.00,331.80,28.76,S,0.00,0.00,1008.10,83.55,1008.10,2.30,25.69,0.00,0.00,180.00,0.00,79DAAFB4
2026-08-04T18:52:27Z,0.00,331.80,28.84,S,0.00,0.00,1008.10,83.36,1008.10,2.33,25.73,0.00,0.00,180.00,0.00,79DAAFB4
2026-08-04T18:35:08Z,0.00,331.80,28.81,S,0.00,0.00,1008.30,82.93,1008.30,2.39,25.61,0.00,0.00,180.00,0.00,79DAAFB4
2026-08-04T18:17:59Z,0.00,331.80,28.90,S,0.00,0.00,1008.40,82.70,1008.40,2.43,25.66,0.00,0.00,180.00,0.00,79DAAFB4
2026-08-04T18:00:50Z,0.00,331.80,29.02,S,0.00,0.00,1008.40,81.49,1008.40,2.61,25.52,0.00,0.00,180.00,0.00,79DAAFB4
2026-08-04T17:43:31Z,0.00,331.80,29.07,S,0.00,0.00,1008.70,81.14,1008.70,2.66,25.50,0.00,0.00,180.00,0.00,79DAAFB4
2026-08-04T17:26:23Z,0.00,331.80,29.04,S,0.00,0.00,1009.00,81.49,1009.00,2.61,25.54,0.00,0.00,180.00,0.00,79DAAFB4
2026-08-04T17:09:15Z,0.00,331.80,28.82,S,0.00,0.00,1009.10,81.79,1009.10,2.56,25.39,0.00,0.00,180.00,0.00,79DAAFB4
2026-08-04T16:51:56Z,0.00,331.80,28.78,S,0.00,0.00,1009.20,81.67,1009.20,2.58,25.33,0.00,0.00,180.00,0.00,79DAAFB4
2026-08-04T16:34:37Z,0.00,331.80,28.80,S,0.00,0.00,1009.40,81.61,1009.40,2.59,25.33,0.00,0.00,180.00,0.00,79DAAFB4
2026-08-04T16:17:28Z,0.00,331.80,28.78,S,0.00,0.00,1009.50,81.39,1009.50,2.62,25.27,0.00,0.00,180.00,0.00,79DAAFB4
2026-08-04T16:00:50Z,0.00,331.80,28.74,S,0.00,0.00,1009.50,81.13,1009.50,2.65,25.18,0.00,0.00,180.00,0.00,79DAAFB4
2026-08-04T15:43:44Z,0.00,331.80,28.73,S,0.00,0.00,1009.50,81.24,1009.50,2.64,25.19,0.00,0.00,180.00,0.00,79DAAFB4
2026-08-04T15:25:15Z,0.00,331.80,28.69,S,0.00,0.00,1017.89,81.01,1009.70,2.67,25.10,0.00,0.00,180.00,0.00,79DAAFB4
2026-08-04T15:07:56Z,0.00,331.80,28.64,S,0.00,0.00,1017.89,81.04,1009.70,2.66,25.06,0.00,0.00,180.00,0.00,79DAAFB4
2026-08-04T14:50:48Z,0.00,331.80,28.60,S,0.00,0.00,1017.79,81.05,1009.60,2.66,25.02,0.00,0.00,180.00,0.00,79DAAFB4
2026-08-04T14:33:40Z,0.00,331.80,28.48,S,0.00,0.00,1017.69,80.96,1009.50,2.67,24.89,0.00,0.00,180.00,0.00,79DAAFB4
2026-08-04T14:16:21Z,0.00,331.80,28.72,S,0.00,0.00,1017.59,79.85,1009.40,2.84,24.89,0.00,0.00,180.00,0.00,79DAAFB4
2026-08-04T13:59:13Z,0.00,331.80,28.72,S,0.00,0.00,1017.39,79.54,1009.20,2.89,24.83,0.00,0.00,180.00,0.00,79DAAFB4
2026-08-04T13:41:53Z,0.00,331.80,28.79,S,0.00,0.00,1017.09,78.27,1008.90,3.08,24.62,0.00,0.00,180.00,0.00,79DAAFB4
2026-08-04T13:24:45Z,0.00,331.80,28.86,S,0.00,0.00,1016.69,77.25,1008.50,3.23,24.47,0.00,0.00,180.00,0.00,79DAAFB4
2026-08-04T13:07:36Z,0.00,331.80,28.92,S,0.00,0.00,1016.69,75.90,1008.50,3.44,24.24,0.00,0.00,180.00,0.00,79DAAFB4
2026-08-04T12:50:27Z,0.00,331.80,29.20,S,0.00,0.00,1016.59,73.95,1008.40,3.75,24.07,0.00,0.00,180.00,0.00,79DAAFB4
2026-08-04T12:33:19Z,0.00,331.80,29.58,WNW,0.00,0.00,1016.09,73.96,1007.90,3.77,24.44,0.00,0.00,295.00,0.00,79DAAFB4
2026-08-04T12:16:10Z,0.00,331.80,29.87,S,0.00,0.00,1015.69,71.74,1007.50,4.13,24.21,0.00,0.00,180.00,0.00,79DAAFB4
2026-08-04T11:59:02Z,0.00,331.80,30.33,S,0.00,0.00,1015.59,70.43,1007.40,4.36,24.34,0.00,0.00,180.00,0.00,79DAAFB4
2026-08-04T11:41:54Z,0.00,331.80,30.93,S,0.00,0.00,1015.39,70.18,1007.20,4.44,24.85,0.00,0.00,180.00,0.00,79DAAFB4
2026-08-04T11:24:46Z,0.00,331.80,31.97,W,2.12,3.82,1015.29,67.06,1007.10,5.02,25.08,0.00,0.00,259.00,0.00,79DAAFB4
2026-08-04T11:07:27Z,0.00,331.80,32.62,S,0.00,0.00,1014.89,62.67,1006.70,5.81,24.56,0.00,0.00,180.00,0.00,79DAAFB4
2026-08-04T10:50:19Z,0.00,331.80,33.13,SW,0.00,0.00,1014.69,62.88,1006.50,5.82,25.10,0.00,0.00,236.00,0.00,79DAAFB4
2026-08-04T10:33:03Z,0.00,331.80,34.23,S,0.00,0.00,1014.39,59.77,1006.20,6.47,25.28,0.00,0.00,180.00,0.00,79DAAFB4
2026-08-04T10:15:44Z,0.00,331.80,34.86,S,0.00,0.00,1013.59,57.96,1005.40,6.87,25.35,0.00,0.00,180.00,0.00,79DAAFB4
2026-08-04T09:58:35Z,0.00,331.80,35.80,S,0.00,0.00,1013.59,55.08,1005.40,7.52,25.36,0.00,0.00,180.00,0.00,79DAAFB4
2026-08-04T09:41:26Z,0.00,331.80,37.54,S,0.00,0.00,1013.59,50.17,1005.40,8.73,25.39,0.00,0.00,180.00,0.00,79DAAFB4
2026-08-04T09:24:18Z,0.00,331.80,37.73,S,0.00,0.00,1013.59,46.59,1005.40,9.51,24.32,0.00,0.00,180.00,0.00,79DAAFB4
2026-08-04T09:07:10Z,0.00,331.80,37.18,S,0.00,0.00,1013.49,47.44,1005.30,9.25,24.12,0.00,0.00,180.00,0.00,79DAAFB4
2026-08-04T08:49:57Z,0.00,331.80,39.46,S,0.00,0.00,1013.49,42.60,1005.30,10.70,24.38,0.00,0.00,180.00,0.00,79DAAFB4
2026-08-04T08:32:48Z,0.00,331.80,40.34,SW,0.00,0.00,1013.59,39.75,1005.40,11.55,24.01,0.00,0.00,234.00,0.00,79DAAFB4
2026-08-04T08:15:29Z,0.00,331.80,38.06,S,0.00,0.00,1013.79,45.19,1005.60,9.87,24.11,0.00,0.00,180.00,0.00,79DAAFB4
2026-08-04T07:58:21Z,0.00,331.80,37.10,SW,0.00,0.00,1013.99,48.94,1005.80,8.92,24.57,0.00,0.00,222.00,0.00,79DAAFB4
2026-08-04T07:41:13Z,0.00,331.80,37.90,S,0.00,0.00,1014.09,49.43,1005.90,8.93,25.47,0.00,0.00,180.00,0.00,79DAAFB4
2026-08-04T07:23:54Z,0.00,331.80,38.18,S,0.00,0.00,1014.09,47.06,1005.90,9.48,24.90,0.00,0.00,180.00,0.00,79DAAFB4
2026-08-04T07:06:35Z,0.00,331.80,35.35,S,0.00,0.00,1014.39,55.81,1006.20,7.33,25.17,0.00,0.00,180.00,0.00,79DAAFB4
2026-08-04T06:49:27Z,0.00,331.80,35.80,S,0.00,0.00,1014.59,53.01,1006.40,7.92,24.72,0.00,0.00,180.00,0.00,79DAAFB4
2026-08-04T06:32:07Z,0.00,331.80,35.35,S,0.00,0.00,1015.09,55.20,1006.90,7.44,24.98,0.00,0.00,180.00,0.00,79DAAFB4
2026-08-04T06:14:58Z,0.00,331.80,35.49,NNW,3.46,4.61,1015.39,53.37,1007.20,7.81,24.55,0.00,0.00,347.00,1.69,79DAAFB4
2026-08-04T05:57:50Z,0.00,331.80,36.36,S,0.00,0.00,1015.79,53.21,1007.60,7.95,25.30,0.00,0.00,180.00,0.00,79DAAFB4
2026-08-04T05:40:42Z,0.00,331.80,35.16,S,0.00,0.00,1016.09,55.52,1007.90,7.36,24.90,0.00,0.00,180.00,0.00,79DAAFB4
2026-08-04T05:23:34Z,0.20,331.80,35.00,S,0.00,0.00,1016.39,56.73,1008.20,7.11,25.12,0.00,0.00,180.00,0.00,79DAAFB4
2026-08-04T05:06:26Z,0.00,331.60,33.96,S,0.00,0.00,1016.69,60.98,1008.50,6.23,25.36,0.00,0.00,180.00,0.00,79DAAFB4
2026-08-04T04:49:18Z,0.00,331.60,33.25,S,0.00,0.00,1016.89,60.97,1008.70,6.16,24.69,0.00,0.00,180.00,0.00,79DAAFB4
2026-08-04T04:32:10Z,0.00,331.60,33.02,S,0.00,0.00,1017.19,62.71,1009.00,5.84,24.95,0.00,0.00,180.00,0.00,79DAAFB4
2026-08-04T04:14:51Z,0.00,331.60,32.69,S,0.00,0.00,1017.19,64.63,1009.00,5.48,25.14,0.00,0.00,180.00,0.00,79DAAFB4
2026-08-04T03:57:42Z,0.00,331.60,32.25,S,0.00,0.00,1017.39,66.25,1009.20,5.18,25.14,0.00,0.00,180.00,0.00,79DAAFB4
2026-08-04T03:40:34Z,0.00,331.60,31.93,SW,1.22,2.02,1017.59,65.72,1009.40,5.24,24.70,0.00,0.00,235.00,0.00,79DAAFB4
2026-08-04T03:23:26Z,0.00,331.60,32.19,S,0.00,0.00,1017.69,65.91,1009.50,5.23,25.00,0.00,0.00,180.00,0.00,79DAAFB4
2026-08-04T03:06:07Z,0.00,331.60,31.56,S,0.00,0.00,1017.69,69.40,1009.50,4.61,25.27,0.00,0.00,180.00,0.00,79DAAFB4
2026-08-04T02:48:58Z,0.00,331.60,31.05,S,0.00,0.00,1017.59,69.37,1009.40,4.58,24.77,0.00,0.00,180.00,0.00,79DAAFB4
2026-08-04T02:31:49Z,0.00,331.60,31.09,N,0.00,0.00,1017.79,70.09,1009.60,4.46,24.99,0.00,0.00,351.00,0.00,79DAAFB4
2026-08-04T02:14:41Z,0.00,331.60,30.65,S,0.00,0.00,1017.79,71.22,1009.60,4.26,24.83,0.00,0.00,180.00,0.00,79DAAFB4
2026-08-04T01:57:33Z,0.00,331.60,30.35,S,0.00,0.00,1017.79,73.31,1009.60,3.91,25.03,0.00,0.00,180.00,0.00,79DAAFB4
2026-08-04T01:40:25Z,0.00,331.60,29.99,S,0.00,0.00,1017.89,76.05,1009.70,3.47,25.30,0.00,0.00,180.00,0.00,79DAAFB4
2026-08-04T01:23:16Z,0.00,331.60,29.55,SE,0.00,0.00,1017.89,79.25,1009.70,2.96,25.57,0.00,0.00,126.00,0.00,79DAAFB4
2026-08-04T01:06:07Z,0.00,331.60,29.27,S,0.00,0.00,1017.69,82.65,1009.50,2.45,26.01,0.00,0.00,180.00,0.00,79DAAFB4
2026-08-04T00:48:48Z,0.00,331.60,28.79,S,0.00,0.00,1017.49,87.09,1009.30,1.78,26.42,0.00,0.00,180.00,0.00,79DAAFB4
2026-08-04T00:31:39Z,0.00,331.60,28.64,S,0.00,0.00,1017.39,87.71,1009.20,1.69,26.40,0.00,0.00,180.00,0.00,79DAAFB4
2026-08-04T00:14:31Z,0.00,331.60,28.25,S,0.00,0.00,1017.09,89.02,1008.90,1.49,26.26,0.00,0.00,180.00,0.00,79DAAFB4
2026-08-03T23:57:19Z,0.00,331.60,28.00,S,0.00,0.00,1016.69,89.95,1008.50,1.36,26.19,0.00,0.00,180.00,0.00,79DAAFB4
2026-08-03T23:39:58Z,0.00,331.60,27.66,S,0.00,0.00,1016.59,91.10,1008.40,1.19,26.07,0.00,0.00,180.00,0.00,79DAAFB4
2026-08-03T23:22:50Z,0.00,331.60,27.58,S,0.00,0.00,1016.49,91.68,1008.30,1.11,26.10,0.00,0.00,180.00,0.00,79DAAFB4
2026-08-03T23:05:31Z,0.00,331.60,27.54,S,0.00,0.00,1016.49,92.06,1008.30,1.05,26.13,0.00,0.00,180.00,0.00,79DAAFB4
2026-08-03T22:48:12Z,0.00,331.60,27.46,S,0.00,0.00,1016.39,92.02,1008.20,1.06,26.05,0.00,0.00,180.00,0.00,79DAAFB4
2026-08-03T22:31:04Z,0.00,331.60,27.44,S,0.00,0.00,1016.29,92.46,1008.10,0.99,26.11,0.00,0.00,180.00,0.00,79DAAFB4
2026-08-03T22:13:44Z,0.00,331.60,27.37,S,0.00,0.00,1015.99,92.17,1007.80,1.03,25.98,0.00,0.00,180.00,0.00,79DAAFB4
2026-08-03T21:56:35Z,0.00,331.60,27.40,S,0.00,0.00,1015.99,92.06,1007.80,1.05,25.99,0.00,0.00,180.00,0.00,79DAAFB4
2026-08-03T21:39:27Z,0.00,331.60,27.52,S,0.00,0.00,1015.79,91.47,1007.60,1.14,26.00,0.00,0.00,180.00,0.00,79DAAFB4
2026-08-03T21:22:08Z,0.00,331.60,27.67,S,0.00,0.00,1015.89,91.00,1007.70,1.20,26.06,0.00,0.00,180.00,0.00,79DAAFB4
2026-08-03T21:05:00Z,0.00,331.60,27.74,S,0.00,0.00,1016.19,90.34,1008.00,1.30,26.01,0.00,0.00,180.00,0.00,79DAAFB4
2026-08-03T20:47:50Z,0.00,331.60,27.69,S,0.00,0.00,1016.09,90.16,1007.90,1.32,25.93,0.00,0.00,180.00,0.00,79DAAFB4
2026-08-03T20:30:42Z,0.00,331.60,27.71,S,0.00,0.00,1016.09,90.29,1007.90,1.30,25.97,0.00,0.00,180.00,0.00,79DAAFB4
2026-08-03T20:13:34Z,0.00,331.60,27.83,S,0.00,0.00,1016.19,89.82,1008.00,1.37,26.00,0.00,0.00,180.00,0.00,79DAAFB4
2026-08-03T19:56:25Z,0.00,331.60,27.84,S,0.00,0.00,1016.29,89.83,1008.10,1.37,26.01,0.00,0.00,180.00,0.00,79DAAFB4
2026-08-03T19:39:06Z,0.00,331.60,27.83,S,0.00,0.00,1016.29,90.22,1008.10,1.32,26.08,0.00,0.00,180.00,0.00,79DAAFB4
2026-08-03T19:21:47Z,0.00,331.60,27.92,S,0.00,0.00,1016.39,88.81,1008.20,1.52,25.90,0.00,0.00,180.00,0.00,79DAAFB4
2026-08-03T19:04:39Z,0.00,331.60,27.87,S,0.00,0.00,1016.69,88.67,1008.50,1.54,25.82,0.00,0.00,180.00,0.00,79DAAFB4
2026-08-03T18:47:19Z,0.00,331.60,27.98,S,0.00,0.00,1016.99,89.26,1008.80,1.46,26.04,0.00,0.00,180.00,0.00,79DAAFB4
2026-08-03T18:30:10Z,0.00,331.60,27.93,S,0.00,0.00,1017.09,89.70,1008.90,1.39,26.08,0.00,0.00,180.00,0.00,79DAAFB4
2026-08-03T18:13:02Z,0.00,331.60,27.95,S,0.00,0.00,1017.19,89.44,1009.00,1.43,26.05,0.00,0.00,180.00,0.00,79DAAFB4
2026-08-03T17:55:41Z,0.00,331.60,28.02,S,0.00,0.00,1017.29,88.09,1009.10,1.62,25.86,0.00,0.00,180.00,0.00,79DAAFB4
2026-08-03T17:38:33Z,0.00,331.60,27.95,S,0.00,0.00,1017.39,89.17,1009.20,1.47,26.00,0.00,0.00,180.00,0.00,79DAAFB4
2026-08-03T17:21:25Z,0.00,331.60,27.93,S,0.00,0.00,1017.49,88.84,1009.30,1.51,25.91,0.00,0.00,180.00,0.00,79DAAFB4
2026-08-03T17:04:17Z,0.00,331.60,28.00,S,0.00,0.00,1017.69,89.71,1009.50,1.39,26.15,0.00,0.00,180.00,0.00,79DAAFB4
2026-08-03T16:46:58Z,0.00,331.60,27.91,S,0.00,0.00,1017.79,89.72,1009.60,1.39,26.06,0.00,0.00,180.00,0.00,79DAAFB4
2026-08-03T16:29:50Z,0.00,331.60,27.84,S,0.00,0.00,1017.89,89.38,1009.70,1.44,25.93,0.00,0.00,180.00,0.00,79DAAFB4
2026-08-03T16:12:30Z,0.00,331.60,27.90,S,0.00,0.00,1017.89,89.84,1009.70,1.37,26.07,0.00,0.00,180.00,0.00,79DAAFB4
2026-08-03T15:55:44Z,0.00,331.60,27.77,S,0.00,0.00,1017.79,89.79,1009.60,1.38,25.94,0.00,0.00,180.00,0.00,79DAAFB4
2026-08-03T15:38:24Z,0.00,331.60,27.67,S,0.00,0.00,1017.59,89.99,1009.40,1.35,25.88,0.00,0.00,180.00,0.00,79DAAFB4
2026-08-03T15:21:15Z,0.00,331.60,27.60,S,0.00,0.00,1017.29,91.31,1009.10,1.16,26.05,0.00,0.00,180.00,0.00,79DAAFB4
2026-08-03T15:04:07Z,0.00,331.60,27.59,S,0.00,0.00,1017.09,90.25,1008.90,1.31,25.85,0.00,0.00,180.00,0.00,79DAAFB4
2026-08-03T14:46:48Z,0.00,331.60,27.62,S,0.00,0.00,1016.99,92.51,1008.80,0.99,26.29,0.00,0.00,180.00,0.00,79DAAFB4
2026-08-03T14:29:40Z,0.00,331.60,27.65,S,0.00,0.00,1016.99,93.26,1008.80,0.88,26.46,0.00,0.00,180.00,0.00,79DAAFB4
2026-08-03T14:12:32Z,0.00,331.60,27.61,S,0.00,0.00,1016.79,93.69,1008.60,0.82,26.50,0.00,0.00,180.00,0.00,79DAAFB4
2026-08-03T13:55:23Z,0.00,331.60,27.55,S,0.00,0.00,1016.69,94.40,1008.50,0.72,26.57,0.00,0.00,180.00,0.00,79DAAFB4
2026-08-03T13:38:03Z,0.20,331.60,27.55,S,0.00,0.00,1016.49,94.01,1008.30,0.78,26.50,0.00,0.00,180.00,0.00,79DAAFB4
2026-08-03T13:20:44Z,0.80,331.40,27.52,S,0.00,0.00,1016.19,93.93,1008.00,0.79,26.45,0.00,0.00,180.00,0.00,79DAAFB4
2026-08-03T13:03:36Z,1.00,330.60,29.02,S,0.00,0.00,1016.29,88.18,1008.10,1.63,26.86,0.00,0.00,180.00,0.00,79DAAFB4
2026-08-03T12:46:16Z,0.00,329.60,30.45,S,0.00,0.00,1015.79,79.37,1007.60,2.98,26.47,0.00,0.00,180.00,0.00,79DAAFB4
2026-08-03T12:27:16Z,0.00,329.60,30.44,S,0.00,0.00,1015.77,75.03,1007.10,3.65,25.51,0.00,0.00,180.00,0.00,79DAAFB4
2026-08-03T12:09:56Z,0.00,329.60,30.62,S,0.00,0.00,1015.57,73.71,1006.90,3.86,25.38,0.00,0.00,180.00,0.00,79DAAFB4
2026-08-03T11:52:47Z,0.00,329.60,30.93,S,0.00,0.00,1015.37,74.83,1006.70,3.71,25.93,0.00,0.00,180.00,0.00,79DAAFB4
2026-08-03T11:35:39Z,0.00,329.60,30.98,S,0.00,0.00,1015.27,76.14,1006.60,3.51,26.28,0.00,0.00,180.00,0.00,79DAAFB4
2026-08-03T11:18:17Z,0.00,329.60,31.47,S,0.00,0.00,1015.17,73.99,1006.50,3.87,26.26,0.00,0.00,180.00,0.00,79DAAFB4
2026-08-03T11:01:07Z,0.00,329.60,32.17,S,0.00,0.00,1014.77,69.79,1006.10,4.59,25.94,0.00,0.00,180.00,0.00,79DAAFB4
2026-08-03T10:43:58Z,0.00,329.60,32.79,S,0.00,0.00,1014.47,67.93,1005.80,4.94,26.08,0.00,0.00,180.00,0.00,79DAAFB4
2026-08-03T10:26:49Z,0.00,329.60,33.56,S,0.00,0.00,1014.27,65.74,1005.60,5.37,26.25,0.00,0.00,180.00,0.00,79DAAFB4
2026-08-03T10:09:41Z,0.00,329.60,34.92,S,0.00,0.00,1014.27,67.09,1005.60,5.24,27.89,0.00,0.00,180.00,0.00,79DAAFB4
2026-08-03T09:52:33Z,0.00,329.60,36.71,NNE,0.00,0.00,1014.07,60.76,1005.40,6.54,27.88,0.00,0.00,18.00,0.00,79DAAFB4
2026-08-03T09:35:25Z,0.00,329.60,37.92,S,0.00,0.00,1013.67,49.20,1005.00,8.98,25.41,0.00,0.00,180.00,0.00,79DAAFB4
2026-08-03T09:18:17Z,0.00,329.60,39.06,S,0.00,0.00,1013.87,47.35,1005.20,9.55,25.80,0.00,0.00,180.00,0.00,79DAAFB4
2026-08-03T09:01:09Z,0.00,329.60,40.49,S,0.00,0.00,1013.97,46.16,1005.30,10.04,26.66,0.00,0.00,180.00,0.00,79DAAFB4
2026-08-03T08:43:50Z,0.00,329.60,38.85,S,0.00,0.00,1014.07,47.38,1005.40,9.51,25.62,0.00,0.00,180.00,0.00,79DAAFB4
2026-08-03T08:26:31Z,0.00,329.60,39.52,S,0.00,0.00,1014.17,44.74,1005.50,10.21,25.26,0.00,0.00,180.00,0.00,79DAAFB4
2026-08-03T08:09:23Z,0.00,329.60,40.70,S,0.00,0.00,1014.37,42.74,1005.70,10.88,25.54,0.00,0.00,180.00,0.00,79DAAFB4
2026-08-03T07:52:03Z,0.00,329.60,39.51,S,0.00,0.00,1014.57,45.22,1005.90,10.10,25.43,0.00,0.00,180.00,0.00,79DAAFB4
2026-08-03T07:33:58Z,0.00,329.60,37.47,S,0.00,0.00,1014.77,51.69,1006.10,8.40,25.83,0.00,0.00,180.00,0.00,79DAAFB4
2026-08-03T07:16:39Z,0.00,329.60,36.44,S,0.00,0.00,1014.87,54.24,1006.20,7.76,25.69,0.00,0.00,180.00,0.00,79DAAFB4
2026-08-03T06:59:20Z,0.00,329.60,38.87,S,0.00,0.00,1014.87,49.31,1006.20,9.10,26.31,0.00,0.00,180.00,0.00,79DAAFB4
2026-08-03T06:42:12Z,0.00,329.60,37.80,S,0.00,0.00,1014.97,50.49,1006.30,8.70,25.73,0.00,0.00,180.00,0.00,79DAAFB4
2026-08-03T06:24:52Z,0.00,329.60,36.55,S,0.00,0.00,1015.17,54.80,1006.50,7.66,25.97,0.00,0.00,180.00,0.00,79DAAFB4
2026-08-03T06:07:43Z,0.00,329.60,35.13,S,0.00,0.00,1015.47,57.70,1006.80,6.95,25.52,0.00,0.00,180.00,0.00,79DAAFB4
2026-08-03T05:50:35Z,0.00,329.60,33.99,S,0.00,0.00,1015.57,60.73,1006.90,6.28,25.32,0.00,0.00,180.00,0.00,79DAAFB4
2026-08-03T05:33:27Z,0.00,329.60,34.02,S,0.00,0.00,1015.87,60.39,1007.20,6.34,25.25,0.00,0.00,180.00,0.00,79DAAFB4
2026-08-03T05:16:19Z,0.00,329.60,34.48,S,0.00,0.00,1015.97,56.61,1007.30,7.08,24.60,0.00,0.00,180.00,0.00,79DAAFB4
2026-08-03T04:59:11Z,0.00,329.60,34.79,S,0.00,0.00,1016.07,59.72,1007.40,6.54,25.79,0.00,0.00,180.00,0.00,79DAAFB4
2026-08-03T04:42:03Z,0.00,329.60,34.44,S,0.00,0.00,1016.27,59.87,1007.60,6.48,25.50,0.00,0.00,180.00,0.00,79DAAFB4
2026-08-03T04:24:44Z,0.00,329.60,33.77,S,0.00,0.00,1016.47,60.33,1007.80,6.33,25.00,0.00,0.00,180.00,0.00,79DAAFB4
2026-08-03T04:07:25Z,0.00,329.60,33.34,S,0.00,0.00,1016.87,62.11,1008.20,5.97,25.09,0.00,0.00,180.00,0.00,79DAAFB4
2026-08-03T03:50:17Z,0.00,329.60,33.03,S,0.00,0.00,1016.87,64.74,1008.20,5.49,25.49,0.00,0.00,180.00,0.00,79DAAFB4
2026-08-03T03:32:57Z,0.00,329.60,32.74,S,0.00,0.00,1016.87,67.17,1008.20,5.06,25.84,0.00,0.00,180.00,0.00,79DAAFB4
2026-08-03T03:15:48Z,0.00,329.60,31.81,S,0.00,0.00,1016.97,69.00,1008.30,4.69,25.41,0.00,0.00,180.00,0.00,79DAAFB4
2026-08-03T02:58:40Z,0.00,329.60,31.02,S,0.00,0.00,1016.97,72.11,1008.30,4.14,25.40,0.00,0.00,180.00,0.00,79DAAFB4
2026-08-03T02:41:32Z,0.00,329.60,30.58,S,0.00,0.00,1016.97,72.81,1008.30,4.00,25.14,0.00,0.00,180.00,0.00,79DAAFB4
2026-08-03T02:24:24Z,0.00,329.60,30.16,S,0.00,0.00,1016.97,73.94,1008.30,3.80,24.99,0.00,0.00,180.00,0.00,79DAAFB4
2026-08-03T02:07:16Z,0.00,329.60,29.78,S,0.00,0.00,1017.07,75.61,1008.40,3.53,25.00,0.00,0.00,180.00,0.00,79DAAFB4
2026-08-03T01:50:08Z,0.00,329.60,29.85,S,0.00,0.00,1017.17,74.77,1008.50,3.66,24.88,0.00,0.00,180.00,0.00,79DAAFB4
2026-08-03T01:33:00Z,0.00,329.60,29.55,S,0.00,0.00,1017.17,75.05,1008.50,3.60,24.65,0.00,0.00,180.00,0.00,79DAAFB4
2026-08-03T01:15:41Z,0.00,329.60,29.15,S,0.00,0.00,1017.27,77.61,1008.60,3.19,24.83,0.00,0.00,180.00,0.00,79DAAFB4
2026-08-03T00:58:32Z,0.00,329.60,28.87,S,0.00,0.00,1017.17,78.17,1008.50,3.10,24.68,0.00,0.00,180.00,0.00,79DAAFB4
2026-08-03T00:41:24Z,0.00,329.60,28.62,S,0.00,0.00,1017.07,81.80,1008.40,2.55,25.20,0.00,0.00,180.00,0.00,79DAAFB4
2026-08-03T00:24:16Z,0.00,329.60,28.33,S,0.00,0.00,1016.87,82.40,1008.20,2.45,25.04,0.00,0.00,180.00,0.00,79DAAFB4
2026-08-03T00:06:57Z,0.00,329.60,28.07,S,0.00,0.00,1016.47,83.61,1007.80,2.27,25.03,0.00,0.00,180.00,0.00,79DAAFB4
2026-08-02T23:49:48Z,0.00,329.60,27.86,S,0.00,0.00,1016.27,86.66,1007.60,1.82,25.43,0.00,0.00,180.00,0.00,79DAAFB4
2026-08-02T23:32:39Z,0.00,329.60,27.68,S,0.00,0.00,1016.27,88.01,1007.60,1.63,25.51,0.00,0.00,180.00,0.00,79DAAFB4
2026-08-02T23:15:31Z,0.00,329.60,27.59,S,0.00,0.00,1016.07,88.40,1007.40,1.57,25.50,0.00,0.00,180.00,0.00,79DAAFB4
2026-08-02T22:58:23Z,0.00,329.60,27.58,S,0.00,0.00,1016.07,88.53,1007.40,1.55,25.51,0.00,0.00,180.00,0.00,79DAAFB4
2026-08-02T22:41:15Z,0.00,329.60,27.56,S,0.00,0.00,1016.07,88.18,1007.40,1.60,25.42,0.00,0.00,180.00,0.00,79DAAFB4
2026-08-02T22:22:30Z,0.00,329.60,27.60,S,0.00,0.00,1016.07,87.90,1007.40,1.64,25.41,0.00,0.00,180.00,0.00,79DAAFB4
2026-08-02T22:05:11Z,0.00,329.60,27.70,S,0.00,0.00,1015.97,87.50,1007.30,1.70,25.43,0.00,0.00,180.00,0.00,79DAAFB4
2026-08-02T21:48:03Z,0.00,329.60,27.70,S,0.00,0.00,1015.87,87.33,1007.20,1.73,25.40,0.00,0.00,180.00,0.00,79DAAFB4
2026-08-02T21:30:55Z,0.00,329.60,27.70,S,0.00,0.00,1015.97,86.62,1007.30,1.83,25.26,0.00,0.00,180.00,0.00,79DAAFB4
2026-08-02T21:13:34Z,0.00,329.60,27.79,S,0.00,0.00,1016.27,86.55,1007.60,1.84,25.34,0.00,0.00,180.00,0.00,79DAAFB4
2026-08-02T20:56:26Z,0.00,329.60,27.85,S,0.00,0.00,1016.37,86.12,1007.70,1.90,25.31,0.00,0.00,180.00,0.00,79DAAFB4
2026-08-02T20:39:07Z,0.00,329.60,27.85,S,0.00,0.00,1016.27,86.07,1007.60,1.91,25.30,0.00,0.00,180.00,0.00,79DAAFB4
2026-08-02T20:21:48Z,0.00,329.60,27.86,S,0.00,0.00,1016.47,85.19,1007.80,2.04,25.14,0.00,0.00,180.00,0.00,79DAAFB4
2026-08-02T20:04:40Z,0.00,329.60,27.91,S,0.00,0.00,1016.47,85.21,1007.80,2.03,25.19,0.00,0.00,180.00,0.00,79DAAFB4
2026-08-02T19:47:20Z,0.00,329.60,28.00,S,0.00,0.00,1016.37,85.20,1007.70,2.04,25.28,0.00,0.00,180.00,0.00,79DAAFB4
2026-08-02T19:30:11Z,0.00,329.60,28.01,S,0.00,0.00,1016.37,84.70,1007.70,2.11,25.19,0.00,0.00,180.00,0.00,79DAAFB4
2026-08-02T19:13:03Z,0.00,329.60,28.12,S,0.00,0.00,1016.47,84.10,1007.80,2.20,25.18,0.00,0.00,180.00,0.00,79DAAFB4
2026-08-02T18:55:55Z,0.00,329.60,28.25,S,0.00,0.00,1016.57,83.41,1007.90,2.30,25.16,0.00,0.00,180.00,0.00,79DAAFB4
2026-08-02T18:38:47Z,0.00,329.60,28.31,S,0.00,0.00,1016.57,82.89,1007.90,2.38,25.12,0.00,0.00,180.00,0.00,79DAAFB4
2026-08-02T18:21:39Z,0.00,329.60,28.47,S,0.00,0.00,1016.67,82.45,1008.00,2.45,25.19,0.00,0.00,180.00,0.00,79DAAFB4
2026-08-02T18:04:31Z,0.00,329.60,28.58,S,0.00,0.00,1016.77,81.80,1008.10,2.55,25.16,0.00,0.00,180.00,0.00,79DAAFB4
2026-08-02T17:47:12Z,0.00,329.60,28.79,S,0.00,0.00,1016.97,80.75,1008.30,2.71,25.15,0.00,0.00,180.00,0.00,79DAAFB4
2026-08-02T17:29:53Z,0.00,329.60,28.77,S,0.00,0.00,1017.17,79.90,1008.50,2.84,24.95,0.00,0.00,180.00,0.00,79DAAFB4
2026-08-02T17:12:45Z,0.00,329.60,28.93,S,0.00,0.00,1017.27,79.24,1008.60,2.94,24.97,0.00,0.00,180.00,0.00,79DAAFB4
2026-08-02T16:55:25Z,0.00,329.60,29.14,S,0.00,0.00,1017.47,78.93,1008.80,3.00,25.10,0.00,0.00,180.00,0.00,79DAAFB4
2026-08-02T16:38:16Z,0.00,329.60,29.31,S,0.00,0.00,1017.57,78.97,1008.90,3.00,25.28,0.00,0.00,180.00,0.00,79DAAFB4
2026-08-02T16:21:08Z,0.00,329.60,29.49,S,0.00,0.00,1017.57,78.42,1008.90,3.09,25.33,0.00,0.00,180.00,0.00,79DAAFB4
2026-08-02T16:03:49Z,0.00,329.60,29.50,S,0.00,0.00,1017.67,79.11,1009.00,2.98,25.49,0.00,0.00,180.00,0.00,79DAAFB4
2026-08-02T15:46:41Z,0.00,329.60,29.63,S,0.00,0.00,1017.77,78.79,1009.10,3.04,25.55,0.00,0.00,180.00,0.00,79DAAFB4
2026-08-02T15:29:33Z,0.00,329.60,29.71,S,0.00,0.00,1017.67,77.89,1009.00,3.18,25.43,0.00,0.00,180.00,0.00,79DAAFB4
2026-08-02T15:12:14Z,0.00,329.60,29.85,S,0.00,0.00,1017.57,77.50,1008.90,3.24,25.48,0.00,0.00,180.00,0.00,79DAAFB4
2026-08-02T14:55:06Z,0.00,329.60,29.94,S,0.00,0.00,1017.57,76.64,1008.90,3.38,25.38,0.00,0.00,180.00,0.00,79DAAFB4
2026-08-02T14:37:46Z,0.00,329.60,30.08,S,0.00,0.00,1017.67,75.76,1009.00,3.52,25.32,0.00,0.00,180.00,0.00,79DAAFB4
2026-08-02T14:20:27Z,0.00,329.60,30.19,S,0.00,0.00,1017.37,75.20,1008.70,3.61,25.30,0.00,0.00,180.00,0.00,79DAAFB4
2026-08-02T14:03:19Z,0.00,329.60,30.33,S,0.00,0.00,1017.27,75.39,1008.60,3.59,25.48,0.00,0.00,180.00,0.00,79DAAFB4
2026-08-02T13:46:08Z,0.00,329.60,30.55,S,0.00,0.00,1017.17,74.64,1008.50,3.72,25.53,0.00,0.00,180.00,0.00,79DAAFB4
2026-08-02T13:28:49Z,0.00,329.60,30.86,S,0.00,0.00,1016.67,73.88,1008.00,3.85,25.65,0.00,0.00,180.00,0.00,79DAAFB4
2026-08-02T13:11:41Z,0.00,329.60,30.75,S,0.00,0.00,1016.47,80.05,1007.80,2.89,26.90,0.00,0.00,180.00,0.00,79DAAFB4
2026-08-02T12:54:22Z,0.00,329.60,30.80,S,0.00,0.00,1016.27,79.74,1007.60,2.94,26.89,0.00,0.00,180.00,0.00,79DAAFB4
2026-08-02T12:37:13Z,0.00,329.60,30.93,S,0.00,0.00,1015.77,79.36,1007.10,3.01,26.93,0.00,0.00,180.00,0.00,79DAAFB4
2026-08-02T12:20:05Z,0.00,329.60,31.09,S,0.00,0.00,1015.47,78.90,1006.80,3.08,26.99,0.00,0.00,180.00,0.00,79DAAFB4
2026-08-02T12:02:54Z,0.00,329.60,31.22,S,0.00,0.00,1015.27,77.63,1006.60,3.29,26.84,0.00,0.00,180.00,0.00,79DAAFB4
2026-08-02T11:45:45Z,0.00,329.60,31.60,S,0.00,0.00,1014.97,76.00,1006.30,3.56,26.84,0.00,0.00,180.00,0.00,79DAAFB4
2026-08-02T11:28:36Z,0.00,329.60,32.07,S,0.00,0.00,1014.87,74.07,1006.20,3.89,26.86,0.00,0.00,180.00,0.00,79DAAFB4
2026-08-02T11:11:28Z,0.00,329.60,32.76,S,0.00,0.00,1014.47,71.98,1005.80,4.27,27.03,0.00,0.00,180.00,0.00,79DAAFB4
2026-08-02T10:54:20Z,0.00,329.60,33.88,S,0.00,0.00,1014.27,67.85,1005.60,5.03,27.09,0.00,0.00,180.00,0.00,79DAAFB4
2026-08-02T10:37:12Z,0.00,329.60,35.33,S,0.00,0.00,1014.17,54.91,1005.50,7.50,24.87,0.00,0.00,180.00,0.00,79DAAFB4
2026-08-02T10:20:04Z,0.00,329.60,36.97,SW,0.00,0.00,1013.97,50.05,1005.30,8.67,24.83,0.00,0.00,236.00,0.00,79DAAFB4
2026-08-02T10:02:56Z,0.00,329.60,37.61,S,0.00,0.00,1013.97,49.53,1005.30,8.87,25.24,0.00,0.00,180.00,0.00,79DAAFB4
2026-08-02T09:44:36Z,0.00,329.60,37.33,S,0.00,0.00,1008.59,50.49,1005.10,8.63,25.30,0.00,0.00,180.00,0.00,79DAAFB4
2026-08-02T09:27:17Z,0.00,329.60,36.14,S,0.00,0.00,1008.59,52.15,1005.10,8.13,24.76,0.00,0.00,180.00,0.00,79DAAFB4
2026-08-02T09:09:58Z,0.00,329.60,37.43,S,0.00,0.00,1008.59,49.30,1005.10,8.89,24.99,0.00,0.00,180.00,0.00,79DAAFB4
2026-08-02T08:52:50Z,0.00,329.60,39.08,S,0.00,0.00,1008.59,45.78,1005.10,9.90,25.25,0.00,0.00,180.00,0.00,79DAAFB4
2026-08-02T08:35:30Z,0.00,329.60,41.75,S,0.00,0.00,1008.59,40.80,1005.10,11.55,25.70,0.00,0.00,180.00,0.00,79DAAFB4
2026-08-02T08:18:21Z,0.00,329.60,40.56,S,0.00,0.00,1008.69,43.59,1005.20,10.65,25.75,0.00,0.00,180.00,0.00,79DAAFB4
2026-08-02T08:01:13Z,0.00,329.60,40.38,S,0.00,0.00,1008.89,43.70,1005.40,10.60,25.63,0.00,0.00,180.00,0.00,79DAAFB4
2026-08-02T07:44:05Z,0.00,329.60,38.55,S,0.00,0.00,1008.99,47.49,1005.50,9.44,25.38,0.00,0.00,180.00,0.00,79DAAFB4
2026-08-02T07:26:57Z,0.00,329.60,37.60,S,0.00,0.00,1009.29,47.91,1005.80,9.21,24.67,0.00,0.00,180.00,0.00,79DAAFB4
2026-08-02T07:09:49Z,0.00,329.60,37.20,S,0.00,0.00,1009.39,49.63,1005.90,8.79,24.90,0.00,0.00,180.00,0.00,79DAAFB4
2026-08-02T06:52:41Z,0.00,329.60,38.63,S,0.00,0.00,1009.49,46.35,1006.00,9.71,25.05,0.00,0.00,180.00,0.00,79DAAFB4
2026-08-02T06:35:22Z,0.00,329.60,37.54,S,0.00,0.00,1009.79,48.98,1006.30,8.97,24.99,0.00,0.00,180.00,0.00,79DAAFB4
2026-08-02T06:18:03Z,0.00,329.60,35.61,S,0.00,0.00,1010.09,55.08,1006.60,7.50,25.19,0.00,0.00,180.00,0.00,79DAAFB4
2026-08-02T06:00:55Z,0.00,329.60,34.83,SSW,1.30,3.96,1010.19,55.20,1006.70,7.38,24.50,0.00,0.00,205.00,0.00,79DAAFB4
2026-08-02T05:43:35Z,0.00,329.60,36.21,S,0.00,0.00,1010.19,51.92,1006.70,8.19,24.75,0.00,0.00,180.00,0.00,79DAAFB4
2026-08-02T05:26:26Z,0.00,329.60,35.70,S,0.00,0.00,1010.59,55.43,1007.10,7.44,25.38,0.00,0.00,180.00,0.00,79DAAFB4
2026-08-02T05:09:18Z,0.00,329.60,34.27,S,0.00,0.00,1010.99,57.69,1007.50,6.86,24.72,0.00,0.00,180.00,0.00,79DAAFB4
2026-08-02T04:52:10Z,0.00,329.60,34.08,S,0.00,0.00,1011.29,57.69,1007.80,6.83,24.54,0.00,0.00,180.00,0.00,79DAAFB4
2026-08-02T04:35:02Z,0.00,329.60,33.30,S,0.00,0.00,1011.59,61.50,1008.10,6.08,24.88,0.00,0.00,180.00,0.00,79DAAFB4
2026-08-02T04:17:54Z,0.00,329.60,32.43,S,0.00,0.00,1011.69,62.29,1008.20,5.86,24.28,0.00,0.00,180.00,0.00,79DAAFB4
2026-08-02T04:00:46Z,0.00,329.60,32.13,S,0.00,0.00,1011.89,64.48,1008.40,5.46,24.58,0.00,0.00,180.00,0.00,79DAAFB4
2026-08-02T03:43:27Z,0.00,329.60,31.60,S,0.00,0.00,1011.89,66.79,1008.40,5.04,24.66,0.00,0.00,180.00,0.00,79DAAFB4
2026-08-02T03:26:08Z,0.00,329.60,31.11,SSW,1.73,3.02,1011.99,66.53,1008.50,5.04,24.13,0.00,0.00,196.00,0.00,79DAAFB4
2026-08-02T03:09:00Z,0.00,329.60,30.84,S,0.00,0.00,1012.09,67.47,1008.60,4.87,24.11,0.00,0.00,180.00,0.00,79DAAFB4
2026-08-02T02:51:40Z,0.00,329.60,30.27,S,0.00,0.00,1012.19,70.88,1008.70,4.28,24.39,0.00,0.00,180.00,0.00,79DAAFB4
2026-08-02T02:34:31Z,0.00,329.60,29.84,S,0.00,0.00,1012.29,71.56,1008.80,4.15,24.14,0.00,0.00,180.00,0.00,79DAAFB4
2026-08-02T02:17:23Z,0.00,329.60,29.47,S,0.00,0.00,1012.49,73.23,1009.00,3.87,24.17,0.00,0.00,180.00,0.00,79DAAFB4
2026-08-02T02:00:14Z,0.00,329.60,29.15,S,0.00,0.00,1012.59,77.31,1009.10,3.24,24.77,0.00,0.00,180.00,0.00,79DAAFB4
2026-08-02T01:43:05Z,0.00,329.60,28.71,S,0.00,0.00,1012.69,80.66,1009.20,2.72,25.05,0.00,0.00,180.00,0.00,79DAAFB4
2026-08-02T01:25:56Z,0.00,329.60,28.18,S,0.00,0.00,1012.69,82.28,1009.20,2.47,24.87,0.00,0.00,180.00,0.00,79DAAFB4
2026-08-02T01:08:48Z,0.00,329.60,27.95,S,0.00,0.00,1012.69,83.96,1009.20,2.22,24.98,0.00,0.00,180.00,0.00,79DAAFB4
2026-08-02T00:51:40Z,0.00,329.60,27.66,S,0.00,0.00,1012.49,86.27,1009.00,1.88,25.15,0.00,0.00,180.00,0.00,79DAAFB4
2026-08-02T00:34:21Z,0.00,329.60,27.36,S,0.00,0.00,1012.29,87.67,1008.80,1.67,25.13,0.00,0.00,180.00,0.00,79DAAFB4
2026-08-02T00:17:02Z,0.00,329.60,27.04,S,0.00,0.00,1011.99,88.86,1008.50,1.50,25.04,0.00,0.00,180.00,0.00,79DAAFB4
2026-08-01T23:59:53Z,0.00,329.60,26.88,S,0.00,0.00,1011.79,89.15,1008.30,1.45,24.94,0.00,0.00,180.00,0.00,79DAAFB4
2026-08-01T23:42:44Z,0.00,329.60,26.76,S,0.00,0.00,1011.59,90.31,1008.10,1.29,25.04,0.00,0.00,180.00,0.00,79DAAFB4
2026-08-01T23:25:35Z,0.00,329.60,26.65,S,0.00,0.00,1011.39,90.38,1007.90,1.28,24.94,0.00,0.00,180.00,0.00,79DAAFB4
2026-08-01T23:08:27Z,0.00,329.60,26.59,S,0.00,0.00,1011.19,91.23,1007.70,1.16,25.04,0.00,0.00,180.00,0.00,79DAAFB4
2026-08-01T22:51:18Z,0.00,329.60,26.54,S,0.00,0.00,1010.99,91.36,1007.50,1.14,25.01,0.00,0.00,180.00,0.00,79DAAFB4
2026-08-01T22:34:05Z,0.00,329.60,26.52,S,0.00,0.00,1010.99,91.79,1007.50,1.08,25.07,0.00,0.00,180.00,0.00,79DAAFB4
2026-08-01T22:16:45Z,0.00,329.60,26.55,S,0.00,0.00,1010.99,91.95,1007.50,1.06,25.13,0.00,0.00,180.00,0.00,79DAAFB4
2026-08-01T21:59:36Z,0.00,329.60,26.50,S,0.00,0.00,1010.89,92.69,1007.40,0.95,25.22,0.00,0.00,180.00,0.00,79DAAFB4
2026-08-01T21:42:28Z,0.00,329.60,26.52,S,0.00,0.00,1010.89,93.26,1007.40,0.88,25.34,0.00,0.00,180.00,0.00,79DAAFB4
2026-08-01T21:25:09Z,0.00,329.60,26.61,S,0.00,0.00,1010.99,93.23,1007.50,0.88,25.42,0.00,0.00,180.00,0.00,79DAAFB4
2026-08-01T21:08:01Z,0.00,329.60,26.67,S,0.00,0.00,1011.09,92.93,1007.60,0.92,25.43,0.00,0.00,180.00,0.00,79DAAFB4
2026-08-01T20:50:53Z,0.00,329.60,26.68,S,0.00,0.00,1011.19,92.63,1007.70,0.96,25.38,0.00,0.00,180.00,0.00,79DAAFB4
2026-08-01T20:33:34Z,0.00,329.60,26.79,S,0.00,0.00,1011.19,92.40,1007.70,1.00,25.45,0.00,0.00,180.00,0.00,79DAAFB4
2026-08-01T20:16:26Z,0.00,329.60,26.89,S,0.00,0.00,1011.29,92.00,1007.80,1.05,25.48,0.00,0.00,180.00,0.00,79DAAFB4
2026-08-01T19:59:06Z,0.00,329.60,26.87,S,0.00,0.00,1011.49,91.81,1008.00,1.08,25.42,0.00,0.00,180.00,0.00,79DAAFB4
2026-08-01T19:41:58Z,0.00,329.60,26.89,S,0.00,0.00,1011.59,91.76,1008.10,1.09,25.43,0.00,0.00,180.00,0.00,79DAAFB4
2026-08-01T19:24:49Z,0.00,329.60,27.03,S,0.00,0.00,1011.49,91.38,1008.00,1.14,25.50,0.00,0.00,180.00,0.00,79DAAFB4
2026-08-01T19:07:40Z,0.00,329.60,27.08,S,0.00,0.00,1011.49,91.12,1008.00,1.18,25.50,0.00,0.00,180.00,0.00,79DAAFB4
2026-08-01T18:50:32Z,0.00,329.60,27.11,S,0.00,0.00,1011.69,90.57,1008.20,1.26,25.43,0.00,0.00,180.00,0.00,79DAAFB4
2026-08-01T18:33:23Z,0.00,329.60,27.25,S,0.00,0.00,1011.79,90.65,1008.30,1.25,25.58,0.00,0.00,180.00,0.00,79DAAFB4
2026-08-01T18:16:15Z,0.00,329.60,27.25,S,0.00,0.00,1011.79,90.24,1008.30,1.31,25.51,0.00,0.00,180.00,0.00,79DAAFB4
2026-08-01T17:59:07Z,0.00,329.60,27.34,S,0.00,0.00,1011.99,90.55,1008.50,1.26,25.65,0.00,0.00,180.00,0.00,79DAAFB4
2026-08-01T17:41:59Z,0.00,329.60,27.47,S,0.00,0.00,1012.19,90.43,1008.70,1.28,25.76,0.00,0.00,180.00,0.00,79DAAFB4
2026-08-01T17:24:40Z,0.00,329.60,27.53,S,0.00,0.00,1012.29,90.52,1008.80,1.27,25.84,0.00,0.00,180.00,0.00,79DAAFB4
2026-08-01T17:07:32Z,0.00,329.60,27.54,S,0.00,0.00,1012.29,90.68,1008.80,1.25,25.88,0.00,0.00,180.00,0.00,79DAAFB4
2026-08-01T16:50:12Z,0.00,329.60,27.56,S,0.00,0.00,1012.39,90.36,1008.90,1.29,25.84,0.00,0.00,180.00,0.00,79DAAFB4
2026-08-01T16:33:04Z,0.00,329.60,27.65,S,0.00,0.00,1012.49,90.13,1009.00,1.33,25.88,0.00,0.00,180.00,0.00,79DAAFB4
2026-08-01T16:15:55Z,0.00,329.60,27.62,S,0.00,0.00,1012.59,90.61,1009.10,1.26,25.94,0.00,0.00,180.00,0.00,79DAAFB4
2026-08-01T15:59:19Z,0.00,329.60,27.70,S,0.00,0.00,1012.59,90.27,1009.10,1.31,25.96,0.00,0.00,180.00,0.00,79DAAFB4
2026-08-01T15:42:11Z,0.00,329.60,27.77,S,0.00,0.00,1012.49,89.88,1009.00,1.36,25.95,0.00,0.00,180.00,0.00,79DAAFB4
2026-08-01T15:25:03Z,0.00,329.60,27.80,S,0.00,0.00,1012.39,89.43,1008.90,1.43,25.90,0.00,0.00,180.00,0.00,79DAAFB4
2026-08-01T15:07:55Z,0.00,329.60,27.79,S,0.00,0.00,1012.29,89.60,1008.80,1.40,25.92,0.00,0.00,180.00,0.00,79DAAFB4
2026-08-01T14:50:47Z,0.00,329.60,27.89,S,0.00,0.00,1012.19,89.67,1008.70,1.40,26.03,0.00,0.00,180.00,0.00,79DAAFB4
2026-08-01T14:33:39Z,0.00,329.60,27.81,S,0.00,0.00,1011.89,89.97,1008.40,1.35,26.01,0.00,0.00,180.00,0.00,79DAAFB4
2026-08-01T14:16:31Z,0.00,329.60,27.89,S,0.00,0.00,1011.69,89.94,1008.20,1.36,26.08,0.00,0.00,180.00,0.00,79DAAFB4
2026-08-01T13:59:12Z,0.00,329.60,27.90,S,0.00,0.00,1011.59,88.80,1008.10,1.52,25.88,0.00,0.00,180.00,0.00,79DAAFB4
2026-08-01T13:42:03Z,0.00,329.60,27.92,S,0.00,0.00,1011.59,88.39,1008.10,1.58,25.82,0.00,0.00,180.00,0.00,79DAAFB4
2026-08-01T13:24:55Z,0.00,329.60,27.96,S,0.00,0.00,1011.29,88.72,1007.80,1.53,25.92,0.00,0.00,180.00,0.00,79DAAFB4
2026-08-01T13:07:47Z,0.00,329.60,27.97,S,0.00,0.00,1010.99,87.63,1007.50,1.69,25.72,0.00,0.00,180.00,0.00,79DAAFB4
2026-08-01T12:50:28Z,0.00,329.60,28.03,S,0.00,0.00,1010.79,87.14,1007.30,1.76,25.69,0.00,0.00,180.00,0.00,79DAAFB4
2026-08-01T12:33:19Z,0.00,329.60,28.06,S,0.00,0.00,1010.59,88.35,1007.10,1.59,25.95,0.00,0.00,180.00,0.00,79DAAFB4
2026-08-01T12:16:10Z,0.00,329.60,28.16,S,0.00,0.00,1010.39,87.84,1006.90,1.66,25.95,0.00,0.00,180.00,0.00,79DAAFB4
2026-08-01T11:58:51Z,0.00,329.60,28.08,S,0.00,0.00,1010.09,87.92,1006.60,1.65,25.89,0.00,0.00,180.00,0.00,79DAAFB4
2026-08-01T11:41:43Z,0.00,329.60,28.03,S,0.00,0.00,1010.09,87.44,1006.60,1.72,25.74,0.00,0.00,180.00,0.00,79DAAFB4
2026-08-01T11:24:35Z,0.00,329.60,28.01,S,0.00,0.00,1009.69,86.78,1006.20,1.81,25.60,0.00,0.00,180.00,0.00,79DAAFB4
2026-08-01T11:07:16Z,0.00,329.60,28.08,S,0.00,0.00,1009.39,87.69,1005.90,1.68,25.84,0.00,0.00,180.00,0.00,79DAAFB4
2026-08-01T10:49:57Z,0.00,329.60,28.59,S,0.00,0.00,1009.49,88.65,1006.00,1.55,26.53,0.00,0.00,180.00,0.00,79DAAFB4
2026-08-01T10:32:48Z,0.00,329.60,28.91,S,0.00,0.00,1009.49,85.68,1006.00,1.99,26.26,0.00,0.00,180.00,0.00,79DAAFB4
2026-08-01T10:15:40Z,0.00,329.60,29.41,S,0.00,0.00,1009.09,85.39,1005.60,2.05,26.70,0.00,0.00,180.00,0.00,79DAAFB4
2026-08-01T09:58:32Z,0.20,329.60,30.41,S,0.00,0.00,1008.79,84.54,1005.30,2.20,27.50,0.00,0.00,180.00,0.00,79DAAFB4
2026-08-01T09:41:13Z,0.00,329.40,32.50,S,0.00,0.00,1008.89,79.19,1005.40,3.10,28.42,0.00,0.00,180.00,0.00,79DAAFB4
2026-08-01T09:24:04Z,0.00,329.40,31.62,S,0.00,0.00,1009.09,75.67,1005.60,3.61,26.79,0.00,0.00,180.00,0.00,79DAAFB4
2026-08-01T09:06:55Z,0.00,329.40,31.98,S,0.00,0.00,1008.79,72.45,1005.30,4.14,26.40,0.00,0.00,180.00,0.00,79DAAFB4
2026-08-01T08:49:36Z,0.00,329.40,35.51,S,0.00,0.00,1008.59,62.20,1005.10,6.16,27.15,0.00,0.00,180.00,0.00,79DAAFB4
2026-08-01T08:32:28Z,0.00,329.40,33.70,S,0.00,0.00,1008.59,66.35,1005.10,5.27,26.54,0.00,0.00,180.00,0.00,79DAAFB4
2026-08-01T08:15:20Z,0.00,329.40,36.16,S,0.00,0.00,1008.39,59.02,1004.90,6.81,26.87,0.00,0.00,180.00,0.00,79DAAFB4
2026-08-01T07:58:01Z,0.00,329.40,38.90,S,0.00,0.00,1008.29,48.74,1004.80,9.22,26.14,0.00,0.00,180.00,0.00,79DAAFB4
2026-08-01T07:40:42Z,0.00,329.40,36.70,S,0.00,0.00,1008.59,52.27,1005.10,8.18,25.31,0.00,0.00,180.00,0.00,79DAAFB4
2026-08-01T07:23:34Z,0.00,329.40,36.87,S,0.00,0.00,1008.79,53.05,1005.30,8.05,25.72,0.00,0.00,180.00,0.00,79DAAFB4
2026-08-01T07:06:15Z,0.00,329.40,32.91,S,0.00,0.00,1009.19,64.72,1005.70,5.49,25.37,0.00,0.00,180.00,0.00,79DAAFB4
2026-08-01T06:48:07Z,0.00,329.40,34.62,S,0.00,0.00,1009.27,58.18,1005.90,6.80,25.19,0.00,0.00,180.00,0.00,79DAAFB4
2026-08-01T06:30:59Z,0.00,329.40,38.09,S,0.00,0.00,1009.37,51.26,1006.00,8.57,26.25,0.00,0.00,180.00,0.00,79DAAFB4
2026-08-01T06:13:51Z,0.00,329.40,36.65,S,0.00,0.00,1009.67,52.58,1006.30,8.11,25.36,0.00,0.00,180.00,0.00,79DAAFB4
2026-08-01T05:56:43Z,0.00,329.40,35.13,S,0.00,0.00,1009.87,55.05,1006.50,7.45,24.73,0.00,0.00,180.00,0.00,79DAAFB4
2026-08-01T05:39:35Z,0.00,329.40,34.45,S,0.00,0.00,1010.27,58.57,1006.90,6.71,25.14,0.00,0.00,180.00,0.00,79DAAFB4
2026-08-01T05:22:27Z,0.00,329.40,34.17,S,0.00,0.00,1010.47,58.03,1007.10,6.78,24.72,0.00,0.00,180.00,0.00,79DAAFB4
2026-08-01T05:05:08Z,0.00,329.40,33.24,S,0.00,0.00,1010.97,61.66,1007.60,6.04,24.87,0.00,0.00,180.00,0.00,79DAAFB4
2026-08-01T04:47:49Z,0.00,329.40,32.42,S,0.00,0.00,1011.07,65.59,1007.70,5.30,25.14,0.00,0.00,180.00,0.00,79DAAFB4
2026-08-01T04:30:41Z,0.00,329.40,32.43,S,0.00,0.00,1011.17,64.00,1007.80,5.57,24.73,0.00,0.00,180.00,0.00,79DAAFB4
2026-08-01T04:13:21Z,0.00,329.40,31.96,S,0.00,0.00,1011.37,64.79,1008.00,5.39,24.49,0.00,0.00,180.00,0.00,79DAAFB4
2026-08-01T03:56:12Z,0.00,329.40,31.40,S,0.00,0.00,1011.57,69.98,1008.20,4.50,25.26,0.00,0.00,180.00,0.00,79DAAFB4
2026-08-01T03:39:04Z,0.00,329.40,31.42,S,0.00,0.00,1011.57,71.18,1008.20,4.31,25.56,0.00,0.00,180.00,0.00,79DAAFB4
2026-08-01T03:21:56Z,0.00,329.40,30.77,S,0.00,0.00,1011.77,72.18,1008.40,4.11,25.17,0.00,0.00,180.00,0.00,79DAAFB4
2026-08-01T03:04:48Z,0.00,329.40,30.68,S,0.00,0.00,1011.87,74.03,1008.50,3.82,25.51,0.00,0.00,180.00,0.00,79DAAFB4
2026-08-01T02:47:40Z,0.00,329.40,30.25,S,0.00,0.00,1012.07,73.88,1008.70,3.82,25.06,0.00,0.00,180.00,0.00,79DAAFB4
2026-08-01T02:30:32Z,0.00,329.40,29.88,S,0.00,0.00,1012.17,77.85,1008.80,3.19,25.59,0.00,0.00,180.00,0.00,79DAAFB4
2026-08-01T02:13:13Z,0.00,329.40,29.78,S,0.00,0.00,1012.07,77.07,1008.70,3.30,25.32,0.00,0.00,180.00,0.00,79DAAFB4
2026-08-01T01:55:54Z,0.00,329.40,28.93,S,0.00,0.00,1012.07,80.38,1008.70,2.77,25.21,0.00,0.00,180.00,0.00,79DAAFB4
2026-08-01T01:38:46Z,0.00,329.40,28.27,S,0.00,0.00,1012.07,83.45,1008.70,2.30,25.19,0.00,0.00,180.00,0.00,79DAAFB4
2026-08-01T01:21:26Z,0.00,329.40,28.06,S,0.00,0.00,1011.97,84.10,1008.60,2.20,25.12,0.00,0.00,180.00,0.00,79DAAFB4
2026-08-01T01:04:17Z,0.00,329.40,27.70,S,0.00,0.00,1011.97,85.35,1008.60,2.01,25.01,0.00,0.00,180.00,0.00,79DAAFB4
2026-08-01T00:47:09Z,0.00,329.40,27.54,S,0.00,0.00,1011.87,86.30,1008.50,1.87,25.04,0.00,0.00,180.00,0.00,79DAAFB4
2026-08-01T00:29:50Z,0.00,329.40,27.21,S,0.00,0.00,1011.67,86.82,1008.30,1.79,24.82,0.00,0.00,180.00,0.00,79DAAFB4
2026-08-01T00:12:42Z,0.00,329.40,26.95,S,0.00,0.00,1011.37,88.37,1008.00,1.56,24.86,0.00,0.00,180.00,0.00,79DAAFB4
2026-07-31T23:55:34Z,0.00,329.40,26.79,S,0.00,0.00,1011.07,90.25,1007.70,1.30,25.06,0.00,0.00,180.00,0.00,79DAAFB4
2026-07-31T23:38:15Z,0.00,329.40,26.52,S,0.00,0.00,1010.87,90.39,1007.50,1.27,24.82,0.00,0.00,180.00,0.00,79DAAFB4
2026-07-31T23:21:07Z,0.00,329.40,26.31,S,0.00,0.00,1010.77,91.45,1007.40,1.12,24.80,0.00,0.00,180.00,0.00,79DAAFB4
2026-07-31T23:03:47Z,0.00,329.40,26.18,S,0.00,0.00,1010.57,92.20,1007.20,1.02,24.81,0.00,0.00,180.00,0.00,79DAAFB4
2026-07-31T22:46:39Z,0.00,329.40,26.10,S,0.00,0.00,1010.27,91.76,1006.90,1.08,24.65,0.00,0.00,180.00,0.00,79DAAFB4
2026-07-31T22:29:30Z,0.00,329.40,26.04,S,0.00,0.00,1010.07,91.54,1006.70,1.11,24.55,0.00,0.00,180.00,0.00,79DAAFB4
2026-07-31T22:12:21Z,0.00,329.40,26.03,S,0.00,0.00,1010.07,91.99,1006.70,1.05,24.62,0.00,0.00,180.00,0.00,79DAAFB4
2026-07-31T21:55:13Z,0.00,329.40,25.97,S,0.00,0.00,1010.07,92.10,1006.70,1.03,24.59,0.00,0.00,180.00,0.00,79DAAFB4
2026-07-31T21:38:04Z,0.00,329.40,25.96,S,0.00,0.00,1010.17,92.52,1006.80,0.97,24.65,0.00,0.00,180.00,0.00,79DAAFB4
2026-07-31T21:20:56Z,0.00,329.40,25.95,S,0.00,0.00,1010.17,92.53,1006.80,0.97,24.64,0.00,0.00,180.00,0.00,79DAAFB4
2026-07-31T21:03:48Z,0.00,329.40,25.95,S,0.00,0.00,1010.37,92.11,1007.00,1.03,24.57,0.00,0.00,180.00,0.00,79DAAFB4
2026-07-31T20:46:40Z,0.00,329.40,26.05,S,0.00,0.00,1010.37,92.18,1007.00,1.02,24.68,0.00,0.00,180.00,0.00,79DAAFB4
2026-07-31T20:29:21Z,0.00,329.40,26.06,S,0.00,0.00,1010.57,92.02,1007.20,1.04,24.66,0.00,0.00,180.00,0.00,79DAAFB4
2026-07-31T20:12:13Z,0.00,329.40,26.02,S,0.00,0.00,1010.47,91.92,1007.10,1.06,24.60,0.00,0.00,180.00,0.00,79DAAFB4
2026-07-31T19:54:53Z,0.00,329.40,26.05,S,0.00,0.00,1010.57,92.05,1007.20,1.04,24.66,0.00,0.00,180.00,0.00,79DAAFB4
2026-07-31T19:37:34Z,0.00,329.40,26.10,S,0.00,0.00,1010.67,92.37,1007.30,0.99,24.76,0.00,0.00,180.00,0.00,79DAAFB4
2026-07-31T19:20:26Z,0.00,329.40,26.10,S,0.00,0.00,1010.87,92.54,1007.50,0.97,24.79,0.00,0.00,180.00,0.00,79DAAFB4
2026-07-31T19:03:17Z,0.00,329.40,26.16,S,0.00,0.00,1010.97,92.91,1007.60,0.92,24.92,0.00,0.00,180.00,0.00,79DAAFB4
2026-07-31T18:46:09Z,0.00,329.40,26.24,S,0.00,0.00,1011.07,92.81,1007.70,0.94,24.98,0.00,0.00,180.00,0.00,79DAAFB4
2026-07-31T18:29:00Z,0.00,329.40,26.26,S,0.00,0.00,1011.27,92.89,1007.90,0.92,25.02,0.00,0.00,180.00,0.00,79DAAFB4
2026-07-31T18:11:52Z,0.00,329.40,26.36,S,0.00,0.00,1011.37,92.93,1008.00,0.92,25.12,0.00,0.00,180.00,0.00,79DAAFB4
2026-07-31T17:54:44Z,0.00,329.40,26.40,S,0.00,0.00,1011.37,92.82,1008.00,0.94,25.14,0.00,0.00,180.00,0.00,79DAAFB4
2026-07-31T17:37:36Z,0.00,329.40,26.36,S,0.00,0.00,1011.47,92.99,1008.10,0.91,25.13,0.00,0.00,180.00,0.00,79DAAFB4
2026-07-31T17:20:17Z,0.00,329.40,26.40,S,0.00,0.00,1011.57,92.18,1008.20,1.02,25.03,0.00,0.00,180.00,0.00,79DAAFB4
2026-07-31T17:03:09Z,0.00,329.40,26.38,S,0.00,0.00,1011.67,92.57,1008.30,0.97,25.08,0.00,0.00,180.00,0.00,79DAAFB4
2026-07-31T16:45:49Z,0.00,329.40,26.37,S,0.00,0.00,1011.87,92.80,1008.50,0.94,25.11,0.00,0.00,180.00,0.00,79DAAFB4
2026-07-31T16:28:41Z,0.00,329.40,26.47,S,0.00,0.00,1011.97,93.15,1008.60,0.89,25.27,0.00,0.00,180.00,0.00,79DAAFB4
2026-07-31T16:11:32Z,0.00,329.40,26.49,S,0.00,0.00,1011.97,93.05,1008.60,0.90,25.27,0.00,0.00,180.00,0.00,79DAAFB4
2026-07-31T15:54:23Z,0.00,329.40,26.37,S,0.00,0.00,1012.17,93.59,1008.80,0.83,25.25,0.00,0.00,180.00,0.00,79DAAFB4
2026-07-31T15:37:15Z,0.00,329.40,26.38,S,0.00,0.00,1012.47,94.52,1009.10,0.70,25.43,0.00,0.00,180.00,0.00,79DAAFB4
2026-07-31T15:20:07Z,0.00,329.40,26.32,S,0.00,0.00,1012.47,94.44,1009.10,0.71,25.35,0.00,0.00,180.00,0.00,79DAAFB4
2026-07-31T15:02:48Z,0.00,329.40,26.32,S,0.00,0.00,1012.47,94.89,1009.10,0.65,25.43,0.00,0.00,180.00,0.00,79DAAFB4
2026-07-31T14:45:39Z,0.00,329.40,26.37,S,0.00,0.00,1012.27,94.58,1008.90,0.69,25.43,0.00,0.00,180.00,0.00,79DAAFB4
2026-07-31T14:28:30Z,0.00,329.40,26.44,S,0.00,0.00,1012.17,94.17,1008.80,0.75,25.42,0.00,0.00,180.00,0.00,79DAAFB4
2026-07-31T14:11:21Z,0.00,329.40,26.43,S,0.00,0.00,1012.07,92.81,1008.70,0.94,25.17,0.00,0.00,180.00,0.00,79DAAFB4
2026-07-31T13:54:13Z,0.00,329.40,26.42,S,0.00,0.00,1011.77,93.78,1008.40,0.80,25.33,0.00,0.00,180.00,0.00,79DAAFB4
2026-07-31T13:37:05Z,0.00,329.40,26.38,S,0.00,0.00,1011.57,94.45,1008.20,0.71,25.41,0.00,0.00,180.00,0.00,79DAAFB4
2026-07-31T13:19:57Z,0.00,329.40,26.43,S,0.00,0.00,1011.37,95.34,1008.00,0.59,25.62,0.00,0.00,180.00,0.00,79DAAFB4
2026-07-31T13:02:38Z,0.00,329.40,26.35,S,0.00,0.00,1011.17,95.49,1007.80,0.57,25.57,0.00,0.00,180.00,0.00,79DAAFB4
2026-07-31T12:45:29Z,0.00,329.40,26.27,S,0.00,0.00,1010.87,96.33,1007.50,0.45,25.64,0.00,0.00,180.00,0.00,79DAAFB4
2026-07-31T12:28:21Z,0.00,329.40,26.22,S,0.00,0.00,1010.67,96.38,1007.30,0.44,25.60,0.00,0.00,180.00,0.00,79DAAFB4
2026-07-31T12:11:13Z,0.00,329.40,26.07,S,0.00,0.00,1010.27,96.65,1006.90,0.41,25.49,0.00,0.00,180.00,0.00,79DAAFB4
2026-07-31T11:53:54Z,0.00,329.40,25.99,S,0.00,0.00,1009.97,96.51,1006.60,0.43,25.39,0.00,0.00,180.00,0.00,79DAAFB4
2026-07-31T11:36:45Z,0.00,329.40,26.03,S,0.00,0.00,1009.67,97.00,1006.30,0.36,25.52,0.00,0.00,180.00,0.00,79DAAFB4
2026-07-31T11:19:36Z,0.00,329.40,25.84,S,0.00,0.00,1009.77,96.67,1006.40,0.40,25.27,0.00,0.00,180.00,0.00,79DAAFB4
2026-07-31T11:02:17Z,0.00,329.40,25.92,S,0.00,0.00,1009.67,97.14,1006.30,0.34,25.43,0.00,0.00,180.00,0.00,79DAAFB4
2026-07-31T10:45:09Z,0.00,329.40,25.77,S,0.00,0.00,1009.37,97.23,1006.00,0.33,25.30,0.00,0.00,180.00,0.00,79DAAFB4
2026-07-31T10:28:01Z,0.00,329.40,25.64,S,0.00,0.00,1009.47,96.95,1006.10,0.37,25.12,0.00,0.00,180.00,0.00,79DAAFB4
2026-07-31T10:10:42Z,0.00,329.40,25.93,S,0.00,0.00,1009.27,97.05,1005.90,0.35,25.42,0.00,0.00,180.00,0.00,79DAAFB4
2026-07-31T09:53:23Z,0.00,329.40,25.76,S,0.00,0.00,1009.17,96.52,1005.80,0.42,25.16,0.00,0.00,180.00,0.00,79DAAFB4
2026-07-31T09:36:14Z,4.00,329.40,25.84,S,1.51,2.45,1009.27,96.17,1005.90,0.47,25.18,0.00,0.00,190.00,0.00,79DAAFB4
2026-07-31T09:19:06Z,0.40,325.40,27.75,NW,0.00,0.00,1009.37,90.43,1006.00,1.29,26.04,0.00,0.00,323.00,0.00,79DAAFB4
2026-07-31T09:01:58Z,0.00,325.00,28.47,S,0.00,0.00,1008.67,89.07,1005.30,1.49,26.49,0.00,0.00,180.00,0.00,79DAAFB4
2026-07-31T08:44:39Z,0.20,325.00,28.73,S,0.00,0.00,1008.67,89.67,1005.30,1.41,26.86,0.00,0.00,180.00,0.00,79DAAFB4
2026-07-31T08:27:30Z,0.40,324.80,28.82,S,0.00,0.00,1008.87,90.10,1005.50,1.35,27.03,0.00,0.00,180.00,0.00,79DAAFB4
2026-07-31T08:10:21Z,0.20,324.40,28.55,S,0.00,0.00,1008.87,87.38,1005.50,1.74,26.24,0.00,0.00,180.00,0.00,79DAAFB4
2026-07-31T07:53:02Z,0.00,324.20,29.64,S,0.00,0.00,1008.97,78.62,1005.60,3.06,25.52,0.00,0.00,180.00,0.00,79DAAFB4
2026-07-31T07:35:54Z,0.00,324.20,31.24,S,0.00,0.00,1008.77,79.40,1005.40,3.01,27.24,0.00,0.00,180.00,0.00,79DAAFB4
2026-07-31T07:18:46Z,0.20,324.20,31.46,S,0.00,0.00,1009.17,75.72,1005.80,3.60,26.65,0.00,0.00,180.00,0.00,79DAAFB4
2026-07-31T07:01:27Z,0.00,324.00,31.36,S,0.00,0.00,1009.27,73.60,1005.90,3.92,26.07,0.00,0.00,180.00,0.00,79DAAFB4
2026-07-31T06:44:08Z,0.00,324.00,32.69,S,0.00,0.00,1009.37,65.19,1006.00,5.39,25.29,0.00,0.00,180.00,0.00,79DAAFB4
2026-07-31T06:27:00Z,0.00,324.00,31.90,SSW,0.00,0.00,1009.57,68.05,1006.20,4.85,25.26,0.00,0.00,195.00,0.00,79DAAFB4
2026-07-31T06:09:40Z,0.00,324.00,34.12,S,0.00,0.00,1009.67,60.06,1006.30,6.41,25.25,0.00,0.00,180.00,0.00,79DAAFB4
2026-07-31T05:52:31Z,0.00,324.00,33.93,S,0.00,0.00,1009.97,59.52,1006.60,6.49,24.93,0.00,0.00,180.00,0.00,79DAAFB4
2026-07-31T05:35:23Z,0.00,324.00,34.68,S,0.00,0.00,1010.27,56.76,1006.90,7.07,24.83,0.00,0.00,180.00,0.00,79DAAFB4
2026-07-31T05:18:04Z,0.00,324.00,34.47,S,0.00,0.00,1010.37,59.61,1007.00,6.53,25.46,0.00,0.00,180.00,0.00,79DAAFB4
2026-07-31T05:00:56Z,0.00,324.00,33.49,S,0.00,0.00,1010.77,62.11,1007.40,5.99,25.23,0.00,0.00,180.00,0.00,79DAAFB4
2026-07-31T04:43:48Z,0.00,324.00,32.59,SSW,0.00,0.00,1011.07,64.44,1007.70,5.51,25.00,0.00,0.00,206.00,0.00,79DAAFB4
2026-07-31T04:26:29Z,0.00,324.00,32.02,S,0.00,0.00,1011.27,66.42,1007.90,5.13,24.97,0.00,0.00,180.00,0.00,79DAAFB4
2026-07-31T04:08:45Z,0.00,324.00,31.69,S,0.00,0.00,1011.77,68.30,1008.40,4.80,25.12,0.00,0.00,180.00,0.00,79DAAFB4
2026-07-31T03:45:01Z,0.00,324.00,31.16,S,0.00,0.00,1014.16,70.21,1008.50,4.45,25.08,0.00,0.00,180.00,0.00,79DAAFB4
2026-07-31T03:27:53Z,0.00,324.00,30.60,S,0.00,0.00,1014.26,71.22,1008.60,4.25,24.79,0.00,0.00,180.00,0.00,79DAAFB4
2026-07-31T03:10:34Z,0.00,324.00,29.98,S,0.00,0.00,1014.46,74.88,1008.80,3.65,25.03,0.00,0.00,180.00,0.00,79DAAFB4
2026-07-31T02:53:15Z,0.00,324.00,29.74,S,0.00,0.00,1014.66,74.92,1009.00,3.63,24.81,0.00,0.00,180.00,0.00,79DAAFB4
2026-07-31T02:36:07Z,0.00,324.00,29.12,S,0.00,0.00,1014.76,77.33,1009.10,3.23,24.74,0.00,0.00,180.00,0.00,79DAAFB4
2026-07-31T02:18:47Z,0.00,324.00,28.32,S,0.00,0.00,1014.46,79.32,1008.80,2.90,24.39,0.00,0.00,180.00,0.00,79DAAFB4
2026-07-31T02:01:38Z,0.00,324.00,28.46,S,0.00,0.00,1014.66,78.64,1009.00,3.01,24.38,0.00,0.00,180.00,0.00,79DAAFB4
2026-07-31T01:44:30Z,0.00,324.00,28.30,S,0.00,0.00,1014.66,79.66,1009.00,2.85,24.44,0.00,0.00,180.00,0.00,79DAAFB4
2026-07-31T01:27:22Z,0.00,324.00,28.32,S,0.83,2.52,1014.36,79.46,1008.70,2.88,24.42,0.00,0.00,190.00,0.00,79DAAFB4
2026-07-31T01:10:14Z,0.00,324.00,28.07,S,0.00,0.00,1014.26,80.34,1008.60,2.74,24.36,0.00,0.00,180.00,0.00,79DAAFB4
2026-07-31T00:53:06Z,0.00,324.00,27.30,WNW,0.00,0.00,1014.16,82.49,1008.50,2.41,24.05,0.00,0.00,293.00,0.00,79DAAFB4
2026-07-31T00:35:57Z,0.00,324.00,27.17,S,0.00,0.00,1013.86,82.98,1008.20,2.33,24.02,0.00,0.00,180.00,0.00,79DAAFB4
2026-07-31T00:18:49Z,0.00,324.00,27.00,S,0.00,0.00,1013.66,84.00,1008.00,2.18,24.06,0.00,0.00,180.00,0.00,79DAAFB4
2026-07-31T00:01:30Z,0.00,324.00,26.82,S,0.00,0.00,1013.56,85.17,1007.90,2.01,24.12,0.00,0.00,180.00,0.00,79DAAFB4
2026-07-30T23:44:11Z,0.00,324.00,26.80,S,0.00,0.00,1013.56,86.32,1007.90,1.85,24.32,0.00,0.00,180.00,0.00,79DAAFB4
2026-07-30T23:27:03Z,0.00,324.00,26.54,S,0.00,0.00,1013.26,87.34,1007.60,1.70,24.26,0.00,0.00,180.00,0.00,79DAAFB4
2026-07-30T23:09:43Z,0.00,324.00,26.40,S,0.00,0.00,1013.16,87.83,1007.50,1.63,24.22,0.00,0.00,180.00,0.00,79DAAFB4
2026-07-30T22:52:34Z,0.00,324.00,26.27,S,0.00,0.00,1012.86,88.54,1007.20,1.53,24.22,0.00,0.00,180.00,0.00,79DAAFB4
2026-07-30T22:35:26Z,0.00,324.00,26.24,S,0.00,0.00,1012.76,88.91,1007.10,1.48,24.26,0.00,0.00,180.00,0.00,79DAAFB4
2026-07-30T22:18:07Z,0.00,324.00,26.24,S,0.00,0.00,1012.76,89.19,1007.10,1.44,24.32,0.00,0.00,180.00,0.00,79DAAFB4
2026-07-30T22:00:59Z,0.00,324.00,26.26,S,0.00,0.00,1012.66,89.32,1007.00,1.42,24.36,0.00,0.00,180.00,0.00,79DAAFB4
2026-07-30T21:43:51Z,0.00,324.00,26.27,S,0.00,0.00,1012.76,89.38,1007.10,1.41,24.38,0.00,0.00,180.00,0.00,79DAAFB4
2026-07-30T21:26:32Z,0.00,324.00,26.25,S,0.00,0.00,1012.66,89.09,1007.00,1.45,24.31,0.00,0.00,180.00,0.00,79DAAFB4
2026-07-30T21:09:24Z,0.00,324.00,26.26,S,0.00,0.00,1012.56,89.05,1006.90,1.46,24.31,0.00,0.00,180.00,0.00,79DAAFB4
2026-07-30T20:52:04Z,0.00,324.00,26.28,S,0.00,0.00,1012.66,89.02,1007.00,1.46,24.32,0.00,0.00,180.00,0.00,79DAAFB4
2026-07-30T20:34:56Z,0.00,324.00,26.41,S,0.00,0.00,1012.76,88.39,1007.10,1.55,24.33,0.00,0.00,180.00,0.00,79DAAFB4
2026-07-30T20:17:47Z,0.00,324.00,26.44,S,0.00,0.00,1012.66,88.33,1007.00,1.56,24.35,0.00,0.00,180.00,0.00,79DAAFB4
2026-07-30T20:00:38Z,0.00,324.00,26.39,S,0.00,0.00,1012.86,88.33,1007.20,1.56,24.30,0.00,0.00,180.00,0.00,79DAAFB4
2026-07-30T19:43:30Z,0.00,324.00,26.45,S,0.00,0.00,1012.66,88.03,1007.00,1.60,24.30,0.00,0.00,180.00,0.00,79DAAFB4
2026-07-30T19:26:21Z,0.00,324.00,26.57,S,0.00,0.00,1012.66,87.53,1007.00,1.67,24.33,0.00,0.00,180.00,0.00,79DAAFB4
2026-07-30T19:09:13Z,0.00,324.00,26.59,S,0.00,0.00,1012.66,86.92,1007.00,1.76,24.23,0.00,0.00,180.00,0.00,79DAAFB4
2026-07-30T18:52:05Z,0.00,324.00,26.66,S,0.00,0.00,1012.76,86.49,1007.10,1.82,24.22,0.00,0.00,180.00,0.00,79DAAFB4
2026-07-30T18:34:57Z,0.00,324.00,26.73,S,0.00,0.00,1012.96,85.74,1007.30,1.93,24.14,0.00,0.00,180.00,0.00,79DAAFB4
2026-07-30T18:17:38Z,0.00,324.00,26.88,S,0.00,0.00,1013.16,85.12,1007.50,2.02,24.16,0.00,0.00,180.00,0.00,79DAAFB4
2026-07-30T18:00:30Z,0.00,324.00,27.02,S,0.00,0.00,1013.36,84.36,1007.70,2.13,24.15,0.00,0.00,180.00,0.00,79DAAFB4
2026-07-30T17:43:10Z,0.00,324.00,27.12,S,0.00,0.00,1013.46,83.58,1007.80,2.24,24.09,0.00,0.00,180.00,0.00,79DAAFB4
2026-07-30T17:25:51Z,0.00,324.00,27.26,S,0.00,0.00,1013.56,83.08,1007.90,2.32,24.13,0.00,0.00,180.00,0.00,79DAAFB4
2026-07-30T17:08:43Z,0.00,324.00,27.54,S,0.00,0.00,1013.76,83.01,1008.10,2.34,24.39,0.00,0.00,180.00,0.00,79DAAFB4
2026-07-30T16:51:34Z,0.00,324.00,27.72,S,0.00,0.00,1013.86,82.76,1008.20,2.38,24.52,0.00,0.00,180.00,0.00,79DAAFB4
2026-07-30T16:34:26Z,0.00,324.00,27.96,S,0.00,0.00,1014.06,81.73,1008.40,2.54,24.54,0.00,0.00,180.00,0.00,79DAAFB4
2026-07-30T16:17:17Z,0.00,324.00,28.22,S,0.00,0.00,1014.16,81.26,1008.50,2.62,24.70,0.00,0.00,180.00,0.00,79DAAFB4
2026-07-30T16:00:09Z,0.00,324.00,28.35,NW,0.00,0.00,1014.16,80.21,1008.50,2.77,24.61,0.00,0.00,323.00,0.00,79DAAFB4
2026-07-30T15:43:01Z,0.00,324.00,28.54,S,0.00,0.00,1014.26,79.21,1008.60,2.93,24.58,0.00,0.00,180.00,0.00,79DAAFB4
2026-07-30T15:25:53Z,0.00,324.00,28.72,S,0.00,0.00,1014.16,79.10,1008.50,2.95,24.73,0.00,0.00,180.00,0.00,79DAAFB4
2026-07-30T15:08:33Z,0.00,324.00,28.96,S,0.00,0.00,1014.16,78.20,1008.50,3.10,24.77,0.00,0.00,180.00,0.00,79DAAFB4
2026-07-30T14:51:25Z,0.00,324.00,29.01,S,0.00,0.00,1014.16,77.52,1008.50,3.20,24.68,0.00,0.00,180.00,0.00,79DAAFB4
2026-07-30T14:34:06Z,0.00,324.00,29.17,S,0.00,0.00,1014.16,77.05,1008.50,3.28,24.73,0.00,0.00,180.00,0.00,79DAAFB4
2026-07-30T14:16:47Z,0.00,324.00,29.30,S,0.00,0.00,1013.36,76.71,1007.70,3.33,24.78,0.00,0.00,180.00,0.00,79DAAFB4
2026-07-30T13:59:38Z,0.00,324.00,29.45,S,0.00,0.00,1013.16,75.65,1007.50,3.50,24.69,0.00,0.00,180.00,0.00,79DAAFB4
2026-07-30T13:42:30Z,0.00,324.00,29.59,S,0.00,0.00,1012.66,74.63,1007.00,3.66,24.60,0.00,0.00,180.00,0.00,79DAAFB4
2026-07-30T13:25:22Z,0.00,324.00,29.77,S,0.00,0.00,1012.56,74.30,1006.90,3.73,24.70,0.00,0.00,180.00,0.00,79DAAFB4
2026-07-30T13:08:03Z,0.00,324.00,29.80,S,0.00,0.00,1012.26,73.80,1006.60,3.80,24.61,0.00,0.00,180.00,0.00,79DAAFB4
2026-07-30T12:50:54Z,0.00,324.00,29.98,S,0.00,0.00,1011.96,74.15,1006.30,3.76,24.87,0.00,0.00,180.00,0.00,79DAAFB4
2026-07-30T12:33:45Z,0.00,324.00,30.01,S,0.00,0.00,1011.76,74.86,1006.10,3.65,25.06,0.00,0.00,180.00,0.00,79DAAFB4
2026-07-30T12:16:26Z,0.00,324.00,30.02,S,0.00,0.00,1011.36,75.79,1005.70,3.51,25.27,0.00,0.00,180.00,0.00,79DAAFB4
2026-07-30T11:59:18Z,0.00,324.00,29.94,S,0.00,0.00,1011.06,78.87,1005.40,3.04,25.87,0.00,0.00,180.00,0.00,79DAAFB4
2026-07-30T11:42:10Z,0.00,324.00,30.09,S,0.00,0.00,1010.86,78.54,1005.20,3.10,25.94,0.00,0.00,180.00,0.00,79DAAFB4
2026-07-30T11:24:51Z,0.00,324.00,30.21,S,0.00,0.00,1010.76,77.87,1005.10,3.20,25.91,0.00,0.00,180.00,0.00,79DAAFB4
2026-07-30T11:07:32Z,0.00,324.00,30.54,S,0.00,0.00,1010.36,75.81,1004.70,3.53,25.78,0.00,0.00,180.00,0.00,79DAAFB4
2026-07-30T10:50:24Z,0.00,324.00,30.77,S,0.00,0.00,1009.96,73.69,1004.30,3.88,25.52,0.00,0.00,180.00,0.00,79DAAFB4
2026-07-30T10:33:04Z,0.00,324.00,31.48,S,0.00,0.00,1009.76,72.85,1004.10,4.05,26.01,0.00,0.00,180.00,0.00,79DAAFB4
2026-07-30T10:15:55Z,0.00,324.00,32.30,S,0.00,0.00,1009.46,67.46,1003.80,4.98,25.49,0.00,0.00,180.00,0.00,79DAAFB4
2026-07-30T09:58:47Z,0.00,324.00,33.46,S,0.00,0.00,1009.26,61.42,1003.60,6.11,25.01,0.00,0.00,180.00,0.00,79DAAFB4
2026-07-30T09:41:36Z,0.00,324.00,33.65,S,0.00,0.00,1009.16,62.91,1003.50,5.86,25.59,0.00,0.00,180.00,0.00,79DAAFB4
2026-07-30T09:21:24Z,0.00,324.00,32.66,SSW,0.00,0.00,1004.70,64.93,1003.50,5.43,25.19,0.00,0.00,198.00,0.00,79DAAFB4
2026-07-30T09:04:05Z,0.00,324.00,33.21,S,0.00,0.00,1005.00,64.65,1003.80,5.52,25.64,0.00,0.00,180.00,0.00,79DAAFB4
2026-07-30T08:46:56Z,0.00,324.00,33.94,S,0.00,0.00,1005.00,62.24,1003.80,6.01,25.69,0.00,0.00,180.00,0.00,79DAAFB4
2026-07-30T08:29:48Z,0.00,324.00,34.77,S,0.00,0.00,1004.90,58.85,1003.70,6.70,25.52,0.00,0.00,180.00,0.00,79DAAFB4
2026-07-30T08:12:40Z,0.00,324.00,35.84,S,0.00,0.00,1005.10,56.57,1003.90,7.24,25.85,0.00,0.00,180.00,0.00,79DAAFB4
2026-07-30T07:55:21Z,0.00,324.00,35.36,S,0.00,0.00,1005.30,56.85,1004.10,7.13,25.49,0.00,0.00,180.00,0.00,79DAAFB4
2026-07-30T07:38:13Z,0.00,324.00,34.74,S,0.00,0.00,1005.40,58.54,1004.20,6.75,25.40,0.00,0.00,180.00,0.00,79DAAFB4
2026-07-30T07:21:05Z,0.00,324.00,35.48,S,0.00,0.00,1005.60,56.63,1004.40,7.19,25.53,0.00,0.00,180.00,0.00,79DAAFB4
2026-07-30T07:03:56Z,0.00,324.00,37.25,S,0.00,0.00,1005.80,50.86,1004.60,8.54,25.35,0.00,0.00,180.00,0.00,79DAAFB4
2026-07-30T06:46:48Z,0.00,324.00,36.10,S,0.00,0.00,1005.90,55.17,1004.70,7.54,25.67,0.00,0.00,180.00,0.00,79DAAFB4
2026-07-30T06:29:40Z,0.00,324.00,34.63,SSW,0.00,0.00,1006.30,58.00,1005.10,6.84,25.14,0.00,0.00,201.00,0.00,79DAAFB4
2026-07-30T06:12:21Z,0.00,324.00,34.46,S,0.00,0.00,1006.50,58.64,1005.30,6.70,25.17,0.00,0.00,180.00,0.00,79DAAFB4
2026-07-30T05:55:02Z,0.00,324.00,35.35,S,0.00,0.00,1006.60,57.02,1005.40,7.10,25.53,0.00,0.00,180.00,0.00,79DAAFB4
2026-07-30T05:37:53Z,0.00,324.00,33.33,S,0.00,0.00,1006.80,64.68,1005.60,5.53,25.76,0.00,0.00,180.00,0.00,79DAAFB4
2026-07-30T05:20:45Z,0.00,324.00,31.70,S,0.00,0.00,1007.20,68.38,1006.00,4.78,25.15,0.00,0.00,180.00,0.00,79DAAFB4
2026-07-30T05:03:37Z,0.00,324.00,31.94,S,0.00,0.00,1007.40,70.67,1006.20,4.43,25.94,0.00,0.00,180.00,0.00,79DAAFB4
2026-07-30T04:46:18Z,0.00,324.00,30.93,S,0.00,0.00,1007.70,75.14,1006.50,3.66,26.00,0.00,0.00,180.00,0.00,79DAAFB4
2026-07-30T04:29:09Z,0.00,324.00,30.46,S,0.00,0.00,1008.00,74.58,1006.80,3.72,25.43,0.00,0.00,180.00,0.00,79DAAFB4
2026-07-30T04:12:00Z,0.00,324.00,29.62,S,0.00,0.00,1008.40,78.06,1007.20,3.15,25.38,0.00,0.00,180.00,0.00,79DAAFB4
2026-07-30T03:54:41Z,0.00,324.00,29.40,S,0.00,0.00,1008.50,83.51,1007.30,2.32,26.31,0.00,0.00,180.00,0.00,79DAAFB4
2026-07-30T03:37:33Z,0.00,324.00,29.97,S,0.00,0.00,1008.50,75.57,1007.30,3.54,25.18,0.00,0.00,180.00,0.00,79DAAFB4
2026-07-30T03:20:25Z,0.00,324.00,30.33,S,0.00,0.00,1008.50,72.29,1007.30,4.07,24.78,0.00,0.00,180.00,0.00,79DAAFB4
2026-07-30T03:03:06Z,0.00,324.00,29.60,S,0.00,0.00,1008.60,76.73,1007.40,3.35,25.07,0.00,0.00,180.00,0.00,79DAAFB4
2026-07-30T02:45:47Z,0.00,324.00,29.13,S,0.00,0.00,1008.80,78.73,1007.60,3.02,25.05,0.00,0.00,180.00,0.00,79DAAFB4
2026-07-30T02:28:39Z,0.00,324.00,29.11,S,0.00,0.00,1008.80,80.19,1007.60,2.81,25.34,0.00,0.00,180.00,0.00,79DAAFB4
2026-07-30T02:11:19Z,0.00,324.00,28.78,S,0.00,0.00,1008.70,80.77,1007.50,2.71,25.14,0.00,0.00,180.00,0.00,79DAAFB4
2026-07-30T01:54:10Z,0.00,324.00,28.73,S,0.00,0.00,1008.50,81.63,1007.30,2.58,25.27,0.00,0.00,180.00,0.00,79DAAFB4
2026-07-30T01:37:02Z,0.00,324.00,28.42,S,0.00,0.00,1008.40,83.36,1007.20,2.32,25.32,0.00,0.00,180.00,0.00,79DAAFB4
2026-07-30T01:19:43Z,0.00,324.00,27.79,S,0.00,0.00,1008.20,84.78,1007.00,2.09,24.99,0.00,0.00,180.00,0.00,79DAAFB4
2026-07-30T01:02:35Z,0.00,324.00,27.55,SSW,3.06,3.71,1008.10,85.60,1006.90,1.97,24.92,0.00,0.00,206.00,2.41,79DAAFB4
2026-07-30T00:45:27Z,0.00,324.00,27.38,S,0.00,0.00,1008.00,87.39,1006.80,1.71,25.10,0.00,0.00,180.00,0.00,79DAAFB4
2026-07-30T00:28:08Z,0.00,324.00,26.99,S,0.00,0.00,1007.90,89.57,1006.70,1.40,25.13,0.00,0.00,180.00,0.00,79DAAFB4
2026-07-30T00:11:00Z,0.00,324.00,26.93,S,0.00,0.00,1007.90,90.36,1006.70,1.28,25.21,0.00,0.00,180.00,0.00,79DAAFB4
2026-07-29T23:53:40Z,0.00,324.00,26.58,S,0.00,0.00,1007.80,91.30,1006.60,1.15,25.04,0.00,0.00,180.00,0.00,79DAAFB4
2026-07-29T23:36:21Z,0.00,324.00,26.53,S,0.00,0.00,1007.70,92.54,1006.50,0.98,25.22,0.00,0.00,180.00,0.00,79DAAFB4
2026-07-29T23:19:13Z,0.00,324.00,26.30,S,0.00,0.00,1007.60,92.83,1006.40,0.93,25.04,0.00,0.00,180.00,0.00,79DAAFB4
2026-07-29T23:01:53Z,0.00,324.00,26.31,S,0.00,0.00,1007.30,93.63,1006.10,0.82,25.20,0.00,0.00,180.00,0.00,79DAAFB4
2026-07-29T22:44:44Z,0.00,324.00,26.21,S,0.00,0.00,1007.10,93.66,1005.90,0.82,25.10,0.00,0.00,180.00,0.00,79DAAFB4
2026-07-29T22:27:35Z,0.00,324.00,26.17,S,0.00,0.00,1007.10,94.10,1005.90,0.76,25.14,0.00,0.00,180.00,0.00,79DAAFB4
2026-07-29T22:10:26Z,0.00,324.00,26.10,S,0.00,0.00,1006.90,93.98,1005.70,0.77,25.05,0.00,0.00,180.00,0.00,79DAAFB4
2026-07-29T21:53:17Z,0.00,324.00,26.21,S,0.00,0.00,1007.10,94.33,1005.90,0.73,25.22,0.00,0.00,180.00,0.00,79DAAFB4
2026-07-29T21:35:58Z,0.00,324.00,26.17,S,0.00,0.00,1007.10,93.91,1005.90,0.78,25.11,0.00,0.00,180.00,0.00,79DAAFB4
2026-07-29T21:18:50Z,0.00,324.00,26.13,S,0.00,0.00,1007.00,93.59,1005.80,0.83,25.01,0.00,0.00,180.00,0.00,79DAAFB4
2026-07-29T21:01:42Z,0.00,324.00,26.12,S,0.00,0.00,1007.10,94.25,1005.90,0.74,25.12,0.00,0.00,180.00,0.00,79DAAFB4
2026-07-29T20:44:23Z,0.00,324.00,26.17,S,0.00,0.00,1007.10,94.07,1005.90,0.76,25.14,0.00,0.00,180.00,0.00,79DAAFB4
2026-07-29T20:27:04Z,0.00,324.00,26.21,S,0.00,0.00,1007.00,93.92,1005.80,0.78,25.15,0.00,0.00,180.00,0.00,79DAAFB4
2026-07-29T20:09:56Z,0.00,324.00,26.24,S,0.00,0.00,1007.10,94.10,1005.90,0.76,25.21,0.00,0.00,180.00,0.00,79DAAFB4
2026-07-29T19:52:36Z,0.00,324.00,26.13,S,0.00,0.00,1007.10,94.32,1005.90,0.73,25.14,0.00,0.00,180.00,0.00,79DAAFB4
2026-07-29T19:35:27Z,0.00,324.00,26.10,S,0.00,0.00,1007.30,93.18,1006.10,0.88,24.91,0.00,0.00,180.00,0.00,79DAAFB4
2026-07-29T19:18:19Z,0.00,324.00,26.10,S,0.00,0.00,1007.40,94.63,1006.20,0.68,25.17,0.00,0.00,180.00,0.00,79DAAFB4
2026-07-29T19:01:00Z,0.00,324.00,26.07,S,0.00,0.00,1007.60,94.74,1006.40,0.67,25.16,0.00,0.00,180.00,0.00,79DAAFB4
2026-07-29T18:43:51Z,0.00,324.00,26.04,S,0.00,0.00,1007.70,94.04,1006.50,0.76,25.00,0.00,0.00,180.00,0.00,79DAAFB4
2026-07-29T18:26:43Z,0.00,324.00,26.09,S,0.00,0.00,1007.80,93.64,1006.60,0.82,24.98,0.00,0.00,180.00,0.00,79DAAFB4
2026-07-29T18:09:35Z,0.00,324.00,25.99,S,0.00,0.00,1008.10,93.49,1006.90,0.84,24.86,0.00,0.00,180.00,0.00,79DAAFB4
2026-07-29T17:52:27Z,0.00,324.00,26.08,S,0.00,0.00,1008.30,93.76,1007.10,0.80,24.99,0.00,0.00,180.00,0.00,79DAAFB4
2026-07-29T17:35:08Z,0.00,324.00,26.00,S,0.00,0.00,1008.50,93.90,1007.30,0.78,24.94,0.00,0.00,180.00,0.00,79DAAFB4
2026-07-29T17:17:49Z,0.00,324.00,25.92,S,0.00,0.00,1008.80,93.34,1007.60,0.86,24.76,0.00,0.00,180.00,0.00,79DAAFB4
2026-07-29T17:00:41Z,0.00,324.00,25.88,S,0.00,0.00,1009.10,93.43,1007.90,0.85,24.74,0.00,0.00,180.00,0.00,79DAAFB4
2026-07-29T16:43:21Z,0.00,324.00,25.89,S,0.00,0.00,1009.20,93.48,1008.00,0.84,24.76,0.00,0.00,180.00,0.00,79DAAFB4
2026-07-29T16:26:12Z,0.00,324.00,25.90,S,0.00,0.00,1009.20,92.28,1008.00,1.01,24.55,0.00,0.00,180.00,0.00,79DAAFB4
2026-07-29T16:09:04Z,0.00,324.00,25.89,S,0.00,0.00,1009.30,93.41,1008.10,0.85,24.74,0.00,0.00,180.00,0.00,79DAAFB4
2026-07-29T15:51:56Z,0.00,324.00,25.76,S,0.00,0.00,1009.40,93.65,1008.20,0.82,24.66,0.00,0.00,180.00,0.00,79DAAFB4
2026-07-29T15:34:48Z,0.00,324.00,25.81,S,0.00,0.00,1009.30,92.59,1008.10,0.96,24.52,0.00,0.00,180.00,0.00,79DAAFB4
2026-07-29T15:17:40Z,0.00,324.00,25.75,S,0.00,0.00,1009.10,93.29,1007.90,0.87,24.58,0.00,0.00,180.00,0.00,79DAAFB4
2026-07-29T15:00:32Z,0.00,324.00,25.73,S,0.00,0.00,1009.00,93.10,1007.80,0.89,24.53,0.00,0.00,180.00,0.00,79DAAFB4
2026-07-29T14:43:24Z,0.00,324.00,25.60,S,0.00,0.00,1008.80,94.19,1007.60,0.74,24.59,0.00,0.00,180.00,0.00,79DAAFB4
2026-07-29T14:26:05Z,0.20,324.00,25.55,S,0.00,0.00,1008.50,94.95,1007.30,0.64,24.68,0.00,0.00,180.00,0.00,79DAAFB4
2026-07-29T14:08:56Z,0.00,323.80,25.62,S,0.00,0.00,1008.40,95.74,1007.20,0.53,24.89,0.00,0.00,180.00,0.00,79DAAFB4
2026-07-29T13:51:48Z,0.20,323.80,25.45,S,0.00,0.00,1008.10,96.07,1006.90,0.48,24.78,0.00,0.00,180.00,0.00,79DAAFB4
2026-07-29T13:34:40Z,0.00,323.60,25.29,S,0.00,0.00,1007.90,96.28,1006.70,0.46,24.65,0.00,0.00,180.00,0.00,79DAAFB4
2026-07-29T13:17:21Z,0.20,323.60,25.26,S,0.00,0.00,1007.90,96.54,1006.70,0.42,24.67,0.00,0.00,180.00,0.00,79DAAFB4
2026-07-29T13:00:12Z,3.60,323.40,25.12,S,0.00,0.00,1008.00,95.60,1006.80,0.55,24.37,0.00,0.00,180.00,0.00,79DAAFB4
2026-07-29T12:43:03Z,1.00,319.80,25.83,S,0.00,0.00,1007.80,92.51,1006.60,0.97,24.52,0.00,0.00,180.00,0.00,79DAAFB4
2026-07-29T12:25:44Z,0.00,318.80,26.14,S,0.00,0.00,1007.60,89.57,1006.40,1.38,24.29,0.00,0.00,180.00,0.00,79DAAFB4
2026-07-29T12:08:36Z,0.00,318.80,26.64,S,0.00,0.00,1007.30,88.80,1006.10,1.50,24.64,0.00,0.00,180.00,0.00,79DAAFB4
2026-07-29T11:51:28Z,0.00,318.80,27.24,S,0.00,0.00,1007.00,89.21,1005.80,1.45,25.30,0.00,0.00,180.00,0.00,79DAAFB4
2026-07-29T11:34:09Z,0.00,318.80,27.44,S,0.00,0.00,1006.90,88.47,1005.70,1.56,25.36,0.00,0.00,180.00,0.00,79DAAFB4
2026-07-29T11:16:50Z,0.00,318.80,27.83,S,0.00,0.00,1006.70,87.74,1005.50,1.67,25.61,0.00,0.00,180.00,0.00,79DAAFB4
2026-07-29T10:59:41Z,0.00,318.80,28.10,SSE,0.79,2.45,1006.40,85.07,1005.20,2.06,25.35,0.00,0.00,158.00,0.00,79DAAFB4
2026-07-29T10:42:33Z,0.00,318.80,28.37,S,0.00,0.00,1006.20,83.32,1005.00,2.32,25.26,0.00,0.00,180.00,0.00,79DAAFB4
2026-07-29T10:25:25Z,0.00,318.80,28.49,S,0.00,0.00,1005.80,82.29,1004.60,2.47,25.17,0.00,0.00,180.00,0.00,79DAAFB4
2026-07-29T10:08:06Z,0.00,318.80,28.70,WSW,0.00,0.00,1005.70,80.82,1004.50,2.70,25.07,0.00,0.00,251.00,0.00,79DAAFB4
2026-07-29T09:50:57Z,0.00,318.80,29.15,S,0.00,0.00,1005.40,79.09,1004.20,2.97,25.15,0.00,0.00,180.00,0.00,79DAAFB4
2026-07-29T09:33:49Z,0.00,318.80,29.58,S,0.00,0.00,1005.20,77.62,1004.00,3.21,25.25,0.00,0.00,180.00,0.00,79DAAFB4
2026-07-29T09:16:41Z,0.00,318.80,29.92,S,0.00,0.00,1004.90,76.02,1003.70,3.47,25.23,0.00,0.00,180.00,0.00,79DAAFB4
2026-07-29T08:59:33Z,0.00,318.80,30.51,S,0.00,0.00,1004.90,75.14,1003.70,3.64,25.60,0.00,0.00,180.00,0.00,79DAAFB4
2026-07-29T08:42:25Z,0.00,318.80,31.95,S,0.00,0.00,1004.60,67.48,1003.40,4.95,25.17,0.00,0.00,180.00,0.00,79DAAFB4
2026-07-29T08:25:06Z,0.00,318.80,33.88,S,0.00,0.00,1004.60,63.01,1003.40,5.87,25.84,0.00,0.00,180.00,0.00,79DAAFB4
2026-07-29T08:07:47Z,0.00,318.80,32.64,S,0.00,0.00,1004.80,62.75,1003.60,5.80,24.60,0.00,0.00,180.00,0.00,79DAAFB4
2026-07-29T07:50:38Z,0.00,318.80,32.78,S,0.00,0.00,1005.00,60.64,1003.80,6.18,24.16,0.00,0.00,180.00,0.00,79DAAFB4
2026-07-29T07:33:30Z,0.00,318.80,34.28,S,0.00,0.00,1004.90,57.44,1003.70,6.90,24.66,0.00,0.00,180.00,0.00,79DAAFB4
2026-07-29T07:16:22Z,0.00,318.80,33.04,S,0.00,0.00,1005.30,63.98,1004.10,5.62,25.30,0.00,0.00,180.00,0.00,79DAAFB4
2026-07-29T06:59:03Z,0.00,318.80,33.41,S,0.00,0.00,1005.80,59.12,1004.60,6.51,24.33,0.00,0.00,180.00,0.00,79DAAFB4
2026-07-29T06:40:50Z,0.00,318.80,33.48,S,0.00,0.00,1008.37,60.20,1005.00,6.32,24.69,0.00,0.00,180.00,0.00,79DAAFB4
2026-07-29T06:23:30Z,0.00,318.80,34.03,S,0.00,0.00,1008.67,59.79,1005.30,6.45,25.09,0.00,0.00,180.00,0.00,79DAAFB4
2026-07-29T06:06:22Z,0.00,318.80,32.78,S,0.00,0.00,1008.77,63.48,1005.40,5.69,24.93,0.00,0.00,180.00,0.00,79DAAFB4
2026-07-29T05:49:13Z,0.00,318.80,33.62,S,0.00,0.00,1008.77,62.58,1005.40,5.92,25.48,0.00,0.00,180.00,0.00,79DAAFB4
2026-07-29T05:32:04Z,0.00,318.80,33.71,S,0.00,0.00,1008.87,61.77,1005.50,6.07,25.34,0.00,0.00,180.00,0.00,79DAAFB4
2026-07-29T05:14:56Z,0.00,318.80,31.83,S,0.00,0.00,1009.27,67.32,1005.90,4.97,25.01,0.00,0.00,180.00,0.00,79DAAFB4
2026-07-29T04:57:47Z,0.00,318.80,31.54,S,0.00,0.00,1009.47,67.70,1006.10,4.88,24.83,0.00,0.00,180.00,0.00,79DAAFB4
2026-07-29T04:40:39Z,0.00,318.80,31.41,SSW,0.00,0.00,1009.77,69.18,1006.40,4.63,25.07,0.00,0.00,192.00,0.00,79DAAFB4
2026-07-29T04:23:31Z,0.00,318.80,30.80,S,0.00,0.00,1009.87,71.90,1006.50,4.16,25.14,0.00,0.00,180.00,0.00,79DAAFB4
2026-07-29T04:06:23Z,0.00,318.80,30.66,S,0.00,0.00,1010.27,73.31,1006.90,3.93,25.33,0.00,0.00,180.00,0.00,79DAAFB4
2026-07-29T03:49:03Z,0.00,318.80,30.28,S,0.00,0.00,1010.47,74.39,1007.10,3.74,25.21,0.00,0.00,180.00,0.00,79DAAFB4
2026-07-29T03:31:55Z,0.00,318.80,30.64,S,0.00,0.00,1010.57,72.46,1007.20,4.06,25.11,0.00,0.00,180.00,0.00,79DAAFB4
2026-07-29T03:14:47Z,0.00,318.80,30.41,S,0.00,0.00,1010.77,74.25,1007.40,3.77,25.30,0.00,0.00,180.00,0.00,79DAAFB4
2026-07-29T02:57:28Z,0.00,318.80,30.42,S,0.00,0.00,1010.77,72.22,1007.40,4.08,24.85,0.00,0.00,180.00,0.00,79DAAFB4
2026-07-29T02:40:19Z,0.00,318.80,30.25,S,0.00,0.00,1010.77,75.34,1007.40,3.59,25.39,0.00,0.00,180.00,0.00,79DAAFB4
2026-07-29T02:23:11Z,0.00,318.80,29.26,S,0.00,0.00,1010.87,78.87,1007.50,3.01,25.21,0.00,0.00,180.00,0.00,79DAAFB4
2026-07-29T02:06:03Z,0.00,318.80,28.79,S,0.00,0.00,1011.17,80.64,1007.80,2.73,25.12,0.00,0.00,180.00,0.00,79DAAFB4
2026-07-29T01:48:44Z,0.00,318.80,28.48,S,0.00,0.00,1011.07,81.69,1007.70,2.56,25.04,0.00,0.00,180.00,0.00,79DAAFB4
2026-07-29T01:31:35Z,0.00,318.80,28.42,S,0.00,0.00,1011.07,82.51,1007.70,2.44,25.15,0.00,0.00,180.00,0.00,79DAAFB4
2026-07-29T01:14:26Z,0.00,318.80,28.03,S,0.00,0.00,1010.87,83.35,1007.50,2.31,24.94,0.00,0.00,180.00,0.00,79DAAFB4
2026-07-29T00:57:07Z,0.00,318.80,27.66,S,0.00,0.00,1010.77,84.35,1007.40,2.15,24.78,0.00,0.00,180.00,0.00,79DAAFB4
2026-07-29T00:39:59Z,0.00,318.80,27.49,S,0.00,0.00,1010.57,86.13,1007.20,1.89,24.96,0.00,0.00,180.00,0.00,79DAAFB4
2026-07-29T00:22:51Z,0.00,318.80,27.09,S,0.00,0.00,1010.37,87.77,1007.00,1.65,24.88,0.00,0.00,180.00,0.00,79DAAFB4
2026-07-29T00:05:32Z,0.00,318.80,26.86,S,0.00,0.00,1009.97,90.11,1006.60,1.32,25.10,0.00,0.00,180.00,0.00,79DAAFB4
2026-07-28T23:48:13Z,0.00,318.80,26.60,S,0.00,0.00,1009.77,91.52,1006.40,1.12,25.10,0.00,0.00,180.00,0.00,79DAAFB4
2026-07-28T23:31:04Z,0.00,318.80,26.54,S,0.00,0.00,1009.77,91.74,1006.40,1.09,25.08,0.00,0.00,180.00,0.00,79DAAFB4
2026-07-28T23:13:56Z,0.00,318.80,26.45,S,0.00,0.00,1009.57,92.27,1006.20,1.01,25.09,0.00,0.00,180.00,0.00,79DAAFB4
2026-07-28T22:56:48Z,0.00,318.80,26.31,S,0.00,0.00,1009.47,92.34,1006.10,1.00,24.97,0.00,0.00,180.00,0.00,79DAAFB4
2026-07-28T22:39:29Z,0.00,318.80,26.40,S,0.00,0.00,1009.37,92.51,1006.00,0.98,25.09,0.00,0.00,180.00,0.00,79DAAFB4
2026-07-28T22:22:20Z,0.00,318.80,26.40,S,0.00,0.00,1009.17,92.09,1005.80,1.04,25.01,0.00,0.00,180.00,0.00,79DAAFB4
2026-07-28T22:05:11Z,0.00,318.80,26.38,S,0.00,0.00,1009.27,92.29,1005.90,1.01,25.03,0.00,0.00,180.00,0.00,79DAAFB4
2026-07-28T21:47:52Z,0.00,318.80,26.53,S,0.00,0.00,1009.17,92.51,1005.80,0.98,25.21,0.00,0.00,180.00,0.00,79DAAFB4
2026-07-28T21:30:44Z,0.00,318.80,26.52,S,0.00,0.00,1009.27,92.47,1005.90,0.98,25.20,0.00,0.00,180.00,0.00,79DAAFB4
2026-07-28T21:13:36Z,0.00,318.80,26.52,S,0.00,0.00,1009.07,92.76,1005.70,0.94,25.25,0.00,0.00,180.00,0.00,79DAAFB4
2026-07-28T20:56:17Z,0.00,318.80,26.40,S,0.00,0.00,1008.87,92.74,1005.50,0.95,25.13,0.00,0.00,180.00,0.00,79DAAFB4
2026-07-28T20:38:58Z,0.00,318.80,26.45,S,0.00,0.00,1008.77,92.69,1005.40,0.95,25.17,0.00,0.00,180.00,0.00,79DAAFB4
2026-07-28T20:21:50Z,0.00,318.80,26.46,S,0.00,0.00,1008.97,92.50,1005.60,0.98,25.14,0.00,0.00,180.00,0.00,79DAAFB4
2026-07-28T20:04:30Z,0.00,318.80,26.38,S,0.00,0.00,1009.07,92.46,1005.70,0.98,25.06,0.00,0.00,180.00,0.00,79DAAFB4
2026-07-28T19:47:21Z,0.00,318.80,26.46,S,0.00,0.00,1009.27,92.47,1005.90,0.98,25.14,0.00,0.00,180.00,0.00,79DAAFB4
2026-07-28T19:30:13Z,0.00,318.80,26.50,S,0.00,0.00,1009.37,92.41,1006.00,0.99,25.17,0.00,0.00,180.00,0.00,79DAAFB4
2026-07-28T19:12:54Z,0.00,318.80,26.51,S,0.00,0.00,1009.67,92.14,1006.30,1.03,25.13,0.00,0.00,180.00,0.00,79DAAFB4
2026-07-28T18:55:46Z,0.00,318.80,26.54,S,0.00,0.00,1009.87,91.95,1006.50,1.06,25.12,0.00,0.00,180.00,0.00,79DAAFB4
2026-07-28T18:38:38Z,0.00,318.80,26.58,S,0.00,0.00,1010.27,91.73,1006.90,1.09,25.12,0.00,0.00,180.00,0.00,79DAAFB4
2026-07-28T18:21:19Z,0.00,318.80,26.58,S,0.00,0.00,1010.57,91.63,1007.20,1.10,25.10,0.00,0.00,180.00,0.00,79DAAFB4
2026-07-28T18:04:11Z,0.00,318.80,26.56,SW,0.00,0.00,1010.77,91.04,1007.40,1.18,24.97,0.00,0.00,225.00,0.00,79DAAFB4
2026-07-28T17:46:51Z,0.00,318.80,26.56,S,0.00,0.00,1011.07,90.39,1007.70,1.27,24.85,0.00,0.00,180.00,0.00,79DAAFB4
2026-07-28T17:29:43Z,0.00,318.80,26.69,S,0.00,0.00,1011.37,91.10,1008.00,1.18,25.11,0.00,0.00,180.00,0.00,79DAAFB4
2026-07-28T17:12:34Z,0.00,318.80,26.92,S,0.00,0.00,1011.57,89.77,1008.20,1.37,25.09,0.00,0.00,180.00,0.00,79DAAFB4
2026-07-28T16:55:25Z,0.00,318.80,27.06,S,0.00,0.00,1011.67,88.10,1008.30,1.60,24.92,0.00,0.00,180.00,0.00,79DAAFB4
2026-07-28T16:38:17Z,0.00,318.80,27.01,S,0.00,0.00,1011.97,88.09,1008.60,1.60,24.87,0.00,0.00,180.00,0.00,79DAAFB4
2026-07-28T16:21:08Z,0.00,318.80,27.06,S,0.00,0.00,1012.07,87.89,1008.70,1.63,24.88,0.00,0.00,180.00,0.00,79DAAFB4
2026-07-28T16:04:00Z,0.00,318.80,27.21,S,0.00,0.00,1012.27,87.63,1008.90,1.67,24.97,0.00,0.00,180.00,0.00,79DAAFB4
2026-07-28T15:46:52Z,0.00,318.80,27.32,S,0.00,0.00,1012.37,86.03,1009.00,1.90,24.77,0.00,0.00,180.00,0.00,79DAAFB4
2026-07-28T15:29:44Z,0.00,318.80,27.36,S,0.00,0.00,1012.37,85.78,1009.00,1.94,24.76,0.00,0.00,180.00,0.00,79DAAFB4
2026-07-28T15:12:25Z,0.00,318.80,27.26,S,0.00,0.00,1012.27,86.17,1008.90,1.88,24.74,0.00,0.00,180.00,0.00,79DAAFB4
2026-07-28T14:55:17Z,0.00,318.80,27.27,S,0.00,0.00,1012.17,86.35,1008.80,1.86,24.79,0.00,0.00,180.00,0.00,79DAAFB4
2026-07-28T14:37:57Z,0.00,318.80,27.33,S,0.00,0.00,1011.97,86.90,1008.60,1.78,24.95,0.00,0.00,180.00,0.00,79DAAFB4
2026-07-28T14:20:38Z,0.00,318.80,27.19,S,0.00,0.00,1011.87,86.54,1008.50,1.83,24.75,0.00,0.00,180.00,0.00,79DAAFB4
2026-07-28T14:03:30Z,0.00,318.80,27.18,S,0.00,0.00,1011.67,86.47,1008.30,1.84,24.72,0.00,0.00,180.00,0.00,79DAAFB4
2026-07-28T13:46:11Z,0.00,318.80,27.14,NNW,2.16,3.82,1011.47,86.97,1008.10,1.76,24.78,0.00,0.00,341.00,0.00,79DAAFB4
2026-07-28T13:29:02Z,0.00,318.80,27.00,S,0.00,0.00,1011.37,87.29,1008.00,1.72,24.70,0.00,0.00,180.00,0.00,79DAAFB4
2026-07-28T13:11:53Z,0.00,318.80,26.91,S,0.00,0.00,1011.27,88.13,1007.90,1.60,24.78,0.00,0.00,180.00,0.00,79DAAFB4
2026-07-28T12:54:45Z,0.00,318.80,26.85,S,0.00,0.00,1010.87,88.18,1007.50,1.59,24.73,0.00,0.00,180.00,0.00,79DAAFB4
2026-07-28T12:37:37Z,0.00,318.80,26.83,S,0.00,0.00,1010.57,87.82,1007.20,1.64,24.64,0.00,0.00,180.00,0.00,79DAAFB4
2026-07-28T12:20:29Z,0.00,318.80,26.96,S,0.00,0.00,1010.37,87.48,1007.00,1.69,24.70,0.00,0.00,180.00,0.00,79DAAFB4
2026-07-28T12:03:09Z,0.00,318.80,26.99,S,0.00,0.00,1010.17,86.95,1006.80,1.76,24.63,0.00,0.00,180.00,0.00,79DAAFB4
2026-07-28T11:46:01Z,0.00,318.80,27.12,S,0.00,0.00,1009.87,86.56,1006.50,1.82,24.68,0.00,0.00,180.00,0.00,79DAAFB4
2026-07-28T11:28:42Z,0.00,318.80,27.22,S,0.00,0.00,1009.67,86.05,1006.30,1.90,24.68,0.00,0.00,180.00,0.00,79DAAFB4
2026-07-28T11:11:23Z,0.00,318.80,27.34,S,0.00,0.00,1009.37,87.34,1006.00,1.72,25.05,0.00,0.00,180.00,0.00,79DAAFB4
2026-07-28T10:54:15Z,0.00,318.80,27.37,S,0.00,0.00,1009.27,87.81,1005.90,1.65,25.17,0.00,0.00,180.00,0.00,79DAAFB4
2026-07-28T10:36:55Z,0.00,318.80,27.48,S,0.00,0.00,1008.67,89.30,1005.30,1.44,25.56,0.00,0.00,180.00,0.00,79DAAFB4
2026-07-28T10:19:46Z,0.00,318.80,27.48,S,0.00,0.00,1008.67,89.18,1005.30,1.46,25.54,0.00,0.00,180.00,0.00,79DAAFB4
2026-07-28T10:02:38Z,0.00,318.80,27.38,SSW,0.00,0.00,1008.77,89.65,1005.40,1.39,25.53,0.00,0.00,195.00,0.00,79DAAFB4
2026-07-28T09:45:30Z,0.00,318.80,27.28,S,0.00,0.00,1008.77,90.12,1005.40,1.32,25.51,0.00,0.00,180.00,0.00,79DAAFB4
2026-07-28T09:28:22Z,0.00,318.80,27.33,SSE,0.00,0.00,1008.67,90.47,1005.30,1.27,25.63,0.00,0.00,163.00,0.00,79DAAFB4
2026-07-28T09:11:14Z,0.00,318.80,27.41,S,0.00,0.00,1008.47,89.27,1005.10,1.44,25.48,0.00,0.00,180.00,0.00,79DAAFB4
2026-07-28T08:54:06Z,0.20,318.80,27.40,S,0.00,0.00,1008.47,90.33,1005.10,1.29,25.67,0.00,0.00,180.00,0.00,79DAAFB4
2026-07-28T08:36:47Z,0.00,318.60,27.68,S,0.00,0.00,1008.57,88.30,1005.20,1.59,25.57,0.00,0.00,180.00,0.00,79DAAFB4
2026-07-28T08:19:28Z,0.00,318.60,27.56,S,3.20,3.96,1008.47,87.99,1005.10,1.63,25.39,0.00,0.00,185.00,2.09,79DAAFB4
2026-07-28T08:02:20Z,0.20,318.60,28.11,S,0.00,0.00,1008.37,85.63,1005.00,1.98,25.47,0.00,0.00,180.00,0.00,79DAAFB4
2026-07-28T07:45:11Z,0.00,318.40,33.46,S,0.00,0.00,1007.87,69.87,1004.50,4.66,27.19,0.00,0.00,180.00,0.00,79DAAFB4
2026-07-28T07:28:03Z,0.00,318.40,33.54,S,0.00,0.00,1008.07,69.01,1004.70,4.81,27.06,0.00,0.00,180.00,0.00,79DAAFB4
2026-07-28T07:10:54Z,0.00,318.40,30.95,S,0.00,0.00,1008.47,78.40,1005.10,3.15,26.74,0.00,0.00,180.00,0.00,79DAAFB4
2026-07-28T06:53:46Z,0.00,318.40,33.49,S,0.00,0.00,1008.27,62.10,1004.90,5.99,25.23,0.00,0.00,180.00,0.00,79DAAFB4
2026-07-28T06:36:38Z,0.00,318.40,33.50,S,0.00,0.00,1008.67,62.37,1005.30,5.94,25.31,0.00,0.00,180.00,0.00,79DAAFB4
2026-07-28T06:19:30Z,0.00,318.40,34.08,S,0.00,0.00,1008.87,59.10,1005.50,6.58,24.95,0.00,0.00,180.00,0.00,79DAAFB4
2026-07-28T06:02:11Z,0.00,318.40,34.19,S,0.00,0.00,1009.07,60.76,1005.70,6.29,25.52,0.00,0.00,180.00,0.00,79DAAFB4
2026-07-28T05:45:03Z,0.00,318.40,34.24,NNW,0.00,0.00,1009.47,59.68,1006.10,6.49,25.26,0.00,0.00,343.00,0.00,79DAAFB4
2026-07-28T05:27:43Z,0.00,318.40,33.85,S,0.00,0.00,1009.77,59.80,1006.40,6.43,24.93,0.00,0.00,180.00,0.00,79DAAFB4
2026-07-28T05:10:24Z,0.00,318.40,33.40,S,0.00,0.00,1010.17,61.93,1006.80,6.01,25.10,0.00,0.00,180.00,0.00,79DAAFB4
2026-07-28T04:53:16Z,0.00,318.40,33.02,S,0.00,0.00,1010.57,63.37,1007.20,5.73,25.12,0.00,0.00,180.00,0.00,79DAAFB4
2026-07-28T04:36:07Z,0.00,318.40,32.76,S,0.00,0.00,1010.87,65.07,1007.50,5.42,25.32,0.00,0.00,180.00,0.00,79DAAFB4
2026-07-28T04:18:59Z,0.00,318.40,31.99,S,0.00,0.00,1011.07,67.49,1007.70,4.95,25.21,0.00,0.00,180.00,0.00,79DAAFB4
2026-07-28T04:01:50Z,0.00,318.40,32.06,S,0.00,0.00,1011.27,68.45,1007.90,4.80,25.51,0.00,0.00,180.00,0.00,79DAAFB4
2026-07-28T03:43:49Z,0.00,318.40,32.04,S,0.00,0.00,1010.79,68.75,1007.90,4.75,25.57,0.00,0.00,180.00,0.00,79DAAFB4
2026-07-28T03:26:41Z,0.00,318.40,31.48,S,0.00,0.00,1010.79,71.76,1007.90,4.22,25.75,0.00,0.00,180.00,0.00,79DAAFB4
2026-07-28T03:09:33Z,0.00,318.40,30.93,S,0.00,0.00,1011.09,73.39,1008.20,3.93,25.61,0.00,0.00,180.00,0.00,79DAAFB4
2026-07-28T02:52:25Z,0.00,318.40,30.34,S,0.00,0.00,1011.09,74.63,1008.20,3.71,25.32,0.00,0.00,180.00,0.00,79DAAFB4
2026-07-28T02:35:17Z,0.00,318.40,29.75,S,0.00,0.00,1011.09,75.33,1008.20,3.57,24.91,0.00,0.00,180.00,0.00,79DAAFB4
2026-07-28T02:17:58Z,0.00,318.40,29.56,S,0.00,0.00,1010.99,75.70,1008.10,3.50,24.81,0.00,0.00,180.00,0.00,79DAAFB4
2026-07-28T02:00:39Z,0.00,318.40,29.40,S,0.00,0.00,1010.89,78.05,1008.00,3.14,25.17,0.00,0.00,180.00,0.00,79DAAFB4
2026-07-28T01:43:30Z,0.00,318.40,28.84,S,0.00,0.00,1010.99,79.23,1008.10,2.94,24.88,0.00,0.00,180.00,0.00,79DAAFB4
2026-07-28T01:26:22Z,0.00,318.40,28.37,S,0.00,0.00,1010.99,81.30,1008.10,2.61,24.85,0.00,0.00,180.00,0.00,79DAAFB4
2026-07-28T01:09:14Z,0.00,318.40,28.06,S,0.00,0.00,1010.89,81.92,1008.00,2.51,24.68,0.00,0.00,180.00,0.00,79DAAFB4
2026-07-28T00:52:06Z,0.00,318.40,18.44,S,0.00,0.00,674.79,55.45,671.90,5.40,9.36,0.00,0.00,180.00,0.00,79DAAFB4
2026-07-28T00:34:58Z,0.00,318.40,27.34,S,0.00,0.00,1010.49,84.20,1007.60,2.16,24.43,0.00,0.00,180.00,0.00,79DAAFB4
2026-07-28T00:17:50Z,0.00,318.40,27.43,S,0.00,0.00,1010.39,83.84,1007.50,2.22,24.45,0.00,0.00,180.00,0.00,79DAAFB4
2026-07-28T00:00:42Z,0.00,318.40,27.26,S,0.00,0.00,1010.19,84.40,1007.30,2.13,24.39,0.00,0.00,180.00,0.00,79DAAFB4
2026-07-27T23:43:23Z,0.00,318.40,27.31,SW,0.00,0.00,1010.09,84.11,1007.20,2.17,24.39,0.00,0.00,228.00,0.00,79DAAFB4
2026-07-27T23:26:15Z,0.00,318.40,27.17,S,0.00,0.00,1009.89,84.41,1007.00,2.13,24.31,0.00,0.00,180.00,0.00,79DAAFB4
2026-07-27T23:08:55Z,0.00,318.40,27.16,S,0.00,0.00,1009.69,84.18,1006.80,2.16,24.25,0.00,0.00,180.00,0.00,79DAAFB4
2026-07-27T22:51:36Z,0.00,318.40,27.27,S,0.00,0.00,1009.49,83.47,1006.60,2.26,24.22,0.00,0.00,180.00,0.00,79DAAFB4
2026-07-27T22:34:28Z,0.00,318.40,27.36,S,0.00,0.00,1009.39,84.48,1006.50,2.12,24.51,0.00,0.00,180.00,0.00,79DAAFB4
2026-07-27T22:17:09Z,0.00,318.40,27.48,S,0.00,0.00,1009.49,84.49,1006.60,2.13,24.63,0.00,0.00,180.00,0.00,79DAAFB4
2026-07-27T22:00:00Z,0.00,318.40,27.44,S,0.00,0.00,1009.39,85.05,1006.50,2.04,24.70,0.00,0.00,180.00,0.00,79DAAFB4
2026-07-27T21:42:51Z,0.00,318.40,27.33,N,0.00,0.00,1009.49,85.66,1006.60,1.95,24.71,0.00,0.00,353.00,0.00,79DAAFB4
2026-07-27T21:25:43Z,0.00,318.40,27.41,S,0.00,0.00,1009.59,86.12,1006.70,1.89,24.88,0.00,0.00,180.00,0.00,79DAAFB4
2026-07-27T21:08:35Z,0.00,318.40,27.39,S,0.00,0.00,1009.79,86.04,1006.90,1.90,24.84,0.00,0.00,180.00,0.00,79DAAFB4
2026-07-27T20:51:27Z,0.00,318.40,27.25,S,0.00,0.00,1009.69,86.32,1006.80,1.86,24.76,0.00,0.00,180.00,0.00,79DAAFB4
2026-07-27T20:34:08Z,0.00,318.40,27.23,S,0.00,0.00,1009.49,86.41,1006.60,1.85,24.76,0.00,0.00,180.00,0.00,79DAAFB4
2026-07-27T20:17:00Z,0.00,318.40,27.33,S,0.00,0.00,1009.39,85.86,1006.50,1.93,24.75,0.00,0.00,180.00,0.00,79DAAFB4
2026-07-27T19:59:40Z,0.00,318.40,27.39,S,0.00,0.00,1009.49,84.87,1006.60,2.07,24.61,0.00,0.00,180.00,0.00,79DAAFB4
2026-07-27T19:42:32Z,0.00,318.40,27.46,S,0.00,0.00,1009.59,84.25,1006.70,2.16,24.56,0.00,0.00,180.00,0.00,79DAAFB4
2026-07-27T19:25:23Z,0.00,318.40,27.52,S,0.00,0.00,1009.59,84.32,1006.70,2.15,24.63,0.00,0.00,180.00,0.00,79DAAFB4
2026-07-27T19:08:14Z,0.00,318.40,27.57,S,0.00,0.00,1009.59,83.90,1006.70,2.21,24.60,0.00,0.00,180.00,0.00,79DAAFB4
2026-07-27T18:51:06Z,0.00,318.40,27.64,S,0.00,0.00,1009.69,83.68,1006.80,2.25,24.62,0.00,0.00,180.00,0.00,79DAAFB4
2026-07-27T18:33:57Z,0.00,318.40,27.64,S,0.00,0.00,1009.69,84.01,1006.80,2.20,24.69,0.00,0.00,180.00,0.00,79DAAFB4
2026-07-27T18:16:49Z,0.00,318.40,27.61,S,0.00,0.00,1009.99,84.51,1007.10,2.13,24.76,0.00,0.00,180.00,0.00,79DAAFB4
2026-07-27T17:59:41Z,0.00,318.40,27.70,S,0.00,0.00,1010.09,83.93,1007.20,2.21,24.73,0.00,0.00,180.00,0.00,79DAAFB4
2026-07-27T17:42:33Z,0.00,318.40,27.82,S,0.00,0.00,1010.29,83.58,1007.40,2.27,24.78,0.00,0.00,180.00,0.00,79DAAFB4
2026-07-27T17:25:14Z,0.00,318.40,27.83,S,0.00,0.00,1010.29,83.31,1007.40,2.31,24.73,0.00,0.00,180.00,0.00,79DAAFB4
2026-07-27T17:08:06Z,0.00,318.40,27.86,S,0.00,0.00,1010.39,82.14,1007.50,2.47,24.53,0.00,0.00,180.00,0.00,79DAAFB4
2026-07-27T16:50:46Z,0.00,318.40,27.99,S,0.00,0.00,1010.69,80.71,1007.80,2.69,24.36,0.00,0.00,180.00,0.00,79DAAFB4
2026-07-27T16:33:38Z,0.00,318.40,27.99,S,0.00,0.00,1010.89,79.98,1008.00,2.79,24.21,0.00,0.00,180.00,0.00,79DAAFB4
2026-07-27T16:16:29Z,0.00,318.40,28.11,S,0.00,0.00,1010.89,78.70,1008.00,2.98,24.06,0.00,0.00,180.00,0.00,79DAAFB4
2026-07-27T15:59:21Z,0.00,318.40,28.28,S,0.00,0.00,1010.89,76.71,1008.00,3.29,23.79,0.00,0.00,180.00,0.00,79DAAFB4
2026-07-27T15:42:13Z,0.00,318.40,28.36,S,0.00,0.00,1010.99,75.37,1008.10,3.49,23.58,0.00,0.00,180.00,0.00,79DAAFB4
2026-07-27T15:24:54Z,0.00,318.40,28.29,S,0.00,0.00,1010.99,74.08,1008.10,3.68,23.22,0.00,0.00,180.00,0.00,79DAAFB4
2026-07-27T15:07:45Z,0.00,318.40,28.37,S,0.00,0.00,1010.89,73.80,1008.00,3.72,23.24,0.00,0.00,180.00,0.00,79DAAFB4
2026-07-27T14:50:36Z,0.00,318.40,28.54,N,0.00,0.00,1010.89,72.39,1008.00,3.94,23.08,0.00,0.00,360.00,0.00,79DAAFB4
2026-07-27T14:33:17Z,0.00,318.40,28.75,S,0.00,0.00,1010.69,71.52,1007.80,4.09,23.08,0.00,0.00,180.00,0.00,79DAAFB4
2026-07-27T14:16:09Z,0.00,318.40,28.88,S,0.00,0.00,1010.59,72.28,1007.70,3.98,23.38,0.00,0.00,180.00,0.00,79DAAFB4
2026-07-27T13:59:01Z,0.00,318.40,29.09,S,0.00,0.00,1010.49,71.62,1007.60,4.09,23.43,0.00,0.00,180.00,0.00,79DAAFB4
2026-07-27T13:41:42Z,0.00,318.40,29.04,S,0.00,0.00,1010.39,71.08,1007.50,4.17,23.26,0.00,0.00,180.00,0.00,79DAAFB4
2026-07-27T13:24:23Z,0.00,318.40,29.18,SSW,0.00,0.00,1010.09,70.46,1007.20,4.28,23.25,0.00,0.00,205.00,0.00,79DAAFB4
2026-07-27T13:07:15Z,0.00,318.40,29.34,S,0.00,0.00,1009.59,70.06,1006.70,4.35,23.31,0.00,0.00,180.00,0.00,79DAAFB4
2026-07-27T12:49:55Z,0.00,318.40,29.55,NNW,0.00,0.00,1009.09,69.58,1006.20,4.44,23.39,0.00,0.00,332.00,0.00,79DAAFB4
2026-07-27T12:32:46Z,0.00,318.40,29.71,S,0.00,0.00,1008.59,71.24,1005.70,4.19,23.94,0.00,0.00,180.00,0.00,79DAAFB4
2026-07-27T12:15:38Z,0.00,318.40,29.96,S,0.00,0.00,1008.29,70.98,1005.40,4.25,24.12,0.00,0.00,180.00,0.00,79DAAFB4
2026-07-27T11:58:30Z,0.00,318.40,30.27,S,0.00,0.00,1007.89,72.87,1005.00,3.97,24.85,0.00,0.00,180.00,0.00,79DAAFB4
2026-07-27T11:41:22Z,0.00,318.40,30.58,S,0.00,0.00,1007.79,70.80,1004.90,4.32,24.67,0.00,0.00,180.00,0.00,79DAAFB4
2026-07-27T11:24:14Z,0.00,318.40,30.79,S,0.00,0.00,1007.69,68.91,1004.80,4.63,24.41,0.00,0.00,180.00,0.00,79DAAFB4
2026-07-27T11:07:06Z,0.00,318.40,31.08,S,0.00,0.00,1007.49,66.95,1004.60,4.97,24.21,0.00,0.00,180.00,0.00,79DAAFB4
2026-07-27T10:49:58Z,0.00,318.40,31.37,N,0.00,0.00,1007.29,65.40,1004.40,5.24,24.09,0.00,0.00,349.00,0.00,79DAAFB4
2026-07-27T10:32:39Z,0.00,318.40,32.19,E,2.74,5.51,1007.09,62.46,1004.20,5.81,24.10,0.00,0.00,80.00,0.00,79DAAFB4
2026-07-27T10:15:30Z,0.00,318.40,32.08,S,0.00,0.00,1006.99,64.61,1004.10,5.43,24.56,0.00,0.00,180.00,0.00,79DAAFB4
2026-07-27T09:58:21Z,0.00,318.40,32.95,SW,0.00,0.00,1006.99,60.60,1004.10,6.20,24.31,0.00,0.00,216.00,0.00,79DAAFB4
2026-07-27T09:41:01Z,0.00,318.40,34.67,S,0.00,0.00,1006.89,55.75,1004.00,7.26,24.52,0.00,0.00,180.00,0.00,79DAAFB4
2026-07-27T09:23:52Z,0.00,318.40,36.08,S,0.00,0.00,1006.89,53.77,1004.00,7.81,25.21,0.00,0.00,180.00,0.00,79DAAFB4
2026-07-27T09:06:44Z,0.00,318.40,35.82,S,0.00,0.00,1006.99,53.85,1004.10,7.76,25.00,0.00,0.00,180.00,0.00,79DAAFB4
2026-07-27T08:49:36Z,0.00,318.40,35.51,S,0.00,0.00,1006.99,54.67,1004.10,7.56,24.97,0.00,0.00,180.00,0.00,79DAAFB4
2026-07-27T08:32:28Z,0.00,318.40,35.32,S,0.00,0.00,1006.89,56.96,1004.00,7.11,25.48,0.00,0.00,180.00,0.00,79DAAFB4
2026-07-27T08:15:20Z,0.00,318.40,35.56,S,0.00,0.00,1006.89,57.57,1004.00,7.02,25.88,0.00,0.00,180.00,0.00,79DAAFB4
2026-07-27T07:58:12Z,0.00,318.40,35.43,S,0.00,0.00,1007.19,56.97,1004.30,7.12,25.59,0.00,0.00,180.00,0.00,79DAAFB4
2026-07-27T07:41:04Z,0.00,318.40,35.19,S,0.00,0.00,1007.09,56.69,1004.20,7.14,25.28,0.00,0.00,180.00,0.00,79DAAFB4
2026-07-27T07:23:45Z,0.00,318.40,36.72,S,0.00,0.00,1007.19,53.33,1004.30,7.97,25.67,0.00,0.00,180.00,0.00,79DAAFB4
2026-07-27T07:06:36Z,0.00,318.40,35.68,SSW,0.00,0.00,1007.39,55.37,1004.50,7.45,25.34,0.00,0.00,202.00,0.00,79DAAFB4
2026-07-27T06:49:28Z,0.00,318.40,35.00,S,0.00,0.00,1007.49,55.78,1004.60,7.29,24.83,0.00,0.00,180.00,0.00,79DAAFB4
2026-07-27T06:32:20Z,0.00,318.40,35.01,S,0.00,0.00,1007.69,56.23,1004.80,7.21,24.98,0.00,0.00,180.00,0.00,79DAAFB4
2026-07-27T06:15:01Z,0.00,318.40,34.95,S,0.00,0.00,1007.89,57.26,1005.00,7.01,25.23,0.00,0.00,180.00,0.00,79DAAFB4
2026-07-27T05:57:52Z,0.00,318.40,34.93,SE,0.00,0.00,1008.19,56.82,1005.30,7.09,25.08,0.00,0.00,144.00,0.00,79DAAFB4
2026-07-27T05:40:43Z,0.00,318.40,34.25,S,0.00,0.00,1008.49,58.69,1005.60,6.67,24.99,0.00,0.00,180.00,0.00,79DAAFB4
2026-07-27T05:23:24Z,0.00,318.40,33.98,WNW,0.00,0.00,1008.89,57.49,1006.00,6.86,24.39,0.00,0.00,301.00,0.00,79DAAFB4
2026-07-27T05:06:16Z,0.00,318.40,33.39,NW,0.00,0.00,1009.19,58.83,1006.30,6.56,24.23,0.00,0.00,304.00,0.00,79DAAFB4
2026-07-27T04:49:08Z,0.00,318.40,32.86,SW,1.84,2.99,1009.29,61.23,1006.40,6.08,24.40,0.00,0.00,220.00,0.00,79DAAFB4
2026-07-27T04:31:49Z,0.00,318.40,32.33,S,0.00,0.00,1009.49,61.17,1006.60,6.04,23.88,0.00,0.00,180.00,0.00,79DAAFB4
2026-07-27T04:14:30Z,0.00,318.40,32.31,S,0.00,0.00,1009.79,61.01,1006.90,6.07,23.82,0.00,0.00,180.00,0.00,79DAAFB4
2026-07-27T03:57:22Z,0.00,318.40,32.14,S,0.00,0.00,1009.99,62.25,1007.10,5.84,24.00,0.00,0.00,180.00,0.00,79DAAFB4
2026-07-27T03:40:02Z,0.00,318.40,32.31,S,0.00,0.00,1010.29,60.85,1007.40,6.09,23.78,0.00,0.00,180.00,0.00,79DAAFB4
2026-07-27T03:22:53Z,0.00,318.40,31.88,W,0.00,0.00,1010.19,60.98,1007.30,6.03,23.41,0.00,0.00,265.00,0.00,79DAAFB4
2026-07-27T03:05:45Z,0.00,318.40,31.47,S,0.00,0.00,1010.29,62.95,1007.40,5.66,23.55,0.00,0.00,180.00,0.00,79DAAFB4
2026-07-27T02:48:37Z,0.00,318.40,30.31,S,0.00,0.00,1010.39,68.23,1007.50,4.70,23.79,0.00,0.00,180.00,0.00,79DAAFB4
2026-07-27T02:31:29Z,0.00,318.40,29.67,S,0.00,0.00,1010.49,70.25,1007.60,4.34,23.67,0.00,0.00,180.00,0.00,79DAAFB4
2026-07-27T02:14:21Z,0.00,318.40,29.58,S,0.00,0.00,1010.59,72.45,1007.70,4.00,24.09,0.00,0.00,180.00,0.00,79DAAFB4
2026-07-27T01:57:13Z,0.00,318.40,28.94,S,0.00,0.00,1010.59,73.82,1007.70,3.75,23.79,0.00,0.00,180.00,0.00,79DAAFB4
2026-07-27T01:40:05Z,0.00,318.40,28.66,S,0.00,0.00,1010.79,76.55,1007.90,3.33,24.13,0.00,0.00,180.00,0.00,79DAAFB4
2026-07-27T01:22:46Z,0.00,318.40,28.56,S,0.00,0.00,1010.79,78.63,1007.90,3.01,24.48,0.00,0.00,180.00,0.00,79DAAFB4
2026-07-27T01:04:48Z,0.00,318.40,28.16,S,0.00,0.00,1007.90,80.43,1007.90,2.73,24.47,0.00,0.00,180.00,0.00,79DAAFB4
2026-07-27T00:47:39Z,0.00,318.40,27.88,S,0.00,0.00,1007.90,81.19,1007.90,2.61,24.35,0.00,0.00,180.00,0.00,79DAAFB4
2026-07-27T00:30:31Z,0.00,318.40,27.75,S,0.00,0.00,1007.70,84.52,1007.70,2.13,24.90,0.00,0.00,180.00,0.00,79DAAFB4
2026-07-27T00:13:23Z,0.00,318.40,27.49,S,0.00,0.00,1007.50,87.36,1007.50,1.72,25.20,0.00,0.00,180.00,0.00,79DAAFB4
2026-07-26T23:56:04Z,0.00,318.40,27.20,S,0.00,0.00,1007.30,88.51,1007.30,1.55,25.13,0.00,0.00,180.00,0.00,79DAAFB4
2026-07-26T23:38:55Z,0.00,318.40,26.93,S,0.00,0.00,1007.10,89.35,1007.10,1.43,25.03,0.00,0.00,180.00,0.00,79DAAFB4
2026-07-26T23:21:46Z,0.00,318.40,26.76,S,0.00,0.00,1006.70,90.28,1006.70,1.29,25.03,0.00,0.00,180.00,0.00,79DAAFB4
2026-07-26T23:04:27Z,0.00,318.40,26.66,S,0.00,0.00,1006.60,89.94,1006.60,1.34,24.87,0.00,0.00,180.00,0.00,79DAAFB4
2026-07-26T22:47:19Z,0.00,318.40,26.67,S,0.00,0.00,1006.50,89.83,1006.50,1.35,24.86,0.00,0.00,180.00,0.00,79DAAFB4
2026-07-26T22:30:11Z,0.00,318.40,26.67,S,0.00,0.00,1006.70,90.06,1006.70,1.32,24.90,0.00,0.00,180.00,0.00,79DAAFB4
2026-07-26T22:12:52Z,0.00,318.40,26.63,S,0.00,0.00,1006.60,89.81,1006.60,1.36,24.82,0.00,0.00,180.00,0.00,79DAAFB4
2026-07-26T21:55:33Z,0.00,318.40,26.46,S,0.00,0.00,1006.60,89.95,1006.60,1.33,24.67,0.00,0.00,180.00,0.00,79DAAFB4
2026-07-26T21:38:25Z,0.00,318.40,26.43,S,0.00,0.00,1006.50,90.38,1006.50,1.27,24.72,0.00,0.00,180.00,0.00,79DAAFB4
2026-07-26T21:21:05Z,0.00,318.40,26.42,S,0.00,0.00,1006.40,90.06,1006.40,1.32,24.66,0.00,0.00,180.00,0.00,79DAAFB4
2026-07-26T21:03:56Z,0.00,318.40,26.41,S,0.00,0.00,1006.20,90.13,1006.20,1.31,24.66,0.00,0.00,180.00,0.00,79DAAFB4
2026-07-26T20:46:48Z,0.00,318.40,26.38,S,0.00,0.00,1006.10,90.52,1006.10,1.25,24.70,0.00,0.00,180.00,0.00,79DAAFB4
2026-07-26T20:29:29Z,0.00,318.40,26.33,S,0.00,0.00,1006.00,90.75,1006.00,1.22,24.69,0.00,0.00,180.00,0.00,79DAAFB4
2026-07-26T20:12:21Z,0.00,318.40,26.34,S,0.00,0.00,1006.00,90.66,1006.00,1.23,24.69,0.00,0.00,180.00,0.00,79DAAFB4
2026-07-26T19:55:13Z,0.00,318.40,26.32,S,0.00,0.00,1006.10,90.03,1006.10,1.32,24.55,0.00,0.00,180.00,0.00,79DAAFB4
2026-07-26T19:37:54Z,0.00,318.40,26.39,S,0.00,0.00,1006.10,90.24,1006.10,1.29,24.66,0.00,0.00,180.00,0.00,79DAAFB4
2026-07-26T19:20:46Z,0.00,318.40,26.32,S,0.00,0.00,1006.40,89.91,1006.40,1.34,24.53,0.00,0.00,180.00,0.00,79DAAFB4
2026-07-26T19:03:26Z,0.00,318.40,26.55,S,0.00,0.00,1006.60,90.65,1006.60,1.24,24.89,0.00,0.00,180.00,0.00,79DAAFB4
2026-07-26T18:46:18Z,0.00,318.40,26.62,S,0.00,0.00,1006.80,92.02,1006.80,1.05,25.21,0.00,0.00,180.00,0.00,79DAAFB4
2026-07-26T18:29:09Z,0.00,318.40,26.64,S,0.00,0.00,1006.90,91.76,1006.90,1.08,25.19,0.00,0.00,180.00,0.00,79DAAFB4
2026-07-26T18:12:00Z,0.00,318.40,26.69,S,0.00,0.00,1007.10,91.09,1007.10,1.18,25.11,0.00,0.00,180.00,0.00,79DAAFB4
2026-07-26T17:54:52Z,0.00,318.40,26.87,S,0.00,0.00,1007.20,90.23,1007.20,1.30,25.13,0.00,0.00,180.00,0.00,79DAAFB4
2026-07-26T17:37:43Z,0.00,318.40,26.98,S,0.00,0.00,1007.30,89.43,1007.30,1.42,25.09,0.00,0.00,180.00,0.00,79DAAFB4
2026-07-26T17:20:20Z,0.00,318.40,27.12,S,0.00,0.00,1007.60,88.85,1007.60,1.50,25.12,0.00,0.00,180.00,0.00,79DAAFB4
2026-07-26T17:02:32Z,0.00,318.40,27.18,S,0.00,0.00,1007.90,89.69,1007.90,1.38,25.34,0.00,0.00,180.00,0.00,79DAAFB4
2026-07-26T16:45:12Z,0.00,318.40,27.27,S,0.00,0.00,1008.00,89.16,1008.00,1.46,25.32,0.00,0.00,180.00,0.00,79DAAFB4
2026-07-26T16:28:03Z,0.00,318.40,27.25,S,0.00,0.00,1008.10,88.11,1008.10,1.61,25.11,0.00,0.00,180.00,0.00,79DAAFB4
2026-07-26T16:10:55Z,0.00,318.40,27.28,S,0.00,0.00,1008.20,89.07,1008.20,1.47,25.32,0.00,0.00,180.00,0.00,79DAAFB4
2026-07-26T15:53:47Z,0.00,318.40,27.34,S,0.00,0.00,1008.20,89.87,1008.20,1.36,25.53,0.00,0.00,180.00,0.00,79DAAFB4
2026-07-26T15:36:33Z,0.00,318.40,27.29,S,0.00,0.00,1008.10,90.28,1008.10,1.30,25.55,0.00,0.00,180.00,0.00,79DAAFB4
2026-07-26T15:19:25Z,0.00,318.40,27.28,S,0.00,0.00,1008.00,90.26,1008.00,1.30,25.54,0.00,0.00,180.00,0.00,79DAAFB4
2026-07-26T15:02:17Z,0.00,318.40,27.34,S,0.00,0.00,1007.80,89.94,1007.80,1.35,25.54,0.00,0.00,180.00,0.00,79DAAFB4
2026-07-26T14:44:58Z,0.00,318.40,27.28,S,0.00,0.00,1007.60,90.12,1007.60,1.32,25.51,0.00,0.00,180.00,0.00,79DAAFB4
2026-07-26T14:27:49Z,0.00,318.40,27.31,S,0.00,0.00,1007.40,89.59,1007.40,1.40,25.45,0.00,0.00,180.00,0.00,79DAAFB4
2026-07-26T14:10:40Z,0.00,318.40,27.19,S,0.00,0.00,1007.30,91.32,1007.30,1.15,25.65,0.00,0.00,180.00,0.00,79DAAFB4
2026-07-26T13:53:21Z,0.00,318.40,27.26,S,0.00,0.00,1007.40,88.48,1007.40,1.55,25.19,0.00,0.00,180.00,0.00,79DAAFB4
2026-07-26T13:36:13Z,0.00,318.40,27.18,S,0.00,0.00,1007.30,89.08,1007.30,1.47,25.22,0.00,0.00,180.00,0.00,79DAAFB4
2026-07-26T13:19:05Z,0.00,318.40,27.29,S,0.00,0.00,1007.30,90.89,1007.30,1.21,25.67,0.00,0.00,180.00,0.00,79DAAFB4
2026-07-26T13:01:46Z,0.00,318.40,27.11,S,0.00,0.00,1007.20,90.00,1007.20,1.34,25.32,0.00,0.00,180.00,0.00,79DAAFB4
2026-07-26T12:44:27Z,0.00,318.40,27.05,S,0.00,0.00,1007.10,89.29,1007.10,1.44,25.13,0.00,0.00,180.00,0.00,79DAAFB4
2026-07-26T12:27:19Z,0.00,318.40,26.98,S,0.00,0.00,1006.70,88.86,1006.70,1.50,24.98,0.00,0.00,180.00,0.00,79DAAFB4
2026-07-26T12:09:59Z,0.00,318.40,27.04,S,0.00,0.00,1006.40,91.62,1006.40,1.11,25.56,0.00,0.00,180.00,0.00,79DAAFB4
2026-07-26T11:52:50Z,0.20,318.40,27.18,S,0.00,0.00,1006.40,89.78,1006.40,1.37,25.35,0.00,0.00,180.00,0.00,79DAAFB4
2026-07-26T11:35:42Z,1.20,318.20,27.74,SSE,0.00,0.00,1006.10,87.78,1006.10,1.66,25.52,0.00,0.00,149.00,0.00,79DAAFB4
2026-07-26T11:18:23Z,0.00,317.00,29.81,S,0.00,0.00,1005.80,74.03,1005.80,3.77,24.68,0.00,0.00,180.00,0.00,79DAAFB4
2026-07-26T11:01:14Z,0.00,317.00,29.89,S,0.00,0.00,1005.40,72.98,1005.40,3.93,24.51,0.00,0.00,180.00,0.00,79DAAFB4
2026-07-26T10:43:55Z,0.00,317.00,30.26,S,0.00,0.00,1005.10,70.14,1005.10,4.40,24.20,0.00,0.00,180.00,0.00,79DAAFB4
2026-07-26T10:26:47Z,0.00,317.00,30.39,S,0.00,0.00,1004.80,68.92,1004.80,4.60,24.04,0.00,0.00,180.00,0.00,79DAAFB4
2026-07-26T10:09:39Z,0.00,317.00,30.44,S,0.00,0.00,1004.60,68.01,1004.60,4.75,23.86,0.00,0.00,180.00,0.00,79DAAFB4
2026-07-26T09:52:20Z,0.00,317.00,30.58,S,0.00,0.00,1004.80,67.76,1004.80,4.80,23.93,0.00,0.00,180.00,0.00,79DAAFB4
2026-07-26T09:35:01Z,0.00,317.00,30.62,S,0.00,0.00,1004.70,66.56,1004.70,5.00,23.67,0.00,0.00,180.00,0.00,79DAAFB4
2026-07-26T09:17:53Z,0.00,317.00,30.65,S,0.00,0.00,1004.50,66.20,1004.50,5.06,23.61,0.00,0.00,180.00,0.00,79DAAFB4
2026-07-26T09:00:33Z,0.00,317.00,30.73,S,0.00,0.00,1004.30,68.01,1004.30,4.77,24.14,0.00,0.00,180.00,0.00,79DAAFB4
2026-07-26T08:43:25Z,0.00,317.00,31.30,WSW,0.00,0.00,1004.30,67.34,1004.30,4.92,24.51,0.00,0.00,237.00,0.00,79DAAFB4
2026-07-26T08:26:06Z,0.00,317.00,32.26,SW,0.00,0.00,1004.20,65.83,1004.20,5.25,25.05,0.00,0.00,235.00,0.00,79DAAFB4
2026-07-26T08:08:57Z,0.00,317.00,31.37,S,0.00,0.00,1004.20,71.20,1004.20,4.31,25.52,0.00,0.00,180.00,0.00,79DAAFB4
2026-07-26T07:51:48Z,0.00,317.00,30.20,S,0.00,0.00,1004.30,75.74,1004.30,3.53,25.43,0.00,0.00,180.00,0.00,79DAAFB4
2026-07-26T07:34:29Z,0.00,317.00,29.07,S,0.00,0.00,1004.60,82.81,1004.60,2.42,25.84,0.00,0.00,180.00,0.00,79DAAFB4
2026-07-26T07:17:21Z,2.40,317.00,28.56,S,0.00,0.00,1004.70,88.80,1004.70,1.53,26.53,0.00,0.00,180.00,0.00,79DAAFB4
2026-07-26T07:00:13Z,1.00,314.60,30.82,S,0.00,0.00,1005.10,81.52,1005.10,2.67,27.28,0.00,0.00,180.00,0.00,79DAAFB4
2026-07-26T06:42:54Z,0.00,313.60,36.89,S,0.00,0.00,1004.10,52.24,1004.10,8.21,25.47,0.00,0.00,180.00,0.00,79DAAFB4
2026-07-26T06:25:35Z,0.00,313.60,36.23,S,0.00,0.00,1004.10,54.80,1004.10,7.63,25.67,0.00,0.00,180.00,0.00,79DAAFB4
2026-07-26T06:08:27Z,0.00,313.60,35.55,S,0.00,0.00,1004.60,56.25,1004.60,7.27,25.48,0.00,0.00,180.00,0.00,79DAAFB4
2026-07-26T05:51:07Z,0.00,313.60,35.67,S,0.00,0.00,1004.70,57.50,1004.70,7.05,25.97,0.00,0.00,180.00,0.00,79DAAFB4
2026-07-26T05:33:58Z,0.00,313.60,34.30,S,0.00,0.00,1005.30,59.36,1005.30,6.56,25.23,0.00,0.00,180.00,0.00,79DAAFB4
2026-07-26T05:16:50Z,0.00,313.60,33.83,S,0.00,0.00,1005.50,59.34,1005.50,6.51,24.78,0.00,0.00,180.00,0.00,79DAAFB4
2026-07-26T04:59:42Z,0.00,313.60,33.17,S,0.00,0.00,1005.90,62.53,1005.90,5.89,25.04,0.00,0.00,180.00,0.00,79DAAFB4
2026-07-26T04:42:34Z,0.00,313.60,32.53,S,0.00,0.00,1006.40,64.34,1006.40,5.52,24.92,0.00,0.00,180.00,0.00,79DAAFB4
2026-07-26T04:25:26Z,0.00,313.60,31.99,S,0.00,0.00,1006.70,65.54,1006.70,5.27,24.72,0.00,0.00,180.00,0.00,79DAAFB4
2026-07-26T04:08:18Z,0.00,313.60,32.19,S,0.00,0.00,1006.90,65.53,1006.90,5.29,24.90,0.00,0.00,180.00,0.00,79DAAFB4
2026-07-26T03:50:59Z,0.00,313.60,31.59,SSW,1.30,3.96,1007.00,67.71,1007.00,4.88,24.88,0.00,0.00,202.00,0.00,79DAAFB4
2026-07-26T03:33:40Z,0.00,313.60,31.01,S,0.00,0.00,1007.00,69.63,1007.00,4.53,24.80,0.00,0.00,180.00,0.00,79DAAFB4
2026-07-26T03:16:32Z,0.00,313.60,30.83,N,1.04,3.17,1007.40,72.18,1007.40,4.12,25.23,0.00,0.00,350.00,0.00,79DAAFB4
2026-07-26T02:59:12Z,0.00,313.60,30.43,S,0.94,2.84,1007.50,73.23,1007.50,3.93,25.09,0.00,0.00,169.00,0.00,79DAAFB4
2026-07-26T02:42:03Z,0.00,313.60,30.12,S,0.00,0.00,1007.50,74.49,1007.50,3.72,25.08,0.00,0.00,180.00,0.00,79DAAFB4
2026-07-26T02:24:55Z,0.00,313.60,29.82,S,0.00,0.00,1007.50,76.97,1007.50,3.32,25.34,0.00,0.00,180.00,0.00,79DAAFB4
2026-07-26T02:07:47Z,0.00,313.60,29.65,S,0.00,0.00,1007.50,75.71,1007.50,3.50,24.90,0.00,0.00,180.00,0.00,79DAAFB4
2026-07-26T01:50:39Z,0.00,313.60,29.28,SSW,0.00,0.00,1007.40,76.66,1007.40,3.34,24.75,0.00,0.00,200.00,0.00,79DAAFB4
2026-07-26T01:33:31Z,0.00,313.60,28.81,S,0.00,0.00,1007.40,79.38,1007.40,2.91,24.88,0.00,0.00,180.00,0.00,79DAAFB4
2026-07-26T01:16:23Z,0.00,313.60,28.30,S,0.00,0.00,1007.30,82.28,1007.30,2.47,24.98,0.00,0.00,180.00,0.00,79DAAFB4
2026-07-26T00:59:15Z,0.00,313.60,28.09,S,0.00,0.00,1007.30,84.85,1007.30,2.09,25.30,0.00,0.00,180.00,0.00,79DAAFB4
2026-07-26T00:41:56Z,0.00,313.60,27.92,S,0.00,0.00,1007.20,86.45,1007.20,1.86,25.44,0.00,0.00,180.00,0.00,79DAAFB4
2026-07-26T00:24:47Z,0.00,313.60,27.82,S,0.00,0.00,1007.00,88.58,1007.00,1.55,25.76,0.00,0.00,180.00,0.00,79DAAFB4
2026-07-26T00:07:39Z,0.00,313.60,27.48,S,0.00,0.00,1007.00,88.37,1007.00,1.57,25.38,0.00,0.00,180.00,0.00,79DAAFB4
2026-07-25T23:50:31Z,0.00,313.60,27.44,S,0.00,0.00,1006.80,90.15,1006.80,1.32,25.68,0.00,0.00,180.00,0.00,79DAAFB4
2026-07-25T23:33:12Z,0.00,313.60,27.10,S,0.00,0.00,1006.50,91.01,1006.50,1.19,25.50,0.00,0.00,180.00,0.00,79DAAFB4
2026-07-25T23:16:03Z,0.00,313.60,26.96,S,0.00,0.00,1006.40,91.85,1006.40,1.08,25.52,0.00,0.00,180.00,0.00,79DAAFB4
2026-07-25T22:58:54Z,0.00,313.60,26.92,S,0.00,0.00,1006.40,92.34,1006.40,1.01,25.57,0.00,0.00,180.00,0.00,79DAAFB4
2026-07-25T22:41:35Z,0.00,313.60,26.75,S,0.00,0.00,1006.50,92.66,1006.50,0.96,25.46,0.00,0.00,180.00,0.00,79DAAFB4
2026-07-25T22:24:27Z,0.00,313.60,26.62,S,0.00,0.00,1006.60,92.99,1006.60,0.91,25.39,0.00,0.00,180.00,0.00,79DAAFB4
2026-07-25T22:05:58Z,0.00,313.60,26.68,S,0.00,0.00,1006.40,92.73,1006.40,0.95,25.40,0.00,0.00,180.00,0.00,79DAAFB4
2026-07-25T21:48:50Z,0.00,313.60,26.76,S,0.00,0.00,1006.30,92.40,1006.30,1.00,25.42,0.00,0.00,180.00,0.00,79DAAFB4
2026-07-25T21:31:31Z,0.00,313.60,26.80,S,0.00,0.00,1006.00,92.44,1006.00,0.99,25.47,0.00,0.00,180.00,0.00,79DAAFB4
2026-07-25T21:14:12Z,0.00,313.60,26.93,S,0.00,0.00,1005.90,92.03,1005.90,1.05,25.52,0.00,0.00,180.00,0.00,79DAAFB4
2026-07-25T20:57:04Z,0.00,313.60,26.97,S,0.00,0.00,1005.70,92.31,1005.70,1.01,25.61,0.00,0.00,180.00,0.00,79DAAFB4
2026-07-25T20:39:44Z,0.00,313.60,26.94,S,0.00,0.00,1005.50,91.75,1005.50,1.09,25.48,0.00,0.00,180.00,0.00,79DAAFB4
2026-07-25T20:22:35Z,0.00,313.60,26.89,S,0.00,0.00,1005.40,92.59,1005.40,0.97,25.59,0.00,0.00,180.00,0.00,79DAAFB4
2026-07-25T20:05:27Z,0.00,313.60,26.72,S,0.00,0.00,1005.40,92.38,1005.40,1.00,25.38,0.00,0.00,180.00,0.00,79DAAFB4
2026-07-25T19:48:19Z,0.00,313.60,26.73,S,0.00,0.00,1005.20,92.82,1005.20,0.94,25.47,0.00,0.00,180.00,0.00,79DAAFB4
2026-07-25T19:31:11Z,0.00,313.60,26.71,S,0.00,0.00,1005.40,92.78,1005.40,0.94,25.44,0.00,0.00,180.00,0.00,79DAAFB4
2026-07-25T19:14:03Z,0.00,313.60,26.73,S,0.00,0.00,1005.60,93.93,1005.60,0.78,25.67,0.00,0.00,180.00,0.00,79DAAFB4
2026-07-25T18:56:55Z,0.00,313.60,26.69,S,0.00,0.00,1005.80,92.87,1005.80,0.93,25.44,0.00,0.00,180.00,0.00,79DAAFB4
2026-07-25T18:39:47Z,0.00,313.60,26.68,S,0.00,0.00,1005.90,93.14,1005.90,0.89,25.48,0.00,0.00,180.00,0.00,79DAAFB4
2026-07-25T18:22:28Z,0.00,313.60,26.73,S,0.00,0.00,1006.30,92.95,1006.30,0.92,25.49,0.00,0.00,180.00,0.00,79DAAFB4
2026-07-25T18:05:19Z,0.00,313.60,26.62,S,0.00,0.00,1006.60,92.93,1006.60,0.92,25.38,0.00,0.00,180.00,0.00,79DAAFB4
2026-07-25T17:48:11Z,0.00,313.60,26.54,S,0.00,0.00,1006.90,92.20,1006.90,1.02,25.17,0.00,0.00,180.00,0.00,79DAAFB4
2026-07-25T17:31:03Z,0.00,313.60,26.45,S,0.00,0.00,1007.00,93.02,1007.00,0.91,25.23,0.00,0.00,180.00,0.00,79DAAFB4
2026-07-25T17:13:44Z,0.00,313.60,26.41,S,0.00,0.00,1007.10,92.52,1007.10,0.98,25.10,0.00,0.00,180.00,0.00,79DAAFB4
2026-07-25T16:56:35Z,0.00,313.60,26.40,S,0.00,0.00,1007.20,93.04,1007.20,0.90,25.18,0.00,0.00,180.00,0.00,79DAAFB4
2026-07-25T16:39:26Z,0.00,313.60,26.22,S,0.00,0.00,1007.10,92.79,1007.10,0.94,24.96,0.00,0.00,180.00,0.00,79DAAFB4
2026-07-25T16:22:07Z,0.00,313.60,26.20,S,0.00,0.00,1007.30,92.20,1007.30,1.02,24.83,0.00,0.00,180.00,0.00,79DAAFB4
2026-07-25T16:04:59Z,0.20,313.60,26.17,S,0.00,0.00,1007.50,92.39,1007.50,0.99,24.84,0.00,0.00,180.00,0.00,79DAAFB4
2026-07-25T15:47:51Z,0.00,313.40,26.12,S,0.00,0.00,1007.80,91.54,1007.80,1.11,24.63,0.00,0.00,180.00,0.00,79DAAFB4
2026-07-25T15:30:32Z,0.00,313.40,26.35,S,0.00,0.00,1008.10,89.98,1008.10,1.33,24.57,0.00,0.00,180.00,0.00,79DAAFB4
2026-07-25T15:13:13Z,0.00,313.40,26.41,S,0.00,0.00,1008.30,90.18,1008.30,1.30,24.67,0.00,0.00,180.00,0.00,79DAAFB4
2026-07-25T14:56:04Z,0.20,313.40,26.56,S,0.00,0.00,1008.20,89.66,1008.20,1.38,24.72,0.00,0.00,180.00,0.00,79DAAFB4
2026-07-25T14:38:56Z,0.00,313.20,26.65,S,0.00,0.00,1008.10,89.14,1008.10,1.45,24.71,0.00,0.00,180.00,0.00,79DAAFB4
2026-07-25T14:21:48Z,0.00,313.20,26.86,NW,0.00,0.00,1008.30,86.47,1008.30,1.83,24.41,0.00,0.00,306.00,0.00,79DAAFB4
2026-07-25T14:04:29Z,0.00,313.20,27.44,S,0.00,0.00,1008.00,86.89,1008.00,1.78,25.06,0.00,0.00,180.00,0.00,79DAAFB4
2026-07-25T13:47:20Z,0.00,313.20,27.43,S,0.00,0.00,1007.80,88.01,1007.80,1.62,25.26,0.00,0.00,180.00,0.00,79DAAFB4
2026-07-25T13:30:11Z,0.00,313.20,27.54,S,0.00,0.00,1007.50,89.74,1007.50,1.38,25.70,0.00,0.00,180.00,0.00,79DAAFB4
2026-07-25T13:12:52Z,0.00,313.20,27.37,S,0.00,0.00,1007.10,90.23,1007.10,1.31,25.62,0.00,0.00,180.00,0.00,79DAAFB4
2026-07-25T12:55:44Z,0.00,313.20,27.22,S,0.00,0.00,1006.70,92.38,1006.70,1.00,25.87,0.00,0.00,180.00,0.00,79DAAFB4
2026-07-25T12:38:36Z,0.00,313.20,27.11,S,0.00,0.00,1006.30,93.79,1006.30,0.81,26.02,0.00,0.00,180.00,0.00,79DAAFB4
2026-07-25T12:21:17Z,0.00,313.20,27.14,S,0.00,0.00,1005.80,94.98,1005.80,0.64,26.26,0.00,0.00,180.00,0.00,79DAAFB4
2026-07-25T12:03:58Z,0.00,313.20,26.94,S,0.00,0.00,1005.40,95.47,1005.40,0.57,26.15,0.00,0.00,180.00,0.00,79DAAFB4
2026-07-25T11:46:50Z,0.20,313.20,26.93,S,0.00,0.00,1005.20,96.14,1005.20,0.48,26.26,0.00,0.00,180.00,0.00,79DAAFB4
2026-07-25T11:29:30Z,0.00,313.00,26.67,S,0.00,0.00,1005.20,95.54,1005.20,0.56,25.90,0.00,0.00,180.00,0.00,79DAAFB4
2026-07-25T11:12:21Z,0.00,313.00,26.56,S,0.00,0.00,1005.20,95.17,1005.20,0.61,25.72,0.00,0.00,180.00,0.00,79DAAFB4
2026-07-25T10:55:13Z,3.00,313.00,26.90,S,0.00,0.00,1004.90,94.65,1004.90,0.68,25.97,0.00,0.00,180.00,0.00,79DAAFB4
2026-07-25T10:38:04Z,1.80,310.00,28.74,S,0.00,0.00,1005.10,83.55,1005.10,2.30,25.67,0.00,0.00,180.00,0.00,79DAAFB4
2026-07-25T10:20:53Z,0.00,308.20,30.22,S,0.00,0.00,1004.60,72.23,1004.60,4.07,24.66,0.00,0.00,180.00,0.00,79DAAFB4
2026-07-25T10:03:34Z,0.00,308.20,31.02,S,0.00,0.00,1004.40,68.90,1004.40,4.65,24.63,0.00,0.00,180.00,0.00,79DAAFB4
2026-07-25T09:46:25Z,0.00,308.20,31.02,S,0.00,0.00,1004.50,66.89,1004.50,4.97,24.14,0.00,0.00,180.00,0.00,79DAAFB4
2026-07-25T09:29:16Z,0.00,308.20,31.08,S,0.00,0.00,1004.20,65.96,1004.20,5.13,23.96,0.00,0.00,180.00,0.00,79DAAFB4
2026-07-25T09:11:57Z,0.00,308.20,31.26,S,0.00,0.00,1004.00,63.84,1004.00,5.49,23.59,0.00,0.00,180.00,0.00,79DAAFB4
2026-07-25T08:54:49Z,0.00,308.20,32.26,S,0.00,0.00,1003.60,62.56,1003.60,5.80,24.19,0.00,0.00,180.00,0.00,79DAAFB4
2026-07-25T08:37:41Z,0.00,308.20,35.07,S,0.00,0.00,1003.40,56.33,1003.40,7.20,25.06,0.00,0.00,180.00,0.00,79DAAFB4
2026-07-25T08:20:22Z,0.00,308.20,34.39,S,0.00,0.00,1003.20,57.67,1003.20,6.87,24.82,0.00,0.00,180.00,0.00,79DAAFB4
2026-07-25T08:03:03Z,0.00,308.20,34.66,S,0.00,0.00,1003.10,57.54,1003.10,6.93,25.04,0.00,0.00,180.00,0.00,79DAAFB4
2026-07-25T07:45:55Z,0.00,308.20,34.76,S,0.00,0.00,1003.40,58.05,1003.40,6.84,25.28,0.00,0.00,180.00,0.00,79DAAFB4
2026-07-25T07:28:35Z,0.00,308.20,35.67,S,4.86,5.04,1003.50,55.25,1003.50,7.47,25.29,0.00,0.00,186.00,4.75,79DAAFB4
2026-07-25T07:11:26Z,0.00,308.20,33.99,S,0.00,0.00,1003.50,60.80,1003.50,6.27,25.34,0.00,0.00,180.00,0.00,79DAAFB4
2026-07-25T06:54:18Z,0.00,308.20,34.53,S,0.00,0.00,1003.50,56.16,1003.50,7.17,24.51,0.00,0.00,180.00,0.00,79DAAFB4
2026-07-25T06:36:59Z,0.00,308.20,36.52,S,0.00,0.00,1003.80,51.63,1003.80,8.29,24.94,0.00,0.00,180.00,0.00,79DAAFB4
2026-07-25T06:19:51Z,0.00,308.20,35.75,S,0.86,2.66,1004.20,53.61,1004.20,7.80,24.86,0.00,0.00,173.00,0.00,79DAAFB4
2026-07-25T06:02:43Z,0.00,308.20,35.43,SSW,1.51,2.30,1004.60,53.67,1004.60,7.75,24.58,0.00,0.00,192.00,0.00,79DAAFB4
2026-07-25T05:45:24Z,0.00,308.20,33.96,S,0.00,0.00,1005.00,57.97,1005.00,6.77,24.51,0.00,0.00,180.00,0.00,79DAAFB4
2026-07-25T05:28:16Z,0.00,308.20,33.54,S,0.00,0.00,1005.20,59.01,1005.20,6.54,24.42,0.00,0.00,180.00,0.00,79DAAFB4
2026-07-25T05:10:56Z,0.00,308.20,33.16,S,0.00,0.00,1005.50,63.69,1005.50,5.68,25.34,0.00,0.00,180.00,0.00,79DAAFB4
2026-07-25T04:53:37Z,0.00,308.20,33.16,S,0.00,0.00,1005.90,64.57,1005.90,5.53,25.57,0.00,0.00,180.00,0.00,79DAAFB4
2026-07-25T04:36:29Z,0.00,308.20,32.88,S,0.00,0.00,1005.70,64.39,1005.70,5.54,25.26,0.00,0.00,180.00,0.00,79DAAFB4
2026-07-25T04:19:18Z,0.00,308.20,32.18,S,0.00,0.00,1006.10,66.93,1006.10,5.06,25.25,0.00,0.00,180.00,0.00,79DAAFB4
2026-07-25T04:01:59Z,0.00,308.20,31.65,S,0.00,0.00,1005.90,70.01,1005.90,4.52,25.50,0.00,0.00,180.00,0.00,79DAAFB4
2026-07-25T03:44:51Z,0.00,308.20,31.45,S,0.00,0.00,1006.00,70.49,1006.00,4.42,25.43,0.00,0.00,180.00,0.00,79DAAFB4
2026-07-25T03:27:31Z,0.00,308.20,31.46,S,0.00,0.00,1006.10,71.49,1006.10,4.27,25.67,0.00,0.00,180.00,0.00,79DAAFB4
2026-07-25T03:10:22Z,0.00,308.20,30.89,S,0.00,0.00,1006.10,73.27,1006.10,3.95,25.54,0.00,0.00,180.00,0.00,79DAAFB4
2026-07-25T02:53:14Z,0.00,308.20,30.97,S,0.00,0.00,1006.30,72.29,1006.30,4.11,25.39,0.00,0.00,180.00,0.00,79DAAFB4
2026-07-25T02:36:06Z,0.00,308.20,30.42,S,0.00,0.00,1006.10,74.11,1006.10,3.79,25.28,0.00,0.00,180.00,0.00,79DAAFB4
2026-07-25T02:18:58Z,0.00,308.20,29.67,S,0.00,0.00,1006.10,77.22,1006.10,3.28,25.25,0.00,0.00,180.00,0.00,79DAAFB4
2026-07-25T02:01:50Z,0.00,308.20,29.60,S,0.00,0.00,1006.30,78.04,1006.30,3.15,25.36,0.00,0.00,180.00,0.00,79DAAFB4
2026-07-25T01:44:42Z,0.00,308.20,29.33,S,0.00,0.00,1006.40,79.42,1006.40,2.93,25.39,0.00,0.00,180.00,0.00,79DAAFB4
2026-07-25T01:27:34Z,0.00,308.20,28.77,S,0.00,0.00,1006.50,80.84,1006.50,2.70,25.15,0.00,0.00,180.00,0.00,79DAAFB4
2026-07-25T01:10:15Z,0.00,308.20,28.31,S,0.00,0.00,1006.60,83.06,1006.60,2.36,25.15,0.00,0.00,180.00,0.00,79DAAFB4
2026-07-25T00:53:06Z,0.00,308.20,28.30,S,0.00,0.00,1006.60,82.93,1006.60,2.38,25.12,0.00,0.00,180.00,0.00,79DAAFB4
2026-07-25T00:35:58Z,0.00,308.20,27.55,S,0.00,0.00,1006.50,85.62,1006.50,1.97,24.92,0.00,0.00,180.00,0.00,79DAAFB4
2026-07-25T00:18:50Z,0.00,308.20,27.62,S,0.00,0.00,1006.40,86.34,1006.40,1.87,25.13,0.00,0.00,180.00,0.00,79DAAFB4
2026-07-25T00:01:31Z,0.00,308.20,27.38,S,0.00,0.00,1006.40,86.45,1006.40,1.84,24.91,0.00,0.00,180.00,0.00,79DAAFB4
2026-07-24T23:44:22Z,0.00,308.20,27.47,S,0.00,0.00,1006.30,86.42,1006.30,1.85,25.00,0.00,0.00,180.00,0.00,79DAAFB4
2026-07-24T23:27:13Z,0.00,308.20,27.27,S,0.00,0.00,1006.20,86.47,1006.20,1.84,24.81,0.00,0.00,180.00,0.00,79DAAFB4
2026-07-24T23:09:54Z,0.00,308.20,27.06,S,0.00,0.00,1006.10,86.65,1006.10,1.81,24.64,0.00,0.00,180.00,0.00,79DAAFB4
2026-07-24T22:52:46Z,0.00,308.20,27.05,S,0.00,0.00,1005.90,86.97,1005.90,1.76,24.69,0.00,0.00,180.00,0.00,79DAAFB4
2026-07-24T22:35:38Z,0.00,308.20,27.04,S,0.00,0.00,1005.70,87.81,1005.70,1.64,24.84,0.00,0.00,180.00,0.00,79DAAFB4
2026-07-24T22:18:19Z,0.00,308.20,27.07,S,0.00,0.00,1005.40,88.05,1005.40,1.61,24.92,0.00,0.00,180.00,0.00,79DAAFB4
2026-07-24T22:01:00Z,0.00,308.20,27.04,S,0.00,0.00,1005.20,87.58,1005.20,1.68,24.80,0.00,0.00,180.00,0.00,79DAAFB4
2026-07-24T21:43:52Z,0.00,308.20,27.00,S,0.00,0.00,1004.90,87.60,1004.90,1.67,24.76,0.00,0.00,180.00,0.00,79DAAFB4
2026-07-24T21:26:32Z,0.00,308.20,27.11,S,0.00,0.00,1004.80,87.50,1004.80,1.69,24.85,0.00,0.00,180.00,0.00,79DAAFB4
2026-07-24T21:09:23Z,0.00,308.20,27.09,S,0.00,0.00,1004.80,87.67,1004.80,1.66,24.86,0.00,0.00,180.00,0.00,79DAAFB4
2026-07-24T20:52:15Z,0.00,308.20,27.24,S,0.00,0.00,1004.80,87.20,1004.80,1.73,24.92,0.00,0.00,180.00,0.00,79DAAFB4
2026-07-24T20:35:07Z,0.00,308.20,27.37,S,0.00,0.00,1004.70,86.31,1004.70,1.86,24.88,0.00,0.00,180.00,0.00,79DAAFB4
2026-07-24T20:17:59Z,0.00,308.20,27.32,S,0.00,0.00,1004.60,86.88,1004.60,1.78,24.94,0.00,0.00,180.00,0.00,79DAAFB4
2026-07-24T20:00:51Z,0.00,308.20,27.33,S,0.00,0.00,1004.70,86.80,1004.70,1.79,24.93,0.00,0.00,180.00,0.00,79DAAFB4
2026-07-24T19:43:43Z,0.00,308.20,27.30,S,0.00,0.00,1004.60,86.55,1004.60,1.83,24.86,0.00,0.00,180.00,0.00,79DAAFB4
2026-07-24T19:26:24Z,0.00,308.20,27.19,S,0.00,0.00,1004.90,86.77,1004.90,1.79,24.79,0.00,0.00,180.00,0.00,79DAAFB4
2026-07-24T19:08:16Z,0.00,308.20,27.24,S,0.00,0.00,1005.80,85.98,1005.20,1.91,24.69,0.00,0.00,180.00,0.00,79DAAFB4
2026-07-24T18:50:56Z,0.00,308.20,27.26,S,0.00,0.00,1006.10,85.37,1005.50,1.99,24.59,0.00,0.00,180.00,0.00,79DAAFB4
2026-07-24T18:33:47Z,0.00,308.20,27.24,S,0.00,0.00,1006.40,85.65,1005.80,1.95,24.62,0.00,0.00,180.00,0.00,79DAAFB4
2026-07-24T18:16:39Z,0.00,308.20,27.41,S,0.00,0.00,1006.40,84.52,1005.80,2.12,24.57,0.00,0.00,180.00,0.00,79DAAFB4
2026-07-24T17:59:31Z,0.00,308.20,27.45,S,0.00,0.00,1006.60,84.22,1006.00,2.16,24.54,0.00,0.00,180.00,0.00,79DAAFB4
2026-07-24T17:42:23Z,0.00,308.20,27.58,S,0.00,0.00,1006.80,83.42,1006.20,2.28,24.51,0.00,0.00,180.00,0.00,79DAAFB4
2026-07-24T17:25:15Z,0.00,308.20,27.61,S,0.00,0.00,1006.90,83.02,1006.30,2.34,24.46,0.00,0.00,180.00,0.00,79DAAFB4
2026-07-24T17:08:07Z,0.00,308.20,27.59,S,0.00,0.00,1006.90,82.71,1006.30,2.38,24.38,0.00,0.00,180.00,0.00,79DAAFB4
2026-07-24T16:50:48Z,0.00,308.20,27.69,S,0.00,0.00,1007.20,82.92,1006.60,2.36,24.52,0.00,0.00,180.00,0.00,79DAAFB4
2026-07-24T16:33:29Z,0.00,308.20,27.61,S,0.00,0.00,1007.40,82.88,1006.80,2.36,24.43,0.00,0.00,180.00,0.00,79DAAFB4
2026-07-24T16:16:21Z,0.00,308.20,27.66,S,0.00,0.00,1007.80,82.95,1007.20,2.35,24.50,0.00,0.00,180.00,0.00,79DAAFB4
2026-07-24T15:59:01Z,0.00,308.20,27.57,S,0.00,0.00,1008.00,83.46,1007.40,2.28,24.51,0.00,0.00,180.00,0.00,79DAAFB4
2026-07-24T15:41:52Z,0.00,308.20,27.48,S,0.00,0.00,1008.10,83.05,1007.50,2.33,24.34,0.00,0.00,180.00,0.00,79DAAFB4
2026-07-24T15:24:44Z,0.00,308.20,27.62,S,0.00,0.00,1008.50,82.59,1007.90,2.40,24.38,0.00,0.00,180.00,0.00,79DAAFB4
2026-07-24T15:07:36Z,0.00,308.20,27.60,S,0.00,0.00,1008.70,82.70,1008.10,2.39,24.39,0.00,0.00,180.00,0.00,79DAAFB4
2026-07-24T14:50:28Z,0.00,308.20,27.26,S,0.00,0.00,1008.40,83.48,1007.80,2.26,24.21,0.00,0.00,180.00,0.00,79DAAFB4
2026-07-24T14:33:20Z,0.00,308.20,27.29,S,0.00,0.00,1008.30,83.14,1007.70,2.31,24.17,0.00,0.00,180.00,0.00,79DAAFB4
2026-07-24T14:16:12Z,0.00,308.20,27.43,S,0.00,0.00,1008.00,83.30,1007.40,2.29,24.34,0.00,0.00,180.00,0.00,79DAAFB4
2026-07-24T13:58:53Z,0.00,308.20,27.82,S,0.00,0.00,1007.80,80.20,1007.20,2.75,24.09,0.00,0.00,180.00,0.00,79DAAFB4
2026-07-24T13:41:34Z,0.00,308.20,27.57,S,0.00,0.00,1008.00,80.78,1007.40,2.66,23.97,0.00,0.00,180.00,0.00,79DAAFB4
2026-07-24T13:24:26Z,0.00,308.20,27.60,S,0.00,0.00,1007.60,80.20,1007.00,2.75,23.88,0.00,0.00,180.00,0.00,79DAAFB4
2026-07-24T13:07:06Z,0.00,308.20,27.58,S,0.00,0.00,1007.00,80.88,1006.40,2.65,24.00,0.00,0.00,180.00,0.00,79DAAFB4
2026-07-24T12:49:57Z,0.00,308.20,27.86,S,0.00,0.00,1006.90,80.25,1006.30,2.75,24.14,0.00,0.00,180.00,0.00,79DAAFB4
2026-07-24T12:32:49Z,0.00,308.20,28.38,S,0.00,0.00,1006.10,77.85,1005.50,3.12,24.14,0.00,0.00,180.00,0.00,79DAAFB4
2026-07-24T12:15:41Z,0.00,308.20,28.82,WSW,0.00,0.00,1005.50,81.32,1004.90,2.63,25.29,0.00,0.00,237.00,0.00,79DAAFB4
2026-07-24T11:58:33Z,0.00,308.20,29.10,S,0.00,0.00,1005.50,80.27,1004.90,2.79,25.35,0.00,0.00,180.00,0.00,79DAAFB4
2026-07-24T11:41:25Z,0.00,308.20,29.27,S,0.00,0.00,1005.40,79.26,1004.80,2.95,25.30,0.00,0.00,180.00,0.00,79DAAFB4
2026-07-24T11:24:17Z,0.00,308.20,29.57,S,0.00,0.00,1004.70,77.62,1004.10,3.21,25.24,0.00,0.00,180.00,0.00,79DAAFB4
2026-07-24T11:06:58Z,0.00,308.20,29.80,S,0.00,0.00,1004.30,75.82,1003.70,3.49,25.07,0.00,0.00,180.00,0.00,79DAAFB4
2026-07-24T10:49:39Z,0.00,308.20,30.55,S,0.00,0.00,1004.00,72.23,1003.40,4.09,24.97,0.00,0.00,180.00,0.00,79DAAFB4
2026-07-24T10:32:30Z,0.00,308.20,31.82,S,0.00,0.00,1003.90,65.53,1003.30,5.26,24.55,0.00,0.00,180.00,0.00,79DAAFB4
2026-07-24T10:15:21Z,0.00,308.20,32.96,S,0.00,0.00,1003.50,62.42,1002.90,5.88,24.81,0.00,0.00,180.00,0.00,79DAAFB4
2026-07-24T09:58:13Z,0.00,308.20,33.65,S,0.00,0.00,1003.30,60.36,1002.70,6.31,24.90,0.00,0.00,180.00,0.00,79DAAFB4
2026-07-24T09:41:05Z,0.00,308.20,35.56,S,0.00,0.00,1003.50,55.29,1002.90,7.45,25.20,0.00,0.00,180.00,0.00,79DAAFB4
2026-07-24T09:23:46Z,0.00,308.20,35.78,S,0.00,0.00,1003.00,54.97,1002.40,7.54,25.31,0.00,0.00,180.00,0.00,79DAAFB4
2026-07-24T09:06:37Z,0.00,308.20,35.55,S,0.00,0.00,1003.30,57.42,1002.70,7.05,25.83,0.00,0.00,180.00,0.00,79DAAFB4
2026-07-24T08:49:28Z,0.00,308.20,34.27,S,0.00,0.00,1003.40,59.24,1002.80,6.57,25.16,0.00,0.00,180.00,0.00,79DAAFB4
2026-07-24T08:32:09Z,0.00,308.20,31.62,S,0.00,0.00,1003.80,72.48,1003.20,4.12,26.06,0.00,0.00,180.00,0.00,79DAAFB4
2026-07-24T08:15:01Z,0.00,308.20,33.01,S,0.00,0.00,1003.50,67.56,1002.90,5.02,26.19,0.00,0.00,180.00,0.00,79DAAFB4
2026-07-24T07:57:53Z,0.00,308.20,35.62,S,0.00,0.00,1003.60,58.92,1003.00,6.77,26.33,0.00,0.00,180.00,0.00,79DAAFB4
2026-07-24T07:40:34Z,0.00,308.20,38.74,S,0.00,0.00,1003.40,44.73,1002.80,10.09,24.55,0.00,0.00,180.00,0.00,79DAAFB4
2026-07-24T07:23:15Z,0.00,308.20,36.35,S,0.00,0.00,1003.60,52.95,1003.00,8.00,25.21,0.00,0.00,180.00,0.00,79DAAFB4
2026-07-24T07:06:06Z,0.00,308.20,34.93,S,0.00,0.00,1003.70,59.13,1003.10,6.66,25.75,0.00,0.00,180.00,0.00,79DAAFB4
2026-07-24T06:48:58Z,0.00,308.20,33.83,S,0.00,0.00,1004.10,60.73,1003.50,6.26,25.17,0.00,0.00,180.00,0.00,79DAAFB4
2026-07-24T06:31:50Z,0.00,308.20,33.72,S,0.00,0.00,1004.40,62.39,1003.80,5.96,25.52,0.00,0.00,180.00,0.00,79DAAFB4
2026-07-24T06:14:31Z,0.00,308.20,33.49,S,0.00,0.00,1004.60,64.12,1004.00,5.64,25.77,0.00,0.00,180.00,0.00,79DAAFB4
2026-07-24T05:57:22Z,0.00,308.20,33.41,S,0.00,0.00,1005.10,60.97,1004.50,6.18,24.84,0.00,0.00,180.00,0.00,79DAAFB4
2026-07-24T05:40:13Z,0.00,308.20,33.95,S,0.00,0.00,1005.20,59.65,1004.60,6.47,24.98,0.00,0.00,180.00,0.00,79DAAFB4
2026-07-24T05:22:54Z,0.00,308.20,34.51,S,0.00,0.00,1005.40,58.38,1004.80,6.76,25.14,0.00,0.00,180.00,0.00,79DAAFB4
2026-07-24T05:05:46Z,0.00,308.20,33.53,S,0.00,0.00,1005.50,60.85,1004.90,6.21,24.92,0.00,0.00,180.00,0.00,79DAAFB4
2026-07-24T04:48:38Z,0.00,308.20,33.70,SSW,0.00,0.00,1005.70,59.98,1005.10,6.38,24.84,0.00,0.00,198.00,0.00,79DAAFB4
2026-07-24T04:31:19Z,0.00,308.20,33.45,S,0.00,0.00,1005.90,60.94,1005.30,6.19,24.87,0.00,0.00,180.00,0.00,79DAAFB4
2026-07-24T04:14:00Z,0.00,308.20,32.53,S,0.00,0.00,1006.20,65.26,1005.60,5.36,25.15,0.00,0.00,180.00,0.00,79DAAFB4
2026-07-24T03:56:52Z,0.00,308.20,32.11,S,0.00,0.00,1006.50,66.48,1005.90,5.13,25.07,0.00,0.00,180.00,0.00,79DAAFB4
2026-07-24T03:39:32Z,0.00,308.20,31.69,S,0.00,0.00,1006.70,66.83,1006.10,5.04,24.76,0.00,0.00,180.00,0.00,79DAAFB4
2026-07-24T03:22:23Z,0.00,308.20,31.95,S,1.01,3.06,1007.00,67.51,1006.40,4.94,25.17,0.00,0.00,186.00,0.00,79DAAFB4
2026-07-24T03:05:15Z,0.00,308.20,31.43,S,0.00,0.00,1007.00,66.67,1006.40,5.04,24.47,0.00,0.00,180.00,0.00,79DAAFB4
2026-07-24T02:48:07Z,0.00,308.20,31.13,S,0.00,0.00,1007.10,69.30,1006.50,4.59,24.83,0.00,0.00,180.00,0.00,79DAAFB4
2026-07-24T02:30:59Z,0.00,308.20,31.26,S,0.00,0.00,1007.20,68.35,1006.60,4.76,24.73,0.00,0.00,180.00,0.00,79DAAFB4
2026-07-24T02:13:51Z,0.00,308.20,31.35,S,0.00,0.00,1007.40,68.75,1006.80,4.70,24.91,0.00,0.00,180.00,0.00,79DAAFB4
2026-07-24T01:56:43Z,0.00,308.20,31.03,S,0.00,0.00,1007.40,69.27,1006.80,4.59,24.73,0.00,0.00,180.00,0.00,79DAAFB4
2026-07-24T01:39:24Z,0.00,308.20,30.26,S,0.00,0.00,1007.40,72.18,1006.80,4.08,24.68,0.00,0.00,180.00,0.00,79DAAFB4
2026-07-24T01:22:05Z,0.00,308.20,29.67,S,0.00,0.00,1007.10,73.63,1006.50,3.82,24.45,0.00,0.00,180.00,0.00,79DAAFB4
2026-07-24T01:04:57Z,0.00,308.20,29.24,S,0.00,0.00,1007.20,74.88,1006.60,3.61,24.32,0.00,0.00,180.00,0.00,79DAAFB4
2026-07-24T00:47:37Z,0.00,308.20,29.12,S,0.00,0.00,1007.20,76.73,1006.60,3.32,24.61,0.00,0.00,180.00,0.00,79DAAFB4
2026-07-24T00:30:28Z,0.00,308.20,29.10,S,0.00,0.00,1007.30,77.07,1006.70,3.27,24.66,0.00,0.00,180.00,0.00,79DAAFB4
2026-07-24T00:13:20Z,0.00,308.20,29.03,S,0.00,0.00,1007.30,79.53,1006.70,2.90,25.12,0.00,0.00,180.00,0.00,79DAAFB4
2026-07-23T23:56:01Z,0.00,308.20,28.86,S,0.00,0.00,1007.20,80.23,1006.60,2.79,25.11,0.00,0.00,180.00,0.00,79DAAFB4
2026-07-23T23:38:53Z,0.00,308.20,28.46,S,0.00,0.00,1007.20,79.32,1006.60,2.91,24.53,0.00,0.00,180.00,0.00,79DAAFB4
2026-07-23T23:21:45Z,0.00,308.20,28.24,S,0.00,0.00,1006.80,79.66,1006.20,2.85,24.38,0.00,0.00,180.00,0.00,79DAAFB4
2026-07-23T23:04:26Z,0.00,308.20,28.09,S,0.00,0.00,1006.70,82.86,1006.10,2.38,24.90,0.00,0.00,180.00,0.00,79DAAFB4
2026-07-23T22:47:18Z,0.00,308.20,28.03,S,0.00,0.00,1006.60,82.11,1006.00,2.49,24.69,0.00,0.00,180.00,0.00,79DAAFB4
2026-07-23T22:29:58Z,0.00,308.20,28.02,S,0.00,0.00,1006.40,82.58,1005.80,2.42,24.77,0.00,0.00,180.00,0.00,79DAAFB4
2026-07-23T22:12:50Z,0.00,308.20,28.06,S,0.00,0.00,1006.50,82.49,1005.90,2.43,24.79,0.00,0.00,180.00,0.00,79DAAFB4
2026-07-23T21:55:41Z,0.00,308.20,28.01,S,0.00,0.00,1006.60,81.29,1006.00,2.60,24.50,0.00,0.00,180.00,0.00,79DAAFB4
2026-07-23T21:38:32Z,0.00,308.20,28.13,S,0.00,0.00,1006.40,82.04,1005.80,2.50,24.77,0.00,0.00,180.00,0.00,79DAAFB4
2026-07-23T21:21:24Z,0.00,308.20,28.27,S,0.00,0.00,1006.30,80.72,1005.70,2.70,24.63,0.00,0.00,180.00,0.00,79DAAFB4
2026-07-23T21:04:15Z,0.00,308.20,28.39,S,0.00,0.00,1006.40,79.21,1005.80,2.92,24.44,0.00,0.00,180.00,0.00,79DAAFB4
2026-07-23T20:47:07Z,0.00,308.20,28.51,S,0.00,0.00,1006.50,79.66,1005.90,2.86,24.65,0.00,0.00,180.00,0.00,79DAAFB4
2026-07-23T20:29:59Z,0.00,308.20,28.64,S,0.00,0.00,1006.50,78.57,1005.90,3.03,24.54,0.00,0.00,180.00,0.00,79DAAFB4
2026-07-23T20:12:51Z,0.00,308.20,28.66,S,0.00,0.00,1006.60,75.73,1006.00,3.45,23.95,0.00,0.00,180.00,0.00,79DAAFB4
2026-07-23T19:55:32Z,0.00,308.20,28.79,S,0.00,0.00,1006.70,75.84,1006.10,3.44,24.10,0.00,0.00,180.00,0.00,79DAAFB4
2026-07-23T19:38:24Z,0.00,308.20,28.82,S,0.00,0.00,1006.70,75.50,1006.10,3.49,24.05,0.00,0.00,180.00,0.00,79DAAFB4
2026-07-23T19:21:04Z,0.00,308.20,28.97,S,0.00,0.00,1006.90,75.25,1006.30,3.54,24.14,0.00,0.00,180.00,0.00,79DAAFB4
2026-07-23T19:03:45Z,0.00,308.20,28.97,S,0.00,0.00,1006.90,74.82,1006.30,3.60,24.04,0.00,0.00,180.00,0.00,79DAAFB4
2026-07-23T18:46:37Z,0.00,308.20,29.00,S,0.00,0.00,1007.00,74.57,1006.40,3.64,24.02,0.00,0.00,180.00,0.00,79DAAFB4
2026-07-23T18:29:28Z,0.00,308.20,29.15,S,0.00,0.00,1007.30,74.56,1006.70,3.65,24.16,0.00,0.00,180.00,0.00,79DAAFB4
2026-07-23T18:12:20Z,0.00,308.20,29.24,S,0.00,0.00,1007.50,75.96,1006.90,3.44,24.56,0.00,0.00,180.00,0.00,79DAAFB4
2026-07-23T17:55:11Z,0.00,308.20,29.55,S,0.00,0.00,1007.80,75.72,1007.20,3.50,24.80,0.00,0.00,180.00,0.00,79DAAFB4
2026-07-23T17:38:03Z,0.00,308.20,29.48,S,0.00,0.00,1008.10,74.37,1007.50,3.70,24.43,0.00,0.00,180.00,0.00,79DAAFB4
2026-07-23T17:20:55Z,0.00,308.20,29.58,S,0.00,0.00,1008.30,74.36,1007.70,3.71,24.53,0.00,0.00,180.00,0.00,79DAAFB4
2026-07-23T17:03:47Z,0.00,308.20,29.42,S,0.00,0.00,1008.50,76.46,1007.90,3.38,24.84,0.00,0.00,180.00,0.00,79DAAFB4
2026-07-23T16:46:39Z,0.00,308.20,29.41,S,0.00,0.00,1008.70,79.19,1008.10,2.97,25.42,0.00,0.00,180.00,0.00,79DAAFB4
2026-07-23T16:26:32Z,0.00,308.20,29.25,S,0.00,0.00,1008.50,79.53,1008.50,2.91,25.34,0.00,0.00,180.00,0.00,79DAAFB4
2026-07-23T16:09:24Z,0.00,308.20,29.18,S,0.00,0.00,1008.60,79.38,1008.60,2.93,25.24,0.00,0.00,180.00,0.00,79DAAFB4
2026-07-23T15:52:16Z,0.00,308.20,29.37,S,0.00,0.00,1008.60,78.65,1008.60,3.05,25.27,0.00,0.00,180.00,0.00,79DAAFB4
2026-07-23T15:35:08Z,0.00,308.20,19.54,S,0.00,0.00,672.40,52.33,672.40,5.93,9.52,0.00,0.00,180.00,0.00,79DAAFB4
2026-07-23T15:18:00Z,0.00,308.20,29.34,S,0.00,0.00,1008.40,78.09,1008.40,3.13,25.12,0.00,0.00,180.00,0.00,79DAAFB4
2026-07-23T15:00:52Z,0.00,308.20,29.45,S,0.00,0.00,1008.20,77.38,1008.20,3.24,25.07,0.00,0.00,180.00,0.00,79DAAFB4
2026-07-23T14:43:44Z,0.00,308.20,29.57,S,0.00,0.00,1008.10,76.66,1008.10,3.36,25.03,0.00,0.00,180.00,0.00,79DAAFB4
2026-07-23T14:26:25Z,0.00,308.20,29.65,S,0.00,0.00,1007.90,76.35,1007.90,3.41,25.04,0.00,0.00,180.00,0.00,79DAAFB4
2026-07-23T14:09:17Z,0.00,308.20,29.69,S,0.00,0.00,1007.70,75.93,1007.70,3.47,24.98,0.00,0.00,180.00,0.00,79DAAFB4
2026-07-23T13:51:57Z,0.00,308.20,29.67,S,0.00,0.00,1007.20,76.15,1007.20,3.44,25.01,0.00,0.00,180.00,0.00,79DAAFB4
2026-07-23T13:34:38Z,0.00,308.20,29.65,S,0.00,0.00,1006.70,75.39,1006.70,3.55,24.83,0.00,0.00,180.00,0.00,79DAAFB4
2026-07-23T13:17:30Z,0.00,308.20,29.89,S,0.00,0.00,1006.40,74.94,1006.40,3.63,24.96,0.00,0.00,180.00,0.00,79DAAFB4
2026-07-23T13:00:21Z,0.00,308.20,30.03,S,0.00,0.00,1006.00,74.19,1006.00,3.76,24.92,0.00,0.00,180.00,0.00,79DAAFB4
2026-07-23T12:43:13Z,0.00,308.20,30.00,S,0.00,0.00,1006.10,73.69,1006.10,3.83,24.78,0.00,0.00,180.00,0.00,79DAAFB4
2026-07-23T12:26:04Z,0.00,308.20,30.24,S,0.00,0.00,1006.10,72.83,1006.10,3.98,24.81,0.00,0.00,180.00,0.00,79DAAFB4
2026-07-23T12:08:56Z,0.00,308.20,30.11,S,0.00,0.00,1006.00,75.10,1006.00,3.62,25.21,0.00,0.00,180.00,0.00,79DAAFB4
2026-07-23T11:51:48Z,0.00,308.20,29.96,S,0.00,0.00,1005.70,75.16,1005.70,3.60,25.07,0.00,0.00,180.00,0.00,79DAAFB4
2026-07-23T11:34:40Z,0.00,308.20,30.21,S,0.00,0.00,1005.40,73.33,1005.40,3.90,24.90,0.00,0.00,180.00,0.00,79DAAFB4
2026-07-23T11:17:21Z,0.00,308.20,30.41,SW,0.68,2.12,1005.20,71.43,1005.20,4.21,24.65,0.00,0.00,216.00,0.00,79DAAFB4
2026-07-23T11:00:13Z,0.00,308.20,30.75,S,0.00,0.00,1005.20,69.89,1005.20,4.47,24.61,0.00,0.00,180.00,0.00,79DAAFB4
2026-07-23T10:42:53Z,0.00,308.20,30.51,S,0.00,0.00,1005.10,71.36,1005.10,4.23,24.73,0.00,0.00,180.00,0.00,79DAAFB4
2026-07-23T10:25:45Z,0.00,308.20,30.78,S,0.00,0.00,1005.00,71.10,1005.00,4.28,24.93,0.00,0.00,180.00,0.00,79DAAFB4
2026-07-23T10:08:36Z,0.00,308.20,32.50,S,0.00,0.00,1004.60,65.76,1004.60,5.28,25.25,0.00,0.00,180.00,0.00,79DAAFB4
2026-07-23T09:51:27Z,0.00,308.20,37.40,S,0.00,0.00,1004.20,46.94,1004.20,9.39,24.15,0.00,0.00,180.00,0.00,79DAAFB4
2026-07-23T09:34:19Z,0.00,308.20,38.74,S,0.00,0.00,1003.70,44.53,1003.70,10.13,24.48,0.00,0.00,180.00,0.00,79DAAFB4
2026-07-23T09:17:10Z,0.00,308.20,39.28,S,0.00,0.00,1003.70,42.89,1003.70,10.60,24.33,0.00,0.00,180.00,0.00,79DAAFB4
2026-07-23T09:00:02Z,0.00,308.20,39.58,S,0.00,0.00,1003.70,42.00,1003.70,10.86,24.25,0.00,0.00,180.00,0.00,79DAAFB4
2026-07-23T08:42:54Z,0.00,308.20,40.05,S,0.00,0.00,1003.70,42.24,1003.70,10.89,24.77,0.00,0.00,180.00,0.00,79DAAFB4
2026-07-23T08:25:46Z,0.00,308.20,40.02,S,0.00,0.00,1003.60,42.58,1003.60,10.80,24.87,0.00,0.00,180.00,0.00,79DAAFB4
2026-07-23T08:08:27Z,0.00,308.20,40.11,S,0.00,0.00,1003.80,41.18,1003.80,11.15,24.39,0.00,0.00,180.00,0.00,79DAAFB4
2026-07-23T07:51:19Z,0.00,308.20,39.52,N,0.00,0.00,1004.00,42.17,1004.00,10.81,24.26,0.00,0.00,357.00,0.00,79DAAFB4
2026-07-23T07:33:59Z,0.00,308.20,39.42,S,0.00,0.00,1004.20,42.73,1004.20,10.66,24.40,0.00,0.00,180.00,0.00,79DAAFB4
2026-07-23T07:16:40Z,0.00,308.20,38.57,S,0.00,0.00,1004.40,47.60,1004.40,9.42,25.44,0.00,0.00,180.00,0.00,79DAAFB4
2026-07-23T06:59:32Z,0.00,308.20,37.97,S,0.00,0.00,1004.70,48.70,1004.70,9.10,25.28,0.00,0.00,180.00,0.00,79DAAFB4
2026-07-23T06:42:23Z,0.00,308.20,37.43,SW,3.67,3.96,1005.00,47.43,1005.00,9.29,24.35,0.00,0.00,225.00,3.24,79DAAFB4
2026-07-23T06:25:15Z,0.00,308.20,35.60,S,0.00,0.00,1005.30,59.20,1005.30,6.72,26.39,0.00,0.00,180.00,0.00,79DAAFB4
2026-07-23T06:08:06Z,0.00,308.20,34.30,S,0.00,0.00,1005.70,58.47,1005.70,6.72,24.97,0.00,0.00,180.00,0.00,79DAAFB4
2026-07-23T05:50:58Z,0.00,308.20,34.02,S,0.00,0.00,1005.90,59.09,1005.90,6.58,24.89,0.00,0.00,180.00,0.00,79DAAFB4
2026-07-23T05:33:50Z,0.00,308.20,34.03,S,0.00,0.00,1006.10,59.29,1006.10,6.54,24.95,0.00,0.00,180.00,0.00,79DAAFB4
2026-07-23T05:16:42Z,0.00,308.20,34.49,S,0.00,0.00,1006.50,58.17,1006.50,6.79,25.06,0.00,0.00,180.00,0.00,79DAAFB4
2026-07-23T04:59:23Z,0.00,308.20,34.58,S,0.00,0.00,1006.70,58.28,1006.70,6.78,25.18,0.00,0.00,180.00,0.00,79DAAFB4
2026-07-23T04:42:14Z,0.00,308.20,33.85,S,0.00,0.00,1007.10,59.64,1007.10,6.46,24.88,0.00,0.00,180.00,0.00,79DAAFB4
2026-07-23T04:24:55Z,0.00,308.20,33.33,S,0.00,0.00,1007.30,60.38,1007.30,6.28,24.60,0.00,0.00,180.00,0.00,79DAAFB4
2026-07-23T04:07:36Z,0.00,308.20,32.81,N,0.00,0.00,1007.90,62.66,1007.90,5.83,24.74,0.00,0.00,1.00,0.00,79DAAFB4
2026-07-23T03:50:28Z,0.00,308.20,32.69,NNW,1.76,3.46,1008.10,63.37,1008.10,5.70,24.81,0.00,0.00,340.00,0.00,79DAAFB4
2026-07-23T03:33:08Z,0.00,308.20,32.35,S,0.00,0.00,1008.30,65.48,1008.30,5.31,25.04,0.00,0.00,180.00,0.00,79DAAFB4
2026-07-23T03:15:59Z,0.00,308.20,32.31,S,0.00,0.00,1008.60,65.05,1008.60,5.38,24.89,0.00,0.00,180.00,0.00,79DAAFB4
2026-07-23T02:58:51Z,0.00,308.20,31.79,S,0.00,0.00,1008.80,65.45,1008.80,5.27,24.50,0.00,0.00,180.00,0.00,79DAAFB4
2026-07-23T02:41:43Z,0.00,308.20,31.40,S,0.00,0.00,1008.90,70.78,1008.90,4.38,25.45,0.00,0.00,180.00,0.00,79DAAFB4
2026-07-23T02:24:35Z,0.00,308.20,31.15,S,0.00,0.00,1009.00,72.24,1009.00,4.13,25.55,0.00,0.00,180.00,0.00,79DAAFB4
2026-07-23T02:07:27Z,0.00,308.20,30.65,N,0.00,0.00,1009.00,72.50,1009.00,4.06,25.13,0.00,0.00,10.00,0.00,79DAAFB4
2026-07-23T01:50:19Z,0.00,308.20,30.40,S,0.00,0.00,1009.00,75.81,1009.00,3.53,25.64,0.00,0.00,180.00,0.00,79DAAFB4
2026-07-23T01:33:11Z,0.00,308.20,30.09,S,0.00,0.00,1008.90,77.98,1008.90,3.18,25.82,0.00,0.00,180.00,0.00,79DAAFB4
2026-07-23T01:15:52Z,0.00,308.20,29.92,S,0.00,0.00,1008.90,80.06,1008.90,2.86,26.10,0.00,0.00,180.00,0.00,79DAAFB4
2026-07-23T00:58:43Z,0.00,308.20,29.27,S,0.00,0.00,1008.70,82.23,1008.70,2.51,25.92,0.00,0.00,180.00,0.00,79DAAFB4
2026-07-23T00:41:35Z,0.00,308.20,29.01,S,0.00,0.00,1008.60,83.73,1008.60,2.28,25.97,0.00,0.00,180.00,0.00,79DAAFB4
2026-07-23T00:24:27Z,0.00,308.20,28.72,S,0.00,0.00,1008.50,84.82,1008.50,2.11,25.91,0.00,0.00,180.00,0.00,79DAAFB4
2026-07-23T00:07:08Z,0.00,308.20,28.41,S,0.00,0.00,1008.50,86.35,1008.50,1.88,25.91,0.00,0.00,180.00,0.00,79DAAFB4
2026-07-22T23:49:59Z,0.00,308.20,28.05,S,0.00,0.00,1008.20,87.36,1008.20,1.73,25.75,0.00,0.00,180.00,0.00,79DAAFB4
2026-07-22T23:32:50Z,0.00,308.20,27.89,S,0.00,0.00,1007.90,88.22,1007.90,1.60,25.76,0.00,0.00,180.00,0.00,79DAAFB4
2026-07-22T23:15:31Z,0.00,308.20,27.75,SSW,1.04,3.17,1007.70,88.53,1007.70,1.56,25.68,0.00,0.00,211.00,0.00,79DAAFB4
2026-07-22T22:58:23Z,0.00,308.20,27.64,S,0.00,0.00,1007.50,88.75,1007.50,1.52,25.61,0.00,0.00,180.00,0.00,79DAAFB4
2026-07-22T22:41:15Z,0.00,308.20,27.67,S,0.00,0.00,1007.30,88.44,1007.30,1.57,25.58,0.00,0.00,180.00,0.00,79DAAFB4
2026-07-22T22:23:56Z,0.00,308.20,27.80,S,0.00,0.00,1007.20,88.21,1007.20,1.60,25.67,0.00,0.00,180.00,0.00,79DAAFB4
2026-07-22T22:06:37Z,0.00,308.20,27.79,S,0.00,0.00,1007.40,88.53,1007.40,1.56,25.72,0.00,0.00,180.00,0.00,79DAAFB4
2026-07-22T21:49:28Z,0.00,308.20,27.80,S,0.00,0.00,1007.60,88.31,1007.60,1.59,25.69,0.00,0.00,180.00,0.00,79DAAFB4
2026-07-22T21:32:20Z,0.00,308.20,27.88,S,0.00,0.00,1007.70,87.93,1007.70,1.64,25.69,0.00,0.00,180.00,0.00,79DAAFB4
2026-07-22T21:15:12Z,0.00,308.20,28.10,S,0.00,0.00,1007.50,87.67,1007.50,1.69,25.86,0.00,0.00,180.00,0.00,79DAAFB4
2026-07-22T20:57:53Z,0.00,308.20,28.22,S,0.00,0.00,1007.60,86.91,1007.60,1.80,25.83,0.00,0.00,180.00,0.00,79DAAFB4
2026-07-22T20:40:44Z,0.00,308.20,28.36,S,0.00,0.00,1007.70,86.27,1007.70,1.89,25.84,0.00,0.00,180.00,0.00,79DAAFB4
2026-07-22T20:23:35Z,0.00,308.20,28.20,S,0.00,0.00,1007.80,86.46,1007.80,1.86,25.72,0.00,0.00,180.00,0.00,79DAAFB4
2026-07-22T20:06:16Z,0.00,308.20,28.26,S,0.00,0.00,1007.90,86.64,1007.90,1.84,25.81,0.00,0.00,180.00,0.00,79DAAFB4
2026-07-22T19:49:08Z,0.00,308.20,28.40,S,0.00,0.00,1008.00,85.76,1008.00,1.97,25.78,0.00,0.00,180.00,0.00,79DAAFB4
2026-07-22T19:32:00Z,0.00,308.20,28.57,S,0.00,0.00,1008.00,85.35,1008.00,2.03,25.87,0.00,0.00,180.00,0.00,79DAAFB4
2026-07-22T19:14:41Z,0.00,308.20,28.61,S,0.00,0.00,1007.90,84.77,1007.90,2.12,25.79,0.00,0.00,180.00,0.00,79DAAFB4
2026-07-22T18:57:22Z,0.00,308.20,28.71,S,0.00,0.00,1008.10,84.24,1008.10,2.20,25.78,0.00,0.00,180.00,0.00,79DAAFB4
2026-07-22T18:40:14Z,0.00,308.20,28.67,S,0.00,0.00,1008.20,84.19,1008.20,2.20,25.73,0.00,0.00,180.00,0.00,79DAAFB4
2026-07-22T18:22:54Z,0.00,308.20,28.82,S,0.00,0.00,1008.30,83.57,1008.30,2.30,25.75,0.00,0.00,180.00,0.00,79DAAFB4
2026-07-22T18:05:45Z,0.00,308.20,29.00,S,0.00,0.00,1008.50,82.77,1008.50,2.42,25.77,0.00,0.00,180.00,0.00,79DAAFB4
2026-07-22T17:48:37Z,0.00,308.20,29.15,S,0.00,0.00,1008.50,82.31,1008.50,2.49,25.82,0.00,0.00,180.00,0.00,79DAAFB4
2026-07-22T17:31:29Z,0.00,308.20,29.03,S,0.00,0.00,1008.80,82.43,1008.80,2.47,25.73,0.00,0.00,180.00,0.00,79DAAFB4
2026-07-22T17:14:21Z,0.00,308.20,29.27,S,0.00,0.00,1008.80,81.63,1008.80,2.60,25.80,0.00,0.00,180.00,0.00,79DAAFB4
2026-07-22T16:57:13Z,0.00,308.20,29.27,S,0.00,0.00,1008.90,81.27,1008.90,2.65,25.72,0.00,0.00,180.00,0.00,79DAAFB4
2026-07-22T16:40:05Z,0.00,308.20,29.31,S,0.00,0.00,1009.10,80.84,1009.10,2.72,25.67,0.00,0.00,180.00,0.00,79DAAFB4
2026-07-22T16:22:46Z,0.00,308.20,29.51,S,0.00,0.00,1009.00,79.56,1009.00,2.92,25.60,0.00,0.00,180.00,0.00,79DAAFB4
2026-07-22T16:05:27Z,0.00,308.20,29.70,S,0.00,0.00,1008.80,78.60,1008.80,3.07,25.58,0.00,0.00,180.00,0.00,79DAAFB4
2026-07-22T15:48:19Z,0.00,308.20,29.82,S,0.00,0.00,1008.80,77.78,1008.80,3.20,25.52,0.00,0.00,180.00,0.00,79DAAFB4
2026-07-22T15:31:10Z,0.00,308.20,29.97,S,0.00,0.00,1008.90,76.65,1008.90,3.38,25.41,0.00,0.00,180.00,0.00,79DAAFB4
2026-07-22T15:14:02Z,0.00,308.20,30.20,NE,2.59,4.00,1008.80,74.90,1008.80,3.66,25.25,0.00,0.00,36.00,0.00,79DAAFB4
2026-07-22T14:56:53Z,0.00,308.20,30.34,S,0.00,0.00,1008.50,74.09,1008.50,3.79,25.20,0.00,0.00,180.00,0.00,79DAAFB4
2026-07-22T14:39:43Z,0.00,308.20,30.57,S,0.00,0.00,1008.50,73.33,1008.50,3.92,25.25,0.00,0.00,180.00,0.00,79DAAFB4
2026-07-22T14:22:34Z,0.00,308.20,30.89,S,0.00,0.00,1008.30,71.96,1008.30,4.15,25.24,0.00,0.00,180.00,0.00,79DAAFB4
2026-07-22T14:05:26Z,0.00,308.20,31.20,S,0.00,0.00,1008.30,70.64,1008.30,4.38,25.22,0.00,0.00,180.00,0.00,79DAAFB4
2026-07-22T13:48:04Z,0.00,308.20,31.39,S,0.00,0.00,1008.20,69.30,1008.20,4.61,25.08,0.00,0.00,180.00,0.00,79DAAFB4
2026-07-22T13:29:42Z,0.00,308.20,31.69,S,0.00,0.00,1009.69,67.48,1008.00,4.93,24.92,0.00,0.00,180.00,0.00,79DAAFB4
2026-07-22T13:12:31Z,0.00,308.20,31.92,S,0.00,0.00,1009.59,65.66,1007.90,5.25,24.68,0.00,0.00,180.00,0.00,79DAAFB4
2026-07-22T12:55:23Z,0.00,308.20,32.08,S,0.00,0.00,1009.39,64.74,1007.70,5.41,24.60,0.00,0.00,180.00,0.00,79DAAFB4
2026-07-22T12:38:03Z,0.00,308.20,32.17,S,0.00,0.00,1009.09,64.01,1007.40,5.54,24.49,0.00,0.00,180.00,0.00,79DAAFB4
2026-07-22T12:20:54Z,0.00,308.20,32.35,S,0.00,0.00,1008.89,62.38,1007.20,5.83,24.23,0.00,0.00,180.00,0.00,79DAAFB4
2026-07-22T12:03:46Z,0.00,308.20,32.54,S,0.00,0.00,1008.59,61.25,1006.90,6.05,24.10,0.00,0.00,180.00,0.00,79DAAFB4
2026-07-22T11:46:34Z,0.00,308.20,32.73,S,0.00,0.00,1008.79,59.83,1007.10,6.31,23.89,0.00,0.00,180.00,0.00,79DAAFB4
2026-07-22T11:29:25Z,0.00,308.20,33.17,S,0.00,0.00,1008.59,57.28,1006.90,6.81,23.58,0.00,0.00,180.00,0.00,79DAAFB4
2026-07-22T11:12:17Z,0.00,308.20,33.95,S,0.00,0.00,1008.49,54.84,1006.80,7.34,23.58,0.00,0.00,180.00,0.00,79DAAFB4
2026-07-22T10:55:09Z,0.00,308.20,34.94,S,0.00,0.00,1008.29,50.37,1006.60,8.32,23.08,0.00,0.00,180.00,0.00,79DAAFB4
2026-07-22T10:38:01Z,0.00,308.20,36.40,S,0.00,0.00,1008.09,46.78,1006.40,9.27,23.18,0.00,0.00,180.00,0.00,79DAAFB4
2026-07-22T10:20:53Z,0.00,308.20,37.62,S,0.00,0.00,1007.99,42.57,1006.30,10.38,22.72,0.00,0.00,180.00,0.00,79DAAFB4
2026-07-22T10:03:45Z,0.00,308.20,37.53,S,0.00,0.00,1007.99,40.59,1006.30,10.82,21.86,0.00,0.00,180.00,0.00,79DAAFB4
2026-07-22T09:46:37Z,0.00,308.20,39.70,S,0.00,0.00,1007.99,37.20,1006.30,12.06,22.35,0.00,0.00,180.00,0.00,79DAAFB4
2026-07-22T09:29:18Z,0.00,308.20,40.82,S,0.00,0.00,1007.89,35.67,1006.20,12.69,22.64,0.00,0.00,180.00,0.00,79DAAFB4
2026-07-22T09:12:09Z,0.00,308.20,39.23,S,0.00,0.00,1007.89,37.76,1006.20,11.83,22.18,0.00,0.00,180.00,0.00,79DAAFB4
2026-07-22T08:55:01Z,0.00,308.20,40.17,SW,0.00,0.00,1007.89,37.11,1006.20,12.18,22.72,0.00,0.00,214.00,0.00,79DAAFB4
2026-07-22T08:37:53Z,0.00,308.20,39.92,SE,0.00,0.00,1007.89,36.66,1006.20,12.25,22.30,0.00,0.00,145.00,0.00,79DAAFB4
2026-07-22T08:20:34Z,0.00,308.20,40.33,S,0.00,0.00,1007.89,37.38,1006.20,12.14,22.98,0.00,0.00,180.00,0.00,79DAAFB4
2026-07-22T08:03:25Z,0.00,308.20,39.63,S,0.00,0.00,1008.19,37.36,1006.50,12.01,22.35,0.00,0.00,180.00,0.00,79DAAFB4
2026-07-22T07:46:16Z,0.00,308.20,40.94,S,0.00,0.00,1008.39,38.40,1006.70,12.00,23.96,0.00,0.00,180.00,0.00,79DAAFB4
2026-07-22T07:28:57Z,0.00,308.20,39.80,S,0.00,0.00,1008.69,39.30,1007.00,11.56,23.34,0.00,0.00,180.00,0.00,79DAAFB4
2026-07-22T07:11:49Z,0.00,308.20,38.93,S,0.00,0.00,1008.89,42.11,1007.20,10.72,23.71,0.00,0.00,180.00,0.00,79DAAFB4
2026-07-22T06:54:41Z,0.00,308.20,38.39,S,0.00,0.00,1009.09,42.83,1007.40,10.46,23.51,0.00,0.00,180.00,0.00,79DAAFB4
2026-07-22T06:37:22Z,0.00,308.20,37.84,S,0.00,0.00,1009.49,42.91,1007.80,10.35,23.05,0.00,0.00,180.00,0.00,79DAAFB4
2026-07-22T06:20:03Z,0.00,308.20,37.12,SSW,2.77,4.32,1009.69,44.60,1008.00,9.85,23.04,0.00,0.00,206.00,0.00,79DAAFB4
2026-07-22T06:02:55Z,0.00,308.20,36.69,S,0.00,0.00,1009.89,45.50,1008.20,9.58,22.99,0.00,0.00,180.00,0.00,79DAAFB4
2026-07-22T05:45:35Z,0.00,308.20,36.22,S,0.00,0.00,1010.29,49.99,1008.60,8.58,24.12,0.00,0.00,180.00,0.00,79DAAFB4
2026-07-22T05:28:26Z,0.00,308.20,35.45,N,0.00,0.00,1010.49,48.82,1008.80,8.70,23.03,0.00,0.00,353.00,0.00,79DAAFB4
2026-07-22T05:11:18Z,0.00,308.20,35.17,S,0.00,0.00,1010.69,51.05,1009.00,8.22,23.51,0.00,0.00,180.00,0.00,79DAAFB4
2026-07-22T04:54:10Z,0.00,308.20,34.29,S,0.00,0.00,1010.89,53.35,1009.20,7.66,23.43,0.00,0.00,180.00,0.00,79DAAFB4
2026-07-22T04:37:02Z,0.00,308.20,33.66,S,0.00,0.00,1011.29,52.38,1009.60,7.76,22.55,0.00,0.00,180.00,0.00,79DAAFB4
2026-07-22T04:19:54Z,0.00,308.20,33.37,S,0.00,0.00,1011.49,56.30,1009.80,7.01,23.48,0.00,0.00,180.00,0.00,79DAAFB4
2026-07-22T04:02:46Z,0.00,308.20,32.98,S,0.00,0.00,1011.59,60.16,1009.90,6.28,24.22,0.00,0.00,180.00,0.00,79DAAFB4
2026-07-22T03:45:38Z,0.00,308.20,32.53,S,0.00,0.00,1011.69,62.03,1010.00,5.91,24.30,0.00,0.00,180.00,0.00,79DAAFB4
2026-07-22T03:28:19Z,0.00,308.20,32.05,S,0.00,0.00,1011.79,63.49,1010.10,5.62,24.24,0.00,0.00,180.00,0.00,79DAAFB4
2026-07-22T03:11:19Z,0.00,308.20,31.69,S,0.00,0.00,1011.99,66.59,1010.30,5.07,24.70,0.00,0.00,180.00,0.00,79DAAFB4
2026-07-22T02:54:00Z,0.00,308.20,31.20,S,0.00,0.00,1012.29,67.22,1010.60,4.93,24.39,0.00,0.00,180.00,0.00,79DAAFB4
2026-07-22T02:36:41Z,0.00,308.20,30.62,SW,0.00,0.00,1012.39,71.79,1010.70,4.16,24.94,0.00,0.00,232.00,0.00,79DAAFB4
2026-07-22T02:19:33Z,0.00,308.20,30.57,WSW,0.00,0.00,1012.39,72.33,1010.70,4.08,25.02,0.00,0.00,256.00,0.00,79DAAFB4
2026-07-22T02:02:13Z,0.00,308.20,30.05,S,0.00,0.00,1012.59,75.79,1010.90,3.51,25.30,0.00,0.00,180.00,0.00,79DAAFB4
2026-07-22T01:45:04Z,0.00,308.20,29.96,S,0.00,0.00,1012.49,76.64,1010.80,3.38,25.40,0.00,0.00,180.00,0.00,79DAAFB4
2026-07-22T01:27:45Z,0.00,308.20,29.54,S,0.00,0.00,1012.29,78.92,1010.60,3.01,25.49,0.00,0.00,180.00,0.00,79DAAFB4
2026-07-22T01:10:36Z,0.00,308.20,29.15,S,0.00,0.00,1012.09,80.60,1010.40,2.75,25.47,0.00,0.00,180.00,0.00,79DAAFB4
2026-07-22T00:53:27Z,0.00,308.20,28.88,S,0.00,0.00,1011.99,83.15,1010.30,2.36,25.73,0.00,0.00,180.00,0.00,79DAAFB4
2026-07-22T00:36:19Z,0.00,308.20,28.48,S,0.00,0.00,1011.79,85.07,1010.10,2.07,25.72,0.00,0.00,180.00,0.00,79DAAFB4
2026-07-22T00:19:11Z,0.00,308.20,28.08,S,0.00,0.00,1011.79,86.36,1010.10,1.87,25.58,0.00,0.00,180.00,0.00,79DAAFB4
2026-07-22T00:01:59Z,0.00,308.20,27.91,S,0.00,0.00,1011.69,87.00,1010.00,1.78,25.54,0.00,0.00,180.00,0.00,79DAAFB4
2026-07-21T23:44:40Z,0.00,308.20,27.54,S,0.00,0.00,1011.59,88.32,1009.90,1.58,25.43,0.00,0.00,180.00,0.00,79DAAFB4
2026-07-21T23:27:32Z,0.00,308.20,27.53,S,0.00,0.00,1011.29,88.55,1009.60,1.55,25.47,0.00,0.00,180.00,0.00,79DAAFB4
2026-07-21T23:10:24Z,0.00,308.20,27.48,S,0.00,0.00,1011.09,89.02,1009.40,1.48,25.51,0.00,0.00,180.00,0.00,79DAAFB4
2026-07-21T22:53:05Z,0.00,308.20,27.28,S,0.00,0.00,1010.99,89.20,1009.30,1.45,25.34,0.00,0.00,180.00,0.00,79DAAFB4
2026-07-21T22:35:46Z,0.00,308.20,27.39,S,0.00,0.00,1010.69,88.93,1009.00,1.49,25.40,0.00,0.00,180.00,0.00,79DAAFB4
2026-07-21T22:18:38Z,0.00,308.20,27.36,S,0.00,0.00,1010.39,88.98,1008.70,1.48,25.38,0.00,0.00,180.00,0.00,79DAAFB4
2026-07-21T22:01:18Z,0.00,308.20,27.39,S,0.00,0.00,1010.29,88.42,1008.60,1.56,25.30,0.00,0.00,180.00,0.00,79DAAFB4
2026-07-21T21:44:09Z,0.00,308.20,27.41,S,0.00,0.00,1010.19,88.28,1008.50,1.58,25.30,0.00,0.00,180.00,0.00,79DAAFB4
2026-07-21T21:27:01Z,0.00,308.20,27.47,S,0.00,0.00,1010.09,87.77,1008.40,1.66,25.26,0.00,0.00,180.00,0.00,79DAAFB4
2026-07-21T21:09:53Z,0.00,308.20,27.58,S,0.00,0.00,1010.09,87.32,1008.40,1.72,25.28,0.00,0.00,180.00,0.00,79DAAFB4
2026-07-21T20:52:45Z,0.00,308.20,27.49,S,0.00,0.00,1010.19,87.31,1008.50,1.72,25.19,0.00,0.00,180.00,0.00,79DAAFB4
2026-07-21T20:35:37Z,0.00,308.20,27.71,S,0.00,0.00,1009.99,86.63,1008.30,1.83,25.27,0.00,0.00,180.00,0.00,79DAAFB4
2026-07-21T20:18:29Z,0.00,308.20,27.69,S,0.00,0.00,1009.89,85.93,1008.20,1.93,25.12,0.00,0.00,180.00,0.00,79DAAFB4
2026-07-21T20:01:10Z,0.00,308.20,27.92,S,0.00,0.00,1009.89,85.49,1008.20,1.99,25.26,0.00,0.00,180.00,0.00,79DAAFB4
2026-07-21T19:43:51Z,0.00,308.20,27.97,S,0.00,0.00,1009.99,84.82,1008.30,2.09,25.17,0.00,0.00,180.00,0.00,79DAAFB4
2026-07-21T19:26:43Z,0.00,308.20,28.07,S,0.00,0.00,1009.99,84.11,1008.30,2.20,25.13,0.00,0.00,180.00,0.00,79DAAFB4
2026-07-21T19:09:23Z,0.00,308.20,28.16,S,0.00,0.00,1010.09,84.01,1008.40,2.21,25.20,0.00,0.00,180.00,0.00,79DAAFB4
2026-07-21T18:52:14Z,0.00,308.20,28.26,S,0.00,0.00,1009.99,83.34,1008.30,2.31,25.16,0.00,0.00,180.00,0.00,79DAAFB4
2026-07-21T18:35:06Z,0.00,308.20,28.32,S,0.00,0.00,1010.09,82.97,1008.40,2.37,25.14,0.00,0.00,180.00,0.00,79DAAFB4
2026-07-21T18:17:58Z,0.00,308.20,28.48,S,0.00,0.00,1010.39,82.25,1008.70,2.48,25.15,0.00,0.00,180.00,0.00,79DAAFB4
2026-07-21T18:00:50Z,0.00,308.20,28.50,S,0.00,0.00,1010.59,81.97,1008.90,2.52,25.12,0.00,0.00,180.00,0.00,79DAAFB4
2026-07-21T17:43:42Z,0.00,308.20,28.56,S,0.00,0.00,1010.79,81.37,1009.10,2.61,25.05,0.00,0.00,180.00,0.00,79DAAFB4
2026-07-21T17:26:34Z,0.00,308.20,28.78,S,0.00,0.00,1010.99,80.60,1009.30,2.73,25.11,0.00,0.00,180.00,0.00,79DAAFB4
2026-07-21T17:09:15Z,0.00,308.20,28.80,S,0.00,0.00,1011.09,80.15,1009.40,2.80,25.03,0.00,0.00,180.00,0.00,79DAAFB4
2026-07-21T16:51:56Z,0.00,308.20,28.79,S,0.00,0.00,1011.19,79.99,1009.50,2.82,24.99,0.00,0.00,180.00,0.00,79DAAFB4
2026-07-21T16:34:48Z,0.00,308.20,28.98,S,0.00,0.00,1011.29,79.50,1009.60,2.90,25.07,0.00,0.00,180.00,0.00,79DAAFB4
2026-07-21T16:17:28Z,0.00,308.20,29.07,S,0.00,0.00,1011.39,78.90,1009.70,3.00,25.03,0.00,0.00,180.00,0.00,79DAAFB4
2026-07-21T16:00:19Z,0.00,308.20,29.08,S,0.00,0.00,1011.49,78.85,1009.80,3.00,25.03,0.00,0.00,180.00,0.00,79DAAFB4
2026-07-21T15:43:10Z,0.00,308.20,29.36,S,0.00,0.00,1011.49,77.68,1009.80,3.19,25.05,0.00,0.00,180.00,0.00,79DAAFB4
2026-07-21T15:26:02Z,0.00,308.20,29.46,S,0.00,0.00,1011.49,76.97,1009.80,3.30,24.99,0.00,0.00,180.00,0.00,79DAAFB4
2026-07-21T15:08:54Z,0.00,308.20,29.72,S,0.00,0.00,1011.59,76.18,1009.90,3.44,25.07,0.00,0.00,180.00,0.00,79DAAFB4
2026-07-21T14:51:46Z,0.00,308.20,29.84,S,0.00,0.00,1011.39,74.90,1009.70,3.64,24.90,0.00,0.00,180.00,0.00,79DAAFB4
2026-07-21T14:34:38Z,0.00,308.20,30.16,S,0.00,0.00,1011.09,73.25,1009.40,3.91,24.83,0.00,0.00,180.00,0.00,79DAAFB4
2026-07-21T14:17:30Z,0.00,308.20,30.46,S,0.00,0.00,1010.99,71.73,1009.30,4.16,24.77,0.00,0.00,180.00,0.00,79DAAFB4
2026-07-21T14:00:21Z,0.00,308.20,30.65,S,0.00,0.00,1010.79,70.88,1009.10,4.31,24.75,0.00,0.00,180.00,0.00,79DAAFB4
2026-07-21T13:43:13Z,0.00,308.20,30.97,S,0.00,0.00,1010.59,69.33,1008.90,4.58,24.69,0.00,0.00,180.00,0.00,79DAAFB4
2026-07-21T13:25:54Z,0.00,308.20,31.15,S,0.00,0.00,1010.39,67.66,1008.70,4.86,24.45,0.00,0.00,180.00,0.00,79DAAFB4
2026-07-21T13:08:45Z,0.00,308.20,31.34,S,0.00,0.00,1010.19,65.63,1008.50,5.20,24.12,0.00,0.00,180.00,0.00,79DAAFB4
2026-07-21T12:51:37Z,0.00,308.20,31.54,S,0.00,0.00,1010.09,64.28,1008.40,5.44,23.97,0.00,0.00,180.00,0.00,79DAAFB4
2026-07-21T12:34:29Z,0.00,308.20,31.75,S,0.00,0.00,1009.79,62.38,1008.10,5.78,23.66,0.00,0.00,180.00,0.00,79DAAFB4
2026-07-21T12:17:10Z,0.00,308.20,31.94,S,0.00,0.00,1009.69,60.43,1008.00,6.13,23.32,0.00,0.00,180.00,0.00,79DAAFB4
2026-07-21T12:00:00Z,0.00,308.20,32.21,S,0.00,0.00,1009.59,58.14,1007.90,6.55,22.93,0.00,0.00,180.00,0.00,79DAAFB4
2026-07-21T11:42:41Z,0.00,308.20,32.44,S,0.00,0.00,1009.39,54.57,1007.70,7.21,22.10,0.00,0.00,180.00,0.00,79DAAFB4
2026-07-21T11:25:33Z,0.00,308.20,32.86,S,0.00,0.00,1009.39,50.23,1007.70,8.06,21.13,0.00,0.00,180.00,0.00,79DAAFB4
2026-07-21T11:08:25Z,0.00,308.20,33.62,S,0.00,0.00,1009.29,46.16,1007.60,8.96,20.45,0.00,0.00,180.00,0.00,79DAAFB4
2026-07-21T10:51:17Z,0.00,308.20,35.24,S,0.00,0.00,1009.09,41.60,1007.40,10.18,20.22,0.00,0.00,180.00,0.00,79DAAFB4
2026-07-21T10:32:41Z,0.00,308.20,36.56,S,0.00,0.00,1007.40,39.81,1007.40,10.82,20.68,0.00,0.00,180.00,0.00,79DAAFB4
2026-07-21T10:15:33Z,0.00,308.20,37.13,S,0.00,0.00,1007.50,41.18,1007.50,10.61,21.74,0.00,0.00,180.00,0.00,79DAAFB4
2026-07-21T09:58:14Z,0.00,308.20,38.00,S,0.00,0.00,1007.30,38.85,1007.30,11.32,21.56,0.00,0.00,180.00,0.00,79DAAFB4
2026-07-21T09:41:05Z,0.00,308.20,39.18,S,0.00,0.00,1007.10,36.74,1007.10,12.07,21.68,0.00,0.00,180.00,0.00,79DAAFB4
2026-07-21T09:23:56Z,0.00,308.20,41.47,S,0.00,0.00,1007.10,33.32,1007.10,13.48,22.08,0.00,0.00,180.00,0.00,79DAAFB4
2026-07-21T09:06:37Z,0.00,308.20,40.67,S,0.00,0.00,1007.00,32.55,1007.00,13.51,21.01,0.00,0.00,180.00,0.00,79DAAFB4
2026-07-21T08:49:29Z,0.00,308.20,40.19,S,0.00,0.00,1006.90,35.81,1006.90,12.52,22.15,0.00,0.00,180.00,0.00,79DAAFB4
2026-07-21T08:32:21Z,0.00,308.20,41.35,S,0.00,0.00,1007.10,32.67,1007.10,13.64,21.65,0.00,0.00,180.00,0.00,79DAAFB4
2026-07-21T08:15:02Z,0.00,308.20,42.22,SSW,0.00,0.00,1007.00,30.82,1007.00,14.38,21.45,0.00,0.00,213.00,0.00,79DAAFB4
2026-07-21T07:57:43Z,0.00,308.20,40.49,ENE,0.00,0.00,1007.20,34.92,1007.20,12.82,22.00,0.00,0.00,77.00,0.00,79DAAFB4
2026-07-21T07:40:34Z,0.00,308.20,39.90,W,0.00,0.00,1007.40,36.95,1007.40,12.17,22.41,0.00,0.00,261.00,0.00,79DAAFB4
2026-07-21T07:23:26Z,0.00,308.20,40.00,S,0.00,0.00,1007.40,37.29,1007.40,12.10,22.65,0.00,0.00,180.00,0.00,79DAAFB4
2026-07-21T07:06:18Z,0.00,308.20,39.13,S,0.00,0.00,1007.50,39.68,1007.50,11.34,22.91,0.00,0.00,188.00,0.00,79DAAFB4
2026-07-21T06:48:59Z,0.00,308.20,38.42,S,0.00,0.00,1007.70,38.63,1007.70,11.45,21.84,0.00,0.00,184.00,0.00,79DAAFB4
2026-07-21T06:31:50Z,0.00,308.20,38.86,S,0.00,0.00,1007.90,40.96,1007.90,10.98,23.19,0.00,0.00,180.00,0.00,79DAAFB4
2026-07-21T06:14:41Z,0.00,308.20,37.26,S,0.00,0.00,1008.10,44.36,1008.10,9.92,23.08,0.00,0.00,180.00,0.00,79DAAFB4
2026-07-21T05:57:22Z,0.00,308.20,36.16,S,0.00,0.00,1008.30,45.69,1008.30,9.46,22.58,0.00,0.00,180.00,0.00,79DAAFB4
2026-07-21T05:40:14Z,0.00,308.20,35.75,S,0.00,0.00,1008.70,46.34,1008.70,9.26,22.44,0.00,0.00,180.00,0.00,79DAAFB4
2026-07-21T05:23:06Z,0.00,308.20,35.17,SSW,3.38,5.58,1008.80,48.42,1008.80,8.74,22.64,0.00,0.00,203.00,0.00,79DAAFB4
2026-07-21T05:05:47Z,0.00,308.20,34.49,S,0.00,0.00,1008.90,48.89,1008.90,8.55,22.18,0.00,0.00,180.00,0.00,79DAAFB4
2026-07-21T04:48:28Z,0.00,308.20,33.77,S,0.00,0.00,1009.20,53.67,1009.20,7.54,23.05,0.00,0.00,180.00,0.00,79DAAFB4
2026-07-21T04:31:19Z,0.00,308.20,33.21,S,0.00,0.00,1009.40,54.84,1009.40,7.25,22.89,0.00,0.00,180.00,0.00,79DAAFB4
2026-07-21T04:14:11Z,0.00,308.20,32.93,WSW,0.00,0.00,1009.70,55.56,1009.70,7.09,22.85,0.00,0.00,238.00,0.00,79DAAFB4
2026-07-21T03:57:03Z,0.00,308.20,32.66,S,0.00,0.00,1009.80,58.61,1009.80,6.52,23.48,0.00,0.00,180.00,0.00,79DAAFB4
2026-07-21T03:39:55Z,0.00,308.20,21.52,S,0.00,0.00,673.20,39.08,673.20,8.10,7.02,0.00,0.00,180.00,0.00,79DAAFB4
2026-07-21T03:22:47Z,0.00,308.20,31.81,S,0.00,0.00,1010.20,60.10,1010.20,6.17,23.10,0.00,0.00,180.00,0.00,79DAAFB4
2026-07-21T03:05:39Z,0.00,308.20,31.56,S,0.00,0.00,1010.20,60.32,1010.20,6.11,22.93,0.00,0.00,180.00,0.00,79DAAFB4
2026-07-21T02:48:31Z,0.00,308.20,31.09,S,0.00,0.00,1010.20,65.84,1010.20,5.15,23.94,0.00,0.00,180.00,0.00,79DAAFB4
2026-07-21T02:31:12Z,0.00,308.20,30.63,S,0.00,0.00,1010.50,65.69,1010.50,5.14,23.47,0.00,0.00,180.00,0.00,79DAAFB4
2026-07-21T02:14:04Z,0.00,308.20,30.01,S,0.00,0.00,1010.50,73.49,1010.50,3.86,24.75,0.00,0.00,180.00,0.00,79DAAFB4
2026-07-21T01:56:44Z,0.00,308.20,29.70,S,0.00,0.00,1010.60,72.48,1010.60,4.00,24.22,0.00,0.00,180.00,0.00,79DAAFB4
2026-07-21T01:39:36Z,0.00,308.20,29.34,S,0.00,0.00,1010.60,76.67,1010.60,3.34,24.81,0.00,0.00,180.00,0.00,79DAAFB4
2026-07-21T01:22:27Z,0.00,308.20,29.11,S,0.00,0.00,1010.70,82.18,1010.70,2.51,25.75,0.00,0.00,180.00,0.00,79DAAFB4
2026-07-21T01:05:19Z,0.00,308.20,28.83,S,0.00,0.00,1010.60,83.60,1010.60,2.29,25.77,0.00,0.00,180.00,0.00,79DAAFB4
2026-07-21T00:48:11Z,0.00,308.20,28.46,S,0.00,0.00,1010.70,84.43,1010.70,2.16,25.57,0.00,0.00,180.00,0.00,79DAAFB4
2026-07-21T00:30:52Z,0.00,308.20,28.02,S,0.00,0.00,1010.60,86.32,1010.60,1.88,25.52,0.00,0.00,180.00,0.00,79DAAFB4
2026-07-21T00:13:43Z,0.00,308.20,27.70,S,0.00,0.00,1010.60,87.71,1010.60,1.67,25.47,0.00,0.00,180.00,0.00,79DAAFB4
2026-07-20T23:56:34Z,0.00,308.20,27.55,S,0.00,0.00,1010.50,88.51,1010.50,1.55,25.48,0.00,0.00,180.00,0.00,79DAAFB4
2026-07-20T23:39:15Z,0.00,308.20,27.49,S,0.00,0.00,1010.40,89.16,1010.40,1.46,25.54,0.00,0.00,180.00,0.00,79DAAFB4
2026-07-20T23:22:07Z,0.00,308.20,27.36,S,0.00,0.00,1010.20,88.90,1010.20,1.50,25.36,0.00,0.00,180.00,0.00,79DAAFB4
2026-07-20T23:04:59Z,0.00,308.20,27.37,S,0.00,0.00,1010.00,89.00,1010.00,1.48,25.39,0.00,0.00,180.00,0.00,79DAAFB4
2026-07-20T22:47:40Z,0.00,308.20,27.34,S,0.00,0.00,1009.80,88.83,1009.80,1.51,25.33,0.00,0.00,180.00,0.00,79DAAFB4
2026-07-20T22:30:21Z,0.00,308.20,27.40,S,0.00,0.00,1009.70,88.61,1009.70,1.54,25.35,0.00,0.00,180.00,0.00,79DAAFB4
2026-07-20T22:13:13Z,0.00,308.20,27.41,S,0.00,0.00,1009.60,87.97,1009.60,1.63,25.24,0.00,0.00,180.00,0.00,79DAAFB4
2026-07-20T21:55:53Z,0.00,308.20,27.43,S,0.00,0.00,1009.50,88.05,1009.50,1.62,25.27,0.00,0.00,180.00,0.00,79DAAFB4
2026-07-20T21:38:44Z,0.00,308.20,27.48,S,0.00,0.00,1009.30,88.05,1009.30,1.62,25.32,0.00,0.00,180.00,0.00,79DAAFB4
2026-07-20T21:21:36Z,0.00,308.20,27.50,S,0.00,0.00,1009.30,87.85,1009.30,1.65,25.30,0.00,0.00,180.00,0.00,79DAAFB4
2026-07-20T21:04:28Z,0.00,308.20,27.59,S,0.00,0.00,1008.90,87.67,1008.90,1.67,25.36,0.00,0.00,180.00,0.00,79DAAFB4
2026-07-20T20:47:20Z,0.00,308.20,27.51,S,0.00,0.00,1008.90,87.31,1008.90,1.72,25.21,0.00,0.00,180.00,0.00,79DAAFB4
2026-07-20T20:30:12Z,0.00,308.20,27.58,S,0.00,0.00,1008.80,87.52,1008.80,1.70,25.32,0.00,0.00,180.00,0.00,79DAAFB4
2026-07-20T20:13:04Z,0.00,308.20,27.64,S,0.00,0.00,1008.80,87.08,1008.80,1.76,25.29,0.00,0.00,180.00,0.00,79DAAFB4
2026-07-20T19:55:56Z,0.00,308.20,27.78,S,0.00,0.00,1008.70,86.44,1008.70,1.85,25.30,0.00,0.00,180.00,0.00,79DAAFB4
2026-07-20T19:38:37Z,0.00,308.20,27.85,S,0.00,0.00,1008.90,86.38,1008.90,1.86,25.36,0.00,0.00,180.00,0.00,79DAAFB4
2026-07-20T19:21:28Z,0.00,308.20,27.88,S,0.00,0.00,1008.90,85.99,1008.90,1.92,25.32,0.00,0.00,180.00,0.00,79DAAFB4
2026-07-20T19:04:20Z,0.00,308.20,28.03,S,0.00,0.00,1009.10,85.42,1009.10,2.01,25.35,0.00,0.00,180.00,0.00,79DAAFB4
2026-07-20T18:47:12Z,0.00,308.20,28.12,S,0.00,0.00,1009.20,84.84,1009.20,2.09,25.32,0.00,0.00,180.00,0.00,79DAAFB4
2026-07-20T18:29:53Z,0.00,308.20,28.24,S,0.00,0.00,1009.20,84.26,1009.20,2.18,25.33,0.00,0.00,180.00,0.00,79DAAFB4
2026-07-20T18:12:44Z,0.00,308.20,28.25,S,0.00,0.00,1009.40,83.61,1009.40,2.27,25.21,0.00,0.00,180.00,0.00,79DAAFB4
2026-07-20T17:55:35Z,0.00,308.20,28.32,S,0.00,0.00,1009.30,82.73,1009.30,2.40,25.10,0.00,0.00,180.00,0.00,79DAAFB4
2026-07-20T17:38:16Z,0.00,308.20,28.46,S,0.00,0.00,1009.40,81.54,1009.40,2.58,24.99,0.00,0.00,180.00,0.00,79DAAFB4
2026-07-20T17:21:08Z,0.00,308.20,28.61,S,0.00,0.00,1009.40,80.90,1009.40,2.68,25.00,0.00,0.00,180.00,0.00,79DAAFB4
2026-07-20T17:04:00Z,0.00,308.20,28.66,S,0.00,0.00,1009.40,80.13,1009.40,2.80,24.89,0.00,0.00,180.00,0.00,79DAAFB4
2026-07-20T16:46:41Z,0.00,308.20,28.84,S,0.00,0.00,1009.40,79.35,1009.40,2.92,24.90,0.00,0.00,180.00,0.00,79DAAFB4
2026-07-20T16:29:22Z,0.00,308.20,28.96,S,0.00,0.00,1009.60,78.90,1009.60,2.99,24.92,0.00,0.00,180.00,0.00,79DAAFB4
2026-07-20T16:12:13Z,0.00,308.20,29.15,S,0.00,0.00,1009.70,77.67,1009.70,3.18,24.84,0.00,0.00,180.00,0.00,79DAAFB4
2026-07-20T15:55:05Z,0.00,308.20,29.23,S,0.00,0.00,1009.80,76.83,1009.80,3.31,24.74,0.00,0.00,180.00,0.00,79DAAFB4
2026-07-20T15:37:57Z,0.00,308.20,29.37,S,0.00,0.00,1009.80,76.40,1009.80,3.39,24.78,0.00,0.00,180.00,0.00,79DAAFB4
2026-07-20T15:20:38Z,0.00,308.20,29.65,S,0.00,0.00,1009.70,75.09,1009.70,3.60,24.76,0.00,0.00,180.00,0.00,79DAAFB4
2026-07-20T15:03:29Z,0.00,308.20,29.70,S,0.00,0.00,1009.60,74.60,1009.60,3.68,24.70,0.00,0.00,180.00,0.00,79DAAFB4
2026-07-20T14:46:20Z,0.00,308.20,29.84,S,0.00,0.00,1009.30,74.64,1009.30,3.68,24.84,0.00,0.00,180.00,0.00,79DAAFB4
2026-07-20T14:29:01Z,0.00,308.20,30.05,S,0.00,0.00,1009.30,73.87,1009.30,3.81,24.87,0.00,0.00,180.00,0.00,79DAAFB4
2026-07-20T14:11:47Z,0.00,308.20,30.30,S,0.00,0.00,1009.20,72.87,1009.20,3.98,24.88,0.00,0.00,180.00,0.00,79DAAFB4
2026-07-20T13:54:39Z,0.00,308.20,30.41,S,0.00,0.00,1009.00,72.42,1009.00,4.05,24.88,0.00,0.00,180.00,0.00,79DAAFB4
2026-07-20T13:37:31Z,0.00,308.20,30.66,S,0.00,0.00,1008.80,71.83,1008.80,4.16,24.99,0.00,0.00,180.00,0.00,79DAAFB4
2026-07-20T13:20:12Z,0.00,308.20,30.82,S,0.00,0.00,1008.50,71.01,1008.50,4.30,24.95,0.00,0.00,180.00,0.00,79DAAFB4
2026-07-20T13:03:01Z,0.00,308.20,30.99,S,0.00,0.00,1008.50,70.76,1008.50,4.35,25.05,0.00,0.00,180.00,0.00,79DAAFB4
2026-07-20T12:45:53Z,0.00,308.20,31.13,S,0.00,0.00,1008.30,70.37,1008.30,4.42,25.09,0.00,0.00,180.00,0.00,79DAAFB4
2026-07-20T12:28:34Z,0.00,308.20,31.29,S,0.00,0.00,1008.10,69.39,1008.10,4.59,25.01,0.00,0.00,180.00,0.00,79DAAFB4
2026-07-20T12:11:25Z,0.00,308.20,31.55,S,0.00,0.00,1007.90,68.03,1007.90,4.83,24.92,0.00,0.00,180.00,0.00,79DAAFB4
2026-07-20T11:54:16Z,0.00,308.20,31.83,S,0.00,0.00,1007.70,67.02,1007.70,5.02,24.94,0.00,0.00,180.00,0.00,79DAAFB4
2026-07-20T11:36:57Z,0.00,308.20,32.01,S,0.00,0.00,1007.50,65.18,1007.50,5.33,24.64,0.00,0.00,180.00,0.00,79DAAFB4
2026-07-20T11:19:49Z,0.00,308.20,32.51,S,0.00,0.00,1007.50,62.83,1007.50,5.77,24.50,0.00,0.00,180.00,0.00,79DAAFB4
2026-07-20T11:02:41Z,0.00,308.20,33.13,S,0.00,0.00,1007.10,59.62,1007.10,6.39,24.21,0.00,0.00,180.00,0.00,79DAAFB4
2026-07-20T10:45:22Z,0.00,308.20,34.48,S,0.00,0.00,1007.10,54.82,1007.10,7.41,24.06,0.00,0.00,180.00,0.00,79DAAFB4
2026-07-20T10:28:03Z,0.00,308.20,35.29,S,0.00,0.00,1007.10,53.57,1007.10,7.75,24.42,0.00,0.00,180.00,0.00,79DAAFB4
2026-07-20T10:10:55Z,0.00,308.20,36.20,S,0.00,0.00,1006.90,49.51,1006.90,8.67,23.94,0.00,0.00,180.00,0.00,79DAAFB4
2026-07-20T09:53:35Z,0.00,308.20,36.46,S,0.00,0.00,1006.80,49.70,1006.80,8.67,24.24,0.00,0.00,180.00,0.00,79DAAFB4
2026-07-20T09:36:26Z,0.00,308.20,37.16,S,0.00,0.00,1006.70,49.22,1006.70,8.87,24.72,0.00,0.00,180.00,0.00,79DAAFB4
2026-07-20T09:19:18Z,0.00,308.20,36.71,S,0.00,0.00,1006.70,49.29,1006.70,8.79,24.33,0.00,0.00,180.00,0.00,79DAAFB4
2026-07-20T09:02:10Z,0.00,308.20,34.89,S,0.00,0.00,1006.70,53.66,1006.70,7.68,24.08,0.00,0.00,180.00,0.00,79DAAFB4
2026-07-20T08:45:02Z,0.00,308.20,35.77,S,0.00,0.00,1006.40,51.66,1006.40,8.18,24.26,0.00,0.00,180.00,0.00,79DAAFB4
2026-07-20T08:27:54Z,0.00,308.20,39.07,S,0.00,0.00,1006.50,43.33,1006.50,10.46,24.32,0.00,0.00,180.00,0.00,79DAAFB4
2026-07-20T08:10:46Z,0.00,308.20,40.22,S,0.00,0.00,1006.50,39.27,1006.50,11.64,23.70,0.00,0.00,180.00,0.00,79DAAFB4
2026-07-20T07:52:15Z,0.00,308.20,39.53,S,0.00,0.00,1006.50,41.72,1006.50,10.92,24.09,0.00,0.00,180.00,0.00,79DAAFB4
2026-07-20T07:35:07Z,0.00,308.20,40.22,S,0.00,0.00,1006.60,39.50,1006.60,11.59,23.80,0.00,0.00,180.00,0.00,79DAAFB4
2026-07-20T07:17:58Z,0.00,308.20,39.47,SSE,1.04,3.20,1006.90,37.96,1006.90,11.83,22.48,0.00,0.00,161.00,0.00,79DAAFB4
2026-07-20T07:00:39Z,0.00,308.20,39.33,S,0.00,0.00,1007.00,39.55,1007.00,11.41,23.03,0.00,0.00,180.00,0.00,79DAAFB4
2026-07-20T06:43:30Z,0.00,308.20,38.37,S,0.00,0.00,1007.20,40.37,1007.20,11.03,22.52,0.00,0.00,180.00,0.00,79DAAFB4
2026-07-20T06:26:22Z,0.00,308.20,38.43,S,0.00,0.00,1007.50,41.60,1007.50,10.75,23.07,0.00,0.00,174.00,0.00,79DAAFB4
2026-07-20T06:09:14Z,0.00,308.20,37.45,S,0.00,0.00,1007.70,42.34,1007.70,10.41,22.48,0.00,0.00,180.00,0.00,79DAAFB4
2026-07-20T05:51:55Z,0.00,308.20,36.67,SSW,0.00,0.00,1007.90,45.00,1007.90,9.69,22.79,0.00,0.00,213.00,0.00,79DAAFB4
2026-07-20T05:34:46Z,0.00,308.20,35.93,WSW,0.65,2.02,1008.10,46.64,1008.10,9.22,22.71,0.00,0.00,243.00,0.00,79DAAFB4
2026-07-20T05:17:37Z,0.00,308.20,35.31,S,0.00,0.00,1008.30,47.35,1008.30,8.98,22.40,0.00,0.00,180.00,0.00,79DAAFB4
2026-07-20T05:00:18Z,0.00,308.20,34.10,S,0.00,0.00,1008.30,52.35,1008.30,7.83,22.95,0.00,0.00,180.00,0.00,79DAAFB4
2026-07-20T04:43:10Z,0.00,308.20,33.94,S,0.00,0.00,1008.60,54.35,1008.60,7.43,23.42,0.00,0.00,180.00,0.00,79DAAFB4
2026-07-20T04:26:02Z,0.00,308.20,33.19,S,0.00,0.00,1008.90,56.11,1008.90,7.02,23.25,0.00,0.00,180.00,0.00,79DAAFB4
2026-07-20T04:08:43Z,0.00,308.20,32.95,S,0.00,0.00,1009.20,54.35,1009.20,7.31,22.50,0.00,0.00,180.00,0.00,79DAAFB4
2026-07-20T03:51:24Z,0.00,308.20,32.69,SW,1.37,4.14,1009.30,60.52,1009.30,6.19,24.04,0.00,0.00,236.00,0.00,79DAAFB4
2026-07-20T03:34:16Z,0.00,308.20,32.16,S,0.00,0.00,1009.40,62.10,1009.40,5.86,23.98,0.00,0.00,180.00,0.00,79DAAFB4
2026-07-20T03:16:56Z,0.00,308.20,32.03,S,0.00,0.00,1009.60,63.97,1009.60,5.54,24.35,0.00,0.00,180.00,0.00,79DAAFB4
2026-07-20T02:59:47Z,0.00,308.20,31.38,S,0.00,0.00,1009.60,66.57,1009.60,5.05,24.40,0.00,0.00,180.00,0.00,79DAAFB4
2026-07-20T02:42:39Z,0.00,308.20,30.80,S,0.00,0.00,1009.90,69.23,1009.90,4.58,24.50,0.00,0.00,180.00,0.00,79DAAFB4
2026-07-20T02:25:31Z,0.00,308.20,30.78,S,0.00,0.00,1009.90,73.20,1009.90,3.95,25.42,0.00,0.00,180.00,0.00,79DAAFB4
2026-07-20T02:08:23Z,0.00,308.20,30.20,S,0.00,0.00,1010.00,76.07,1010.00,3.48,25.51,0.00,0.00,180.00,0.00,79DAAFB4
2026-07-20T01:51:15Z,0.00,308.20,29.85,S,0.00,0.00,1010.00,78.28,1010.00,3.12,25.65,0.00,0.00,180.00,0.00,79DAAFB4
2026-07-20T01:34:07Z,0.00,308.20,29.60,S,0.00,0.00,1010.10,80.95,1010.10,2.71,25.98,0.00,0.00,180.00,0.00,79DAAFB4
2026-07-20T01:16:59Z,0.00,308.20,29.36,S,0.00,0.00,1010.20,83.13,1010.20,2.38,26.19,0.00,0.00,180.00,0.00,79DAAFB4
2026-07-20T00:59:40Z,0.00,308.20,29.01,S,0.00,0.00,1010.00,84.78,1010.00,2.13,26.18,0.00,0.00,180.00,0.00,79DAAFB4
2026-07-20T00:42:31Z,0.00,308.20,28.72,S,0.00,0.00,1009.70,85.77,1009.70,1.97,26.10,0.00,0.00,180.00,0.00,79DAAFB4
2026-07-20T00:25:23Z,0.00,308.20,28.38,S,0.00,0.00,1009.60,86.88,1009.60,1.81,25.98,0.00,0.00,180.00,0.00,79DAAFB4
2026-07-20T00:08:15Z,0.00,308.20,28.05,S,0.00,0.00,1009.40,87.43,1009.40,1.72,25.76,0.00,0.00,180.00,0.00,79DAAFB4
2026-07-19T23:50:56Z,0.00,308.20,27.82,S,0.00,0.00,1009.20,88.90,1009.20,1.50,25.82,0.00,0.00,180.00,0.00,79DAAFB4
2026-07-19T23:33:47Z,0.00,308.20,27.69,S,0.00,0.00,1009.10,88.54,1009.10,1.55,25.62,0.00,0.00,180.00,0.00,79DAAFB4
2026-07-19T23:16:38Z,0.00,308.20,27.69,S,0.00,0.00,1009.10,88.72,1009.10,1.53,25.66,0.00,0.00,180.00,0.00,79DAAFB4
2026-07-19T22:59:19Z,0.00,308.20,27.62,S,0.00,0.00,1009.00,89.03,1009.00,1.48,25.64,0.00,0.00,180.00,0.00,79DAAFB4
2026-07-19T22:42:11Z,0.00,308.20,27.54,S,0.00,0.00,1008.90,88.79,1008.90,1.51,25.52,0.00,0.00,180.00,0.00,79DAAFB4
2026-07-19T22:25:03Z,0.00,308.20,27.41,S,0.00,0.00,1008.80,89.12,1008.80,1.47,25.46,0.00,0.00,180.00,0.00,79DAAFB4
2026-07-19T22:07:44Z,0.00,308.20,27.49,S,0.00,0.00,1008.80,88.64,1008.80,1.54,25.44,0.00,0.00,180.00,0.00,79DAAFB4
2026-07-19T21:50:25Z,0.00,308.20,27.59,S,0.00,0.00,1008.80,88.66,1008.80,1.53,25.55,0.00,0.00,180.00,0.00,79DAAFB4
2026-07-19T21:33:17Z,0.00,308.20,27.62,S,0.00,0.00,1008.70,88.72,1008.70,1.53,25.59,0.00,0.00,180.00,0.00,79DAAFB4
2026-07-19T21:15:57Z,0.00,308.20,27.67,S,0.00,0.00,1008.60,88.67,1008.60,1.53,25.63,0.00,0.00,180.00,0.00,79DAAFB4
2026-07-19T20:58:48Z,0.00,308.20,27.69,S,0.00,0.00,1008.70,88.34,1008.70,1.58,25.58,0.00,0.00,180.00,0.00,79DAAFB4
2026-07-19T20:41:40Z,0.00,308.20,27.73,S,0.00,0.00,1008.80,88.26,1008.80,1.59,25.61,0.00,0.00,180.00,0.00,79DAAFB4
2026-07-19T20:24:32Z,0.00,308.20,27.89,S,0.00,0.00,1008.90,87.83,1008.90,1.66,25.68,0.00,0.00,180.00,0.00,79DAAFB4
2026-07-19T20:07:24Z,0.00,308.20,27.99,S,0.00,0.00,1008.60,87.23,1008.60,1.75,25.66,0.00,0.00,180.00,0.00,79DAAFB4
2026-07-19T19:50:16Z,0.00,308.20,28.03,S,0.00,0.00,1008.70,86.96,1008.70,1.79,25.65,0.00,0.00,180.00,0.00,79DAAFB4
2026-07-19T19:33:08Z,0.00,308.20,28.03,S,0.00,0.00,1008.40,86.30,1008.40,1.88,25.52,0.00,0.00,180.00,0.00,79DAAFB4
2026-07-19T19:16:00Z,0.00,308.20,28.12,S,0.00,0.00,1008.50,86.00,1008.50,1.93,25.55,0.00,0.00,180.00,0.00,79DAAFB4
2026-07-19T18:58:41Z,0.00,308.20,28.23,S,0.00,0.00,1008.70,85.55,1008.70,1.99,25.57,0.00,0.00,180.00,0.00,79DAAFB4
2026-07-19T18:41:32Z,0.00,308.20,28.34,S,0.00,0.00,1009.00,84.94,1009.00,2.08,25.56,0.00,0.00,180.00,0.00,79DAAFB4
2026-07-19T18:24:24Z,0.00,308.20,28.39,S,0.00,0.00,1009.00,84.61,1009.00,2.13,25.54,0.00,0.00,180.00,0.00,79DAAFB4
2026-07-19T18:07:16Z,0.00,308.20,28.47,S,0.00,0.00,1009.10,84.36,1009.10,2.17,25.57,0.00,0.00,180.00,0.00,79DAAFB4
2026-07-19T17:49:57Z,0.00,308.20,28.72,S,0.00,0.00,1009.30,83.53,1009.30,2.30,25.65,0.00,0.00,180.00,0.00,79DAAFB4
2026-07-19T17:32:48Z,0.00,308.20,28.77,S,0.00,0.00,1009.40,82.76,1009.40,2.42,25.54,0.00,0.00,180.00,0.00,79DAAFB4
2026-07-19T17:15:39Z,0.00,308.20,28.85,S,0.00,0.00,1009.50,82.27,1009.50,2.49,25.52,0.00,0.00,180.00,0.00,79DAAFB4
2026-07-19T16:58:20Z,0.00,308.20,29.00,S,0.00,0.00,1009.70,81.45,1009.70,2.62,25.50,0.00,0.00,180.00,0.00,79DAAFB4
2026-07-19T16:41:12Z,0.00,308.20,29.14,S,0.00,0.00,1009.90,80.61,1009.90,2.75,25.46,0.00,0.00,180.00,0.00,79DAAFB4
2026-07-19T16:24:04Z,0.00,308.20,29.25,S,0.00,0.00,1010.10,79.96,1010.10,2.85,25.43,0.00,0.00,180.00,0.00,79DAAFB4
2026-07-19T16:06:45Z,0.00,308.20,29.35,S,0.00,0.00,1010.10,79.16,1010.10,2.97,25.36,0.00,0.00,180.00,0.00,79DAAFB4
2026-07-19T15:49:26Z,0.00,308.20,29.48,S,0.00,0.00,1010.00,78.36,1010.00,3.10,25.31,0.00,0.00,180.00,0.00,79DAAFB4
2026-07-19T15:32:18Z,0.00,308.20,29.63,S,0.00,0.00,1010.00,77.51,1010.00,3.23,25.27,0.00,0.00,180.00,0.00,79DAAFB4
2026-07-19T15:14:58Z,0.00,308.20,29.75,S,0.00,0.00,1009.90,76.88,1009.90,3.33,25.25,0.00,0.00,180.00,0.00,79DAAFB4
2026-07-19T14:57:49Z,0.00,308.20,29.89,S,0.00,0.00,1009.60,76.22,1009.60,3.44,25.24,0.00,0.00,180.00,0.00,79DAAFB4
2026-07-19T14:40:41Z,0.00,308.20,29.96,S,0.00,0.00,1009.50,76.57,1009.50,3.39,25.39,0.00,0.00,180.00,0.00,79DAAFB4
2026-07-19T14:23:33Z,0.00,308.20,30.24,SSW,0.00,0.00,1009.30,75.81,1009.30,3.52,25.49,0.00,0.00,209.00,0.00,79DAAFB4
2026-07-19T14:06:25Z,0.00,308.20,30.25,S,0.00,0.00,1009.00,75.22,1009.00,3.61,25.37,0.00,0.00,180.00,0.00,79DAAFB4
2026-07-19T13:49:17Z,0.00,308.20,30.50,S,0.00,0.00,1008.90,74.58,1008.90,3.72,25.46,0.00,0.00,180.00,0.00,79DAAFB4
2026-07-19T13:32:09Z,0.00,308.20,30.64,SSE,0.00,0.00,1008.60,74.50,1008.60,3.74,25.58,0.00,0.00,159.00,0.00,79DAAFB4
2026-07-19T13:14:50Z,0.00,308.20,30.82,S,0.00,0.00,1008.50,74.12,1008.50,3.81,25.67,0.00,0.00,180.00,0.00,79DAAFB4
2026-07-19T12:57:31Z,0.00,308.20,31.00,S,0.00,0.00,1008.30,73.14,1008.30,3.98,25.62,0.00,0.00,180.00,0.00,79DAAFB4
2026-07-19T12:40:23Z,0.00,308.20,31.25,S,0.00,0.00,1007.90,72.16,1007.90,4.15,25.63,0.00,0.00,180.00,0.00,79DAAFB4
2026-07-19T12:23:03Z,0.00,308.20,31.48,S,0.00,0.00,1007.70,71.15,1007.70,4.32,25.61,0.00,0.00,180.00,0.00,79DAAFB4
2026-07-19T12:05:54Z,0.00,308.20,31.82,S,0.00,0.00,1007.50,69.57,1007.50,4.60,25.56,0.00,0.00,180.00,0.00,79DAAFB4
2026-07-19T11:48:46Z,0.00,308.20,32.06,S,0.00,0.00,1007.40,68.09,1007.40,4.86,25.42,0.00,0.00,180.00,0.00,79DAAFB4
2026-07-19T11:31:38Z,0.00,308.20,32.36,S,0.00,0.00,1007.30,66.51,1007.30,5.14,25.31,0.00,0.00,180.00,0.00,79DAAFB4
2026-07-19T11:14:30Z,0.00,308.20,32.77,S,0.00,0.00,1007.00,64.60,1007.00,5.50,25.21,0.00,0.00,180.00,0.00,79DAAFB4
2026-07-19T10:57:22Z,0.00,308.20,33.46,S,0.00,0.00,1006.80,62.23,1006.80,5.96,25.23,0.00,0.00,180.00,0.00,79DAAFB4
2026-07-19T10:40:14Z,0.00,308.20,34.14,S,0.00,0.00,1006.60,59.37,1006.60,6.54,25.08,0.00,0.00,180.00,0.00,79DAAFB4
2026-07-19T10:22:55Z,0.00,308.20,33.51,S,0.00,0.00,1006.70,61.27,1006.70,6.14,25.02,0.00,0.00,180.00,0.00,79DAAFB4
2026-07-19T10:05:36Z,0.00,308.20,34.33,S,0.00,0.00,1006.20,57.60,1006.20,6.88,24.75,0.00,0.00,180.00,0.00,79DAAFB4
2026-07-19T09:48:28Z,0.00,308.20,36.07,S,0.00,0.00,1006.00,52.64,1006.00,8.03,24.85,0.00,0.00,180.00,0.00,79DAAFB4
2026-07-19T09:31:08Z,0.00,308.20,36.66,ESE,0.00,0.00,1006.20,52.07,1006.20,8.22,25.21,0.00,0.00,120.00,0.00,79DAAFB4
2026-07-19T09:13:59Z,0.00,308.20,36.51,NNE,0.00,0.00,1006.10,52.57,1006.10,8.10,25.23,0.00,0.00,19.00,0.00,79DAAFB4
2026-07-19T08:56:51Z,0.00,308.20,39.59,S,0.00,0.00,1005.90,46.49,1005.90,9.82,25.97,0.00,0.00,180.00,0.00,79DAAFB4
2026-07-19T08:39:43Z,0.00,308.20,38.96,S,0.00,0.00,1006.00,47.62,1006.00,9.48,25.80,0.00,0.00,180.00,0.00,79DAAFB4
2026-07-19T08:22:35Z,0.00,308.20,39.23,S,0.00,0.00,1006.20,42.75,1006.20,10.62,24.23,0.00,0.00,180.00,0.00,79DAAFB4
2026-07-19T08:05:27Z,0.00,308.20,36.26,S,0.00,0.00,1006.40,53.51,1006.40,7.88,25.30,0.00,0.00,180.00,0.00,79DAAFB4
2026-07-19T07:48:19Z,0.00,308.20,37.15,S,0.00,0.00,1006.50,48.22,1006.50,9.08,24.37,0.00,0.00,180.00,0.00,79DAAFB4
2026-07-19T07:31:11Z,0.00,308.20,39.10,S,0.00,0.00,1006.50,43.81,1006.50,10.35,24.53,0.00,0.00,180.00,0.00,79DAAFB4
2026-07-19T07:13:52Z,0.00,308.20,39.20,S,0.00,0.00,1006.60,46.66,1006.60,9.73,25.68,0.00,0.00,180.00,0.00,79DAAFB4
2026-07-19T06:56:43Z,0.00,308.20,37.60,S,0.00,0.00,1006.70,47.91,1006.70,9.21,24.67,0.00,0.00,180.00,0.00,79DAAFB4
2026-07-19T06:39:35Z,0.00,308.20,38.58,SSW,0.00,0.00,1007.00,46.13,1007.00,9.75,24.92,0.00,0.00,198.00,0.00,79DAAFB4
2026-07-19T06:22:27Z,0.00,308.20,38.02,S,0.00,0.00,1007.10,47.07,1007.10,9.45,24.75,0.00,0.00,180.00,0.00,79DAAFB4
2026-07-19T06:05:19Z,0.00,308.20,24.44,S,0.00,0.00,671.60,34.27,671.60,9.49,7.68,0.00,0.00,180.00,0.00,79DAAFB4
2026-07-19T05:48:11Z,0.00,308.20,36.32,S,0.00,0.00,1007.70,51.78,1007.70,8.23,24.80,0.00,0.00,180.00,0.00,79DAAFB4
2026-07-19T05:31:03Z,0.00,308.20,35.37,S,0.00,0.00,1007.90,53.55,1007.90,7.76,24.49,0.00,0.00,180.00,0.00,79DAAFB4
2026-07-19T05:13:55Z,0.00,308.20,34.77,S,0.00,0.00,1008.20,57.88,1008.20,6.88,25.24,0.00,0.00,180.00,0.00,79DAAFB4
2026-07-19T04:53:15Z,0.00,308.20,33.88,S,0.00,0.00,1008.50,60.00,1008.50,6.40,25.01,0.00,0.00,188.00,0.00,79DAAFB4
2026-07-19T04:36:07Z,0.00,308.20,33.19,S,0.00,0.00,1008.90,61.74,1008.90,6.02,24.85,0.00,0.00,180.00,0.00,79DAAFB4
2026-07-19T04:18:48Z,0.00,308.20,32.93,S,0.00,0.00,1009.10,63.50,1009.10,5.70,25.07,0.00,0.00,180.00,0.00,79DAAFB4
2026-07-19T04:01:29Z,0.00,308.20,32.69,S,0.00,0.00,1009.20,64.23,1009.20,5.55,25.04,0.00,0.00,180.00,0.00,79DAAFB4
2026-07-19T03:44:21Z,0.00,308.20,32.16,SW,0.00,0.00,1009.20,66.43,1009.20,5.14,25.10,0.00,0.00,220.00,0.00,79DAAFB4
2026-07-19T03:27:02Z,0.00,308.20,31.82,WSW,0.68,2.12,1009.50,69.21,1009.50,4.66,25.47,0.00,0.00,258.00,0.00,79DAAFB4
2026-07-19T03:09:53Z,0.00,308.20,31.29,S,0.00,0.00,1009.60,72.03,1009.60,4.17,25.64,0.00,0.00,180.00,0.00,79DAAFB4
2026-07-19T02:52:51Z,0.00,308.20,31.16,S,0.00,0.00,1009.80,75.69,1009.80,3.59,26.35,0.00,0.00,180.00,0.00,79DAAFB4
2026-07-19T02:35:32Z,0.00,308.20,30.72,N,2.12,3.82,1009.90,76.40,1009.90,3.45,26.08,0.00,0.00,351.00,0.00,79DAAFB4
2026-07-19T02:18:24Z,0.00,308.20,30.17,S,0.00,0.00,1010.00,79.38,1010.00,2.97,26.20,0.00,0.00,180.00,0.00,79DAAFB4
2026-07-19T02:01:15Z,0.00,308.20,30.14,S,0.00,0.00,1010.00,79.62,1010.00,2.93,26.22,0.00,0.00,180.00,0.00,79DAAFB4
2026-07-19T01:44:07Z,0.00,308.20,29.57,S,0.00,0.00,1010.00,82.92,1010.00,2.42,26.35,0.00,0.00,180.00,0.00,79DAAFB4
2026-07-19T01:26:58Z,0.00,308.20,29.46,S,0.00,0.00,1010.00,85.12,1010.00,2.09,26.69,0.00,0.00,180.00,0.00,79DAAFB4
2026-07-19T01:09:50Z,0.00,308.20,29.07,S,0.00,0.00,1009.80,86.74,1009.80,1.84,26.63,0.00,0.00,180.00,0.00,79DAAFB4
2026-07-19T00:52:42Z,0.00,308.20,28.75,S,0.00,0.00,1009.70,88.50,1009.70,1.58,26.66,0.00,0.00,180.00,0.00,79DAAFB4
2026-07-19T00:35:34Z,0.00,308.20,28.36,S,0.00,0.00,1009.70,89.09,1009.70,1.49,26.39,0.00,0.00,180.00,0.00,79DAAFB4
2026-07-19T00:18:15Z,0.00,308.20,28.06,S,0.00,0.00,1009.60,89.63,1009.60,1.40,26.19,0.00,0.00,180.00,0.00,79DAAFB4
2026-07-19T00:01:07Z,0.00,308.20,27.72,S,0.00,0.00,1009.50,91.11,1009.50,1.19,26.13,0.00,0.00,180.00,0.00,79DAAFB4
2026-07-18T23:43:47Z,0.00,308.20,27.48,S,0.00,0.00,1009.40,91.66,1009.40,1.11,26.00,0.00,0.00,180.00,0.00,79DAAFB4
2026-07-18T23:26:28Z,0.00,308.20,27.26,S,0.00,0.00,1009.20,92.95,1009.20,0.92,26.02,0.00,0.00,180.00,0.00,79DAAFB4
2026-07-18T23:09:20Z,0.00,308.20,27.10,S,0.00,0.00,1009.10,93.29,1009.10,0.88,25.92,0.00,0.00,180.00,0.00,79DAAFB4
2026-07-18T22:52:01Z,0.00,308.20,27.03,S,0.00,0.00,1008.90,93.40,1008.90,0.86,25.87,0.00,0.00,180.00,0.00,79DAAFB4
2026-07-18T22:34:52Z,0.00,308.20,27.08,S,0.00,0.00,1008.80,93.32,1008.80,0.87,25.91,0.00,0.00,180.00,0.00,79DAAFB4
2026-07-18T22:17:43Z,0.00,308.20,27.12,S,0.00,0.00,1008.60,93.08,1008.60,0.90,25.90,0.00,0.00,180.00,0.00,79DAAFB4
2026-07-18T22:00:35Z,0.00,308.20,27.09,S,0.00,0.00,1008.60,92.83,1008.60,0.94,25.83,0.00,0.00,180.00,0.00,79DAAFB4
2026-07-18T21:43:27Z,0.00,308.20,27.20,S,0.00,0.00,1008.50,92.47,1008.50,0.99,25.87,0.00,0.00,180.00,0.00,79DAAFB4
2026-07-18T21:26:19Z,0.00,308.20,27.18,S,0.00,0.00,1008.60,92.66,1008.60,0.96,25.89,0.00,0.00,180.00,0.00,79DAAFB4
2026-07-18T21:09:00Z,0.00,308.20,27.17,S,0.00,0.00,1008.60,92.62,1008.60,0.97,25.87,0.00,0.00,180.00,0.00,79DAAFB4
2026-07-18T20:51:52Z,0.00,308.20,27.21,S,0.00,0.00,1008.60,92.48,1008.60,0.99,25.88,0.00,0.00,180.00,0.00,79DAAFB4
2026-07-18T20:34:32Z,0.00,308.20,27.13,S,0.00,0.00,1008.70,92.68,1008.70,0.96,25.84,0.00,0.00,180.00,0.00,79DAAFB4
2026-07-18T20:17:13Z,0.00,308.20,27.15,S,0.00,0.00,1008.80,92.73,1008.80,0.95,25.87,0.00,0.00,180.00,0.00,79DAAFB4
2026-07-18T20:00:09Z,0.00,308.20,27.20,S,0.00,0.00,1008.80,92.53,1008.80,0.98,25.88,0.00,0.00,180.00,0.00,79DAAFB4
2026-07-18T19:43:00Z,0.00,308.20,27.20,S,0.00,0.00,1008.90,92.35,1008.90,1.01,25.85,0.00,0.00,180.00,0.00,79DAAFB4
2026-07-18T19:25:41Z,0.00,308.20,27.23,S,0.00,0.00,1008.90,92.97,1008.90,0.92,25.99,0.00,0.00,180.00,0.00,79DAAFB4
2026-07-18T19:08:33Z,0.00,308.20,27.27,S,0.00,0.00,1008.90,93.07,1008.90,0.91,26.05,0.00,0.00,180.00,0.00,79DAAFB4
2026-07-18T18:51:25Z,0.00,308.20,27.26,S,0.00,0.00,1008.90,92.92,1008.90,0.93,26.01,0.00,0.00,180.00,0.00,79DAAFB4
2026-07-18T18:34:06Z,0.00,308.20,27.32,S,0.00,0.00,1009.00,93.01,1009.00,0.92,26.09,0.00,0.00,180.00,0.00,79DAAFB4
2026-07-18T18:16:47Z,0.00,308.20,27.43,S,0.00,0.00,1009.20,92.67,1009.20,0.97,26.13,0.00,0.00,180.00,0.00,79DAAFB4
2026-07-18T17:59:38Z,0.00,308.20,27.56,S,0.00,0.00,1009.20,92.99,1009.20,0.92,26.32,0.00,0.00,180.00,0.00,79DAAFB4
2026-07-18T17:42:30Z,0.00,308.20,27.51,S,0.00,0.00,1009.30,92.55,1009.30,0.98,26.19,0.00,0.00,180.00,0.00,79DAAFB4
2026-07-18T17:25:22Z,0.00,308.20,27.46,S,0.00,0.00,1009.30,92.79,1009.30,0.95,26.19,0.00,0.00,180.00,0.00,79DAAFB4
2026-07-18T17:08:03Z,0.00,308.20,27.45,S,0.00,0.00,1009.50,92.14,1009.50,1.04,26.06,0.00,0.00,180.00,0.00,79DAAFB4
2026-07-18T16:50:54Z,0.00,308.20,27.41,S,0.00,0.00,1009.60,92.86,1009.60,0.94,26.15,0.00,0.00,180.00,0.00,79DAAFB4
2026-07-18T16:33:45Z,0.00,308.20,27.53,S,0.00,0.00,1009.60,91.25,1009.60,1.17,25.97,0.00,0.00,180.00,0.00,79DAAFB4
2026-07-18T16:16:26Z,0.00,308.20,27.44,S,0.00,0.00,1009.70,92.98,1009.70,0.92,26.20,0.00,0.00,180.00,0.00,79DAAFB4
2026-07-18T15:59:18Z,0.00,308.20,27.34,S,0.00,0.00,1009.60,92.40,1009.60,1.00,26.00,0.00,0.00,180.00,0.00,79DAAFB4
2026-07-18T15:42:10Z,0.00,308.20,27.35,S,0.00,0.00,1009.70,91.84,1009.70,1.08,25.90,0.00,0.00,180.00,0.00,79DAAFB4
2026-07-18T15:24:51Z,0.00,308.20,27.35,S,0.00,0.00,1009.80,91.48,1009.80,1.13,25.84,0.00,0.00,180.00,0.00,79DAAFB4
2026-07-18T15:07:32Z,0.00,308.20,27.27,S,0.00,0.00,1009.80,91.00,1009.80,1.20,25.67,0.00,0.00,180.00,0.00,79DAAFB4
2026-07-18T14:50:23Z,0.00,308.20,27.23,S,0.00,0.00,1009.70,92.90,1009.70,0.93,25.98,0.00,0.00,180.00,0.00,79DAAFB4
2026-07-18T14:33:15Z,0.00,308.20,27.14,S,0.00,0.00,1009.30,92.33,1009.30,1.01,25.79,0.00,0.00,180.00,0.00,79DAAFB4
2026-07-18T14:16:07Z,0.00,308.20,27.06,S,0.00,0.00,1009.30,93.02,1009.30,0.91,25.83,0.00,0.00,180.00,0.00,79DAAFB4
2026-07-18T13:58:59Z,0.00,308.20,17.95,S,0.00,0.00,672.80,62.26,672.80,4.51,10.63,0.00,0.00,180.00,0.00,79DAAFB4
2026-07-18T13:41:51Z,0.00,308.20,26.85,S,0.00,0.00,1009.30,92.89,1009.30,0.93,25.60,0.00,0.00,180.00,0.00,79DAAFB4
2026-07-18T13:24:43Z,0.00,308.20,26.82,S,0.00,0.00,1009.30,91.85,1009.30,1.07,25.38,0.00,0.00,180.00,0.00,79DAAFB4
2026-07-18T13:07:35Z,0.00,308.20,26.80,S,0.00,0.00,1009.00,90.53,1009.00,1.26,25.12,0.00,0.00,180.00,0.00,79DAAFB4
2026-07-18T12:50:16Z,0.00,308.20,26.90,S,0.00,0.00,1008.40,93.48,1008.40,0.85,25.76,0.00,0.00,180.00,0.00,79DAAFB4
2026-07-18T12:33:08Z,0.00,308.20,26.80,S,0.00,0.00,1007.90,93.32,1007.90,0.87,25.63,0.00,0.00,180.00,0.00,79DAAFB4
2026-07-18T12:15:48Z,0.00,308.20,26.67,S,0.00,0.00,1007.20,93.78,1007.20,0.80,25.58,0.00,0.00,180.00,0.00,79DAAFB4
2026-07-18T11:58:29Z,0.00,308.20,26.41,S,0.00,0.00,1007.00,93.62,1007.00,0.82,25.30,0.00,0.00,180.00,0.00,79DAAFB4
2026-07-18T11:41:21Z,0.00,308.20,26.09,S,0.00,0.00,1006.90,93.73,1006.90,0.81,25.00,0.00,0.00,180.00,0.00,79DAAFB4
2026-07-18T11:24:02Z,0.00,308.20,25.77,S,0.00,0.00,1007.20,92.28,1007.20,1.00,24.42,0.00,0.00,180.00,0.00,79DAAFB4
2026-07-18T11:06:53Z,1.20,308.20,25.16,S,0.00,0.00,1007.50,92.69,1007.50,0.94,23.89,0.00,0.00,180.00,0.00,79DAAFB4
2026-07-18T10:49:44Z,2.40,307.00,25.07,S,0.00,0.00,1008.50,87.91,1008.50,1.59,22.92,0.00,0.00,180.00,0.00,79DAAFB4
2026-07-18T10:32:36Z,1.00,304.60,26.42,S,0.00,0.00,1009.00,84.93,1009.00,2.03,23.68,0.00,0.00,180.00,0.00,79DAAFB4
2026-07-18T10:15:28Z,0.00,303.60,28.97,S,0.00,0.00,1008.30,83.56,1008.30,2.30,25.90,0.00,0.00,180.00,0.00,79DAAFB4
2026-07-18T09:58:20Z,0.00,303.60,29.44,S,0.00,0.00,1007.40,86.93,1007.40,1.82,27.03,0.00,0.00,180.00,0.00,79DAAFB4
2026-07-18T09:40:58Z,0.00,303.60,30.04,S,0.00,0.00,1007.00,84.22,1007.00,2.24,27.08,0.00,0.00,180.00,0.00,79DAAFB4
2026-07-18T09:23:50Z,0.00,303.60,29.91,S,0.00,0.00,1006.70,91.49,1006.70,1.16,28.37,0.00,0.00,180.00,0.00,79DAAFB4
2026-07-18T09:06:42Z,2.80,303.60,29.26,S,0.00,0.00,1006.40,92.51,1006.40,1.00,27.92,0.00,0.00,180.00,0.00,79DAAFB4
2026-07-18T08:49:34Z,0.00,300.80,32.65,S,0.00,0.00,1006.30,66.98,1006.30,5.09,25.71,0.00,0.00,180.00,0.00,79DAAFB4
2026-07-18T08:32:26Z,0.00,300.80,34.83,WSW,0.00,0.00,1005.60,58.78,1005.60,6.72,25.56,0.00,0.00,240.00,0.00,79DAAFB4
2026-07-18T08:15:07Z,0.00,300.80,37.86,SSE,0.00,0.00,1005.90,52.46,1005.90,8.30,26.44,0.00,0.00,156.00,0.00,79DAAFB4
2026-07-18T07:57:59Z,0.00,300.80,37.20,S,0.00,0.00,1005.90,54.11,1005.90,7.88,26.35,0.00,0.00,180.00,0.00,79DAAFB4
2026-07-18T07:40:58Z,0.00,300.80,36.59,S,0.00,0.00,1006.30,52.56,1006.30,8.11,25.30,0.00,0.00,180.00,0.00,79DAAFB4
2026-07-18T07:23:39Z,0.00,300.80,37.85,WNW,0.00,0.00,1006.00,48.51,1006.00,9.12,25.11,0.00,0.00,303.00,0.00,79DAAFB4
2026-07-18T07:06:28Z,0.00,300.80,39.06,N,1.22,1.98,1006.50,47.26,1006.50,9.57,25.76,0.00,0.00,355.00,0.00,79DAAFB4
2026-07-18T06:49:20Z,0.00,300.80,35.80,S,0.00,0.00,1006.80,55.21,1006.80,7.49,25.40,0.00,0.00,180.00,0.00,79DAAFB4
2026-07-18T06:32:01Z,0.00,300.80,37.36,S,0.00,0.00,1007.00,50.13,1007.00,8.71,25.21,0.00,0.00,180.00,0.00,79DAAFB4
2026-07-18T06:14:42Z,0.00,300.80,37.17,S,0.00,0.00,1007.40,51.22,1007.40,8.46,25.40,0.00,0.00,180.00,0.00,79DAAFB4
2026-07-18T05:57:34Z,0.00,300.80,36.22,S,0.00,0.00,1007.50,52.45,1007.50,8.08,24.93,0.00,0.00,180.00,0.00,79DAAFB4
2026-07-18T05:40:14Z,0.00,300.80,35.85,SSW,1.26,2.23,1007.90,54.03,1007.90,7.73,25.08,0.00,0.00,199.00,0.00,79DAAFB4
2026-07-18T05:23:05Z,0.00,300.80,35.42,S,0.00,0.00,1008.20,54.23,1008.20,7.64,24.75,0.00,0.00,180.00,0.00,79DAAFB4
2026-07-18T05:05:55Z,0.00,300.80,34.26,S,0.00,0.00,1008.30,59.93,1008.30,6.45,25.35,0.00,0.00,180.00,0.00,79DAAFB4
2026-07-18T04:48:46Z,0.00,300.80,33.88,N,0.00,0.00,1008.40,60.87,1008.40,6.24,25.26,0.00,0.00,1.00,0.00,79DAAFB4
2026-07-18T04:31:38Z,0.00,300.80,33.37,W,1.15,3.49,1008.60,62.76,1008.60,5.86,25.29,0.00,0.00,268.00,0.00,79DAAFB4
2026-07-18T04:14:30Z,0.00,300.80,32.85,S,0.00,0.00,1008.80,64.53,1008.80,5.51,25.27,0.00,0.00,180.00,0.00,79DAAFB4
2026-07-18T03:57:22Z,0.00,300.80,33.03,S,0.00,0.00,1008.90,64.09,1008.90,5.60,25.32,0.00,0.00,180.00,0.00,79DAAFB4
2026-07-18T03:40:14Z,0.00,300.80,32.39,S,0.00,0.00,1009.10,65.53,1009.10,5.31,25.09,0.00,0.00,180.00,0.00,79DAAFB4
2026-07-18T03:23:06Z,0.00,300.80,32.10,S,0.00,0.00,1009.20,68.41,1009.20,4.81,25.54,0.00,0.00,180.00,0.00,79DAAFB4
2026-07-18T03:05:47Z,0.00,300.80,31.60,S,0.00,0.00,1009.30,69.97,1009.30,4.52,25.44,0.00,0.00,180.00,0.00,79DAAFB4
2026-07-18T02:48:28Z,0.00,300.80,30.97,S,0.00,0.00,1009.30,75.24,1009.30,3.65,26.07,0.00,0.00,180.00,0.00,79DAAFB4
2026-07-18T02:31:19Z,0.00,300.80,30.50,S,0.00,0.00,1009.50,76.34,1009.50,3.45,25.86,0.00,0.00,180.00,0.00,79DAAFB4
2026-07-18T02:14:11Z,0.00,300.80,30.04,S,0.00,0.00,1009.60,79.50,1009.60,2.95,26.10,0.00,0.00,180.00,0.00,79DAAFB4
2026-07-18T01:56:16Z,0.00,300.80,29.71,S,0.00,0.00,1009.80,81.57,1009.80,2.62,26.21,0.00,0.00,180.00,0.00,79DAAFB4
2026-07-18T01:39:04Z,0.00,300.80,29.46,S,0.00,0.00,1009.90,82.85,1009.90,2.42,26.23,0.00,0.00,180.00,0.00,79DAAFB4
2026-07-18T01:21:56Z,0.00,300.80,29.17,S,0.00,0.00,1009.70,83.66,1009.70,2.30,26.11,0.00,0.00,180.00,0.00,79DAAFB4
2026-07-18T01:04:48Z,0.00,300.80,28.80,S,0.00,0.00,1009.70,86.12,1009.70,1.93,26.24,0.00,0.00,180.00,0.00,79DAAFB4
2026-07-18T00:47:40Z,0.00,300.80,28.78,S,0.00,0.00,1009.60,86.19,1009.60,1.91,26.24,0.00,0.00,180.00,0.00,79DAAFB4
2026-07-18T00:30:32Z,0.00,300.80,28.60,S,0.00,0.00,1009.50,86.85,1009.50,1.81,26.19,0.00,0.00,180.00,0.00,79DAAFB4
2026-07-18T00:13:24Z,0.00,300.80,28.45,S,0.00,0.00,1009.30,86.68,1009.30,1.84,26.01,0.00,0.00,180.00,0.00,79DAAFB4
2026-07-17T23:56:16Z,0.00,300.80,28.22,S,0.00,0.00,1009.20,87.65,1009.20,1.69,25.97,0.00,0.00,180.00,0.00,79DAAFB4
2026-07-17T23:38:57Z,0.00,300.80,27.88,S,0.00,0.00,1009.20,88.66,1009.20,1.54,25.83,0.00,0.00,180.00,0.00,79DAAFB4
2026-07-17T23:21:48Z,0.00,300.80,27.73,S,0.00,0.00,1009.10,88.79,1009.10,1.52,25.71,0.00,0.00,180.00,0.00,79DAAFB4
2026-07-17T23:04:40Z,0.00,300.80,27.69,S,0.00,0.00,1008.90,89.01,1008.90,1.49,25.71,0.00,0.00,180.00,0.00,79DAAFB4
2026-07-17T22:47:32Z,0.00,300.80,27.59,S,0.00,0.00,1008.80,89.42,1008.80,1.43,25.69,0.00,0.00,180.00,0.00,79DAAFB4
2026-07-17T22:30:13Z,0.00,300.80,27.69,S,0.00,0.00,1008.80,88.85,1008.80,1.51,25.68,0.00,0.00,180.00,0.00,79DAAFB4
2026-07-17T22:13:04Z,0.00,300.80,27.68,S,0.00,0.00,1008.70,88.44,1008.70,1.57,25.59,0.00,0.00,180.00,0.00,79DAAFB4
2026-07-17T21:55:55Z,0.00,300.80,27.75,S,0.00,0.00,1008.70,88.64,1008.70,1.54,25.70,0.00,0.00,180.00,0.00,79DAAFB4
2026-07-17T21:38:36Z,0.00,300.80,27.89,S,0.00,0.00,1008.80,87.86,1008.80,1.65,25.69,0.00,0.00,180.00,0.00,79DAAFB4
2026-07-17T21:21:28Z,0.00,300.80,27.95,S,0.00,0.00,1008.70,86.61,1008.70,1.83,25.50,0.00,0.00,180.00,0.00,79DAAFB4
2026-07-17T21:04:20Z,0.00,300.80,28.01,S,0.00,0.00,1008.70,86.54,1008.70,1.85,25.55,0.00,0.00,180.00,0.00,79DAAFB4
2026-07-17T20:47:01Z,0.00,300.80,28.05,S,0.00,0.00,1008.70,85.99,1008.70,1.93,25.48,0.00,0.00,180.00,0.00,79DAAFB4
2026-07-17T20:29:42Z,0.00,300.80,28.10,S,0.00,0.00,1008.70,86.30,1008.70,1.88,25.59,0.00,0.00,180.00,0.00,79DAAFB4
2026-07-17T20:12:34Z,0.00,300.80,28.14,S,0.00,0.00,1008.60,86.36,1008.60,1.87,25.64,0.00,0.00,180.00,0.00,79DAAFB4
2026-07-17T19:55:14Z,0.00,300.80,28.13,S,0.00,0.00,1008.60,86.26,1008.60,1.89,25.61,0.00,0.00,180.00,0.00,79DAAFB4
2026-07-17T19:38:05Z,0.00,300.80,28.20,S,0.00,0.00,1008.70,85.72,1008.70,1.97,25.58,0.00,0.00,180.00,0.00,79DAAFB4
2026-07-17T19:20:57Z,0.00,300.80,28.26,S,0.00,0.00,1009.00,85.96,1009.00,1.94,25.68,0.00,0.00,180.00,0.00,79DAAFB4
2026-07-17T19:03:49Z,0.00,300.80,28.39,S,0.00,0.00,1009.00,86.02,1009.00,1.93,25.82,0.00,0.00,180.00,0.00,79DAAFB4
2026-07-17T18:46:41Z,0.00,300.80,28.36,S,0.00,0.00,1009.20,85.70,1009.20,1.98,25.73,0.00,0.00,180.00,0.00,79DAAFB4
2026-07-17T18:29:33Z,0.00,300.80,28.62,S,0.00,0.00,1009.20,84.72,1009.20,2.12,25.79,0.00,0.00,180.00,0.00,79DAAFB4
2026-07-17T18:12:25Z,0.00,300.80,28.72,S,0.00,0.00,1009.40,84.04,1009.40,2.23,25.75,0.00,0.00,180.00,0.00,79DAAFB4
2026-07-17T17:55:17Z,0.00,300.80,28.88,S,0.00,0.00,1009.50,83.73,1009.50,2.28,25.85,0.00,0.00,180.00,0.00,79DAAFB4
2026-07-17T17:37:58Z,0.00,300.80,29.14,S,0.00,0.00,1009.90,80.94,1009.90,2.70,25.53,0.00,0.00,180.00,0.00,79DAAFB4
2026-07-17T17:20:49Z,0.00,300.80,29.21,S,0.00,0.00,1010.00,79.38,1010.00,2.93,25.27,0.00,0.00,180.00,0.00,79DAAFB4
2026-07-17T17:03:41Z,0.00,300.80,29.22,NNE,0.00,0.00,1010.00,78.88,1010.00,3.01,25.17,0.00,0.00,33.00,0.00,79DAAFB4
2026-07-17T16:46:33Z,0.00,300.80,29.39,S,0.00,0.00,1010.10,78.32,1010.10,3.10,25.22,0.00,0.00,180.00,0.00,79DAAFB4
2026-07-17T16:29:14Z,0.00,300.80,29.42,S,0.00,0.00,1010.30,78.70,1010.30,3.04,25.33,0.00,0.00,180.00,0.00,79DAAFB4
2026-07-17T16:12:05Z,0.00,300.80,29.46,S,0.00,0.00,1010.10,78.57,1010.10,3.06,25.34,0.00,0.00,180.00,0.00,79DAAFB4
2026-07-17T15:54:56Z,0.00,300.80,29.49,S,0.00,0.00,1009.90,78.93,1009.90,3.01,25.44,0.00,0.00,180.00,0.00,79DAAFB4
2026-07-17T15:37:48Z,0.00,300.80,29.52,S,0.00,0.00,1009.80,78.41,1009.80,3.09,25.36,0.00,0.00,180.00,0.00,79DAAFB4
2026-07-17T15:20:40Z,0.00,300.80,29.63,S,0.00,0.00,1010.00,77.15,1010.00,3.28,25.19,0.00,0.00,180.00,0.00,79DAAFB4
2026-07-17T15:03:32Z,0.00,300.80,29.83,S,0.00,0.00,1010.00,76.21,1010.00,3.44,25.18,0.00,0.00,180.00,0.00,79DAAFB4
2026-07-17T14:46:15Z,0.00,300.80,30.01,S,0.00,0.00,1009.60,75.03,1009.60,3.63,25.09,0.00,0.00,180.00,0.00,79DAAFB4
2026-07-17T14:29:05Z,0.00,300.80,30.10,S,0.00,0.00,1009.50,74.48,1009.50,3.72,25.06,0.00,0.00,180.00,0.00,79DAAFB4
2026-07-17T14:11:57Z,0.00,300.80,30.00,S,0.00,0.00,1009.30,78.18,1009.30,3.15,25.78,0.00,0.00,180.00,0.00,79DAAFB4
2026-07-17T13:54:37Z,0.00,300.80,29.86,S,0.00,0.00,1009.10,78.90,1009.10,3.03,25.80,0.00,0.00,180.00,0.00,79DAAFB4
2026-07-17T13:37:28Z,0.00,300.80,29.88,S,0.00,0.00,1009.00,78.81,1009.00,3.05,25.80,0.00,0.00,180.00,0.00,79DAAFB4
2026-07-17T13:20:18Z,0.00,300.80,30.04,S,0.00,0.00,1008.90,78.01,1008.90,3.17,25.78,0.00,0.00,180.00,0.00,79DAAFB4
2026-07-17T13:03:08Z,0.00,300.80,30.23,S,0.68,2.09,1008.80,76.68,1008.80,3.39,25.67,0.00,0.00,186.00,0.00,79DAAFB4
2026-07-17T12:45:49Z,0.00,300.80,30.73,S,0.00,0.00,1008.60,74.67,1008.60,3.72,25.71,0.00,0.00,180.00,0.00,79DAAFB4
2026-07-17T12:28:40Z,0.00,300.80,31.36,S,0.00,0.00,1008.50,68.68,1008.50,4.71,24.90,0.00,0.00,180.00,0.00,79DAAFB4
2026-07-17T12:11:31Z,0.00,300.80,31.46,S,0.00,0.00,1008.10,67.26,1008.10,4.95,24.65,0.00,0.00,180.00,0.00,79DAAFB4
2026-07-17T11:54:23Z,0.00,300.80,31.60,S,0.00,0.00,1007.80,66.11,1007.80,5.15,24.49,0.00,0.00,180.00,0.00,79DAAFB4
2026-07-17T11:37:15Z,0.00,300.80,31.85,S,0.00,0.00,1007.80,63.97,1007.80,5.52,24.18,0.00,0.00,180.00,0.00,79DAAFB4
2026-07-17T11:20:07Z,0.00,300.80,32.07,S,0.00,0.00,1007.60,65.15,1007.60,5.34,24.69,0.00,0.00,180.00,0.00,79DAAFB4
2026-07-17T11:02:48Z,0.00,300.80,32.39,S,0.00,0.00,1007.60,64.30,1007.60,5.51,24.77,0.00,0.00,180.00,0.00,79DAAFB4
2026-07-17T10:45:40Z,0.00,300.80,32.87,S,0.00,0.00,1007.50,62.50,1007.50,5.86,24.75,0.00,0.00,180.00,0.00,79DAAFB4
2026-07-17T10:28:29Z,0.00,300.80,33.00,S,0.00,0.00,1007.20,60.96,1007.20,6.14,24.45,0.00,0.00,180.00,0.00,79DAAFB4
2026-07-17T10:11:10Z,0.00,300.80,33.47,S,0.00,0.00,1007.20,58.43,1007.20,6.64,24.19,0.00,0.00,180.00,0.00,79DAAFB4
2026-07-17T09:54:02Z,0.00,300.80,34.93,S,0.00,0.00,1006.70,53.66,1006.70,7.68,24.12,0.00,0.00,180.00,0.00,79DAAFB4
2026-07-17T09:36:42Z,0.00,300.80,37.03,S,0.00,0.00,1006.50,49.87,1006.50,8.72,24.82,0.00,0.00,180.00,0.00,79DAAFB4
2026-07-17T09:19:23Z,0.00,300.80,36.36,S,0.00,0.00,1006.60,50.85,1006.60,8.42,24.54,0.00,0.00,180.00,0.00,79DAAFB4
2026-07-17T09:02:15Z,0.00,300.80,37.95,S,0.00,0.00,1006.70,48.73,1006.70,9.09,25.27,0.00,0.00,180.00,0.00,79DAAFB4
2026-07-17T08:44:56Z,0.00,300.80,35.30,S,0.00,0.00,1006.90,56.59,1006.90,7.17,25.35,0.00,0.00,180.00,0.00,79DAAFB4
2026-07-17T08:27:47Z,0.00,300.80,35.43,S,0.00,0.00,1007.00,54.12,1007.00,7.66,24.72,0.00,0.00,180.00,0.00,79DAAFB4
2026-07-17T08:10:38Z,0.00,300.80,34.68,N,5.26,6.41,1007.10,56.21,1007.10,7.17,24.66,0.00,0.00,4.00,4.28,79DAAFB4
2026-07-17T07:53:30Z,0.00,300.80,38.59,S,0.00,0.00,1007.20,48.01,1007.20,9.34,25.60,0.00,0.00,180.00,0.00,79DAAFB4
2026-07-17T07:36:22Z,0.00,300.80,35.96,NNE,0.00,0.00,1007.30,52.60,1007.30,8.02,24.73,0.00,0.00,22.00,0.00,79DAAFB4
2026-07-17T07:19:14Z,0.00,300.80,34.95,S,0.00,0.00,1007.60,56.77,1007.60,7.10,25.08,0.00,0.00,180.00,0.00,79DAAFB4
2026-07-17T07:01:55Z,0.00,300.80,35.38,S,0.00,0.00,1007.70,55.56,1007.70,7.38,25.12,0.00,0.00,180.00,0.00,79DAAFB4
2026-07-17T06:44:45Z,0.00,300.80,35.31,S,0.00,0.00,1008.20,55.69,1008.20,7.35,25.09,0.00,0.00,180.00,0.00,79DAAFB4
2026-07-17T06:27:26Z,0.00,300.80,35.57,S,0.00,0.00,1008.10,56.12,1008.10,7.29,25.46,0.00,0.00,180.00,0.00,79DAAFB4
2026-07-17T06:10:18Z,0.00,300.80,35.30,S,0.00,0.00,1008.30,56.59,1008.30,7.17,25.35,0.00,0.00,180.00,0.00,79DAAFB4
2026-07-17T05:52:58Z,0.00,300.80,33.99,S,0.00,0.00,1008.60,58.71,1008.60,6.64,24.75,0.00,0.00,180.00,0.00,79DAAFB4
2026-07-17T05:35:39Z,0.00,300.80,33.91,S,0.00,0.00,1008.70,58.59,1008.70,6.65,24.64,0.00,0.00,180.00,0.00,79DAAFB4
2026-07-17T05:18:31Z,0.00,300.80,34.55,S,0.00,0.00,1009.00,58.20,1009.00,6.79,25.13,0.00,0.00,180.00,0.00,79DAAFB4
2026-07-17T05:01:21Z,0.00,300.80,34.30,S,0.00,0.00,1009.10,57.17,1009.10,6.95,24.60,0.00,0.00,180.00,0.00,79DAAFB4
2026-07-17T04:44:12Z,0.00,300.80,33.83,S,0.00,0.00,1009.50,56.09,1009.50,7.10,23.84,0.00,0.00,180.00,0.00,79DAAFB4
2026-07-17T04:27:04Z,0.00,300.80,33.13,N,1.51,4.61,1009.50,58.78,1009.50,6.54,23.97,0.00,0.00,353.00,0.00,79DAAFB4
2026-07-17T04:09:56Z,0.00,300.80,32.34,S,0.00,0.00,1009.70,66.11,1009.70,5.21,25.19,0.00,0.00,180.00,0.00,79DAAFB4
2026-07-17T03:52:37Z,0.00,300.80,32.08,S,0.00,0.00,1009.70,64.25,1009.70,5.50,24.47,0.00,0.00,180.00,0.00,79DAAFB4
2026-07-17T03:35:28Z,0.00,300.80,31.78,S,0.00,0.00,1009.90,63.42,1009.90,5.61,23.97,0.00,0.00,180.00,0.00,79DAAFB4
2026-07-17T03:18:19Z,0.00,300.80,31.79,S,0.00,0.00,1009.90,63.05,1009.90,5.67,23.88,0.00,0.00,180.00,0.00,79DAAFB4
2026-07-17T03:01:11Z,0.00,300.80,31.50,S,0.00,0.00,1010.00,64.64,1010.00,5.38,24.02,0.00,0.00,180.00,0.00,79DAAFB4
2026-07-17T02:44:03Z,0.00,300.80,31.27,S,0.00,0.00,1010.10,66.24,1010.10,5.10,24.21,0.00,0.00,180.00,0.00,79DAAFB4
2026-07-17T02:26:51Z,0.00,300.80,30.99,S,0.00,0.00,1010.00,70.00,1010.00,4.47,24.87,0.00,0.00,180.00,0.00,79DAAFB4
2026-07-17T02:09:32Z,0.00,300.80,30.60,SSW,2.16,2.45,1010.00,71.02,1010.00,4.28,24.74,0.00,0.00,192.00,1.69,79DAAFB4
2026-07-17T01:52:24Z,0.00,300.80,30.08,S,0.00,0.00,1010.10,75.99,1010.10,3.48,25.37,0.00,0.00,180.00,0.00,79DAAFB4
2026-07-17T01:35:16Z,0.00,300.80,29.71,S,0.00,0.00,1010.30,77.26,1010.30,3.27,25.30,0.00,0.00,180.00,0.00,79DAAFB4
2026-07-17T01:17:57Z,0.00,300.80,29.23,S,0.00,0.00,1010.20,79.84,1010.20,2.86,25.38,0.00,0.00,180.00,0.00,79DAAFB4
2026-07-17T01:00:38Z,0.00,300.80,28.93,S,0.00,0.00,1010.20,81.79,1010.20,2.56,25.50,0.00,0.00,180.00,0.00,79DAAFB4
2026-07-17T00:43:30Z,0.00,300.80,28.45,S,0.00,0.00,1010.30,84.47,1010.30,2.16,25.57,0.00,0.00,180.00,0.00,79DAAFB4
2026-07-17T00:26:10Z,0.00,300.80,28.13,S,0.00,0.00,1010.20,85.06,1010.20,2.06,25.38,0.00,0.00,180.00,0.00,79DAAFB4
2026-07-17T00:09:01Z,0.00,300.80,27.87,S,0.00,0.00,1010.20,85.18,1010.20,2.04,25.15,0.00,0.00,180.00,0.00,79DAAFB4
2026-07-16T23:51:53Z,0.00,300.80,27.58,S,0.00,0.00,1010.20,85.77,1010.20,1.95,24.98,0.00,0.00,180.00,0.00,79DAAFB4
2026-07-16T23:34:45Z,0.00,300.80,27.48,S,0.00,0.00,1010.20,87.11,1010.20,1.75,25.14,0.00,0.00,180.00,0.00,79DAAFB4
2026-07-16T23:16:25Z,0.00,300.80,27.37,S,0.00,0.00,1010.10,88.29,1010.10,1.58,25.26,0.00,0.00,180.00,0.00,79DAAFB4
2026-07-16T22:59:17Z,0.00,300.80,27.22,S,0.00,0.00,1010.00,88.16,1010.00,1.60,25.09,0.00,0.00,180.00,0.00,79DAAFB4
2026-07-16T22:42:05Z,0.00,300.80,27.07,S,0.00,0.00,1009.90,88.44,1009.90,1.56,24.99,0.00,0.00,180.00,0.00,79DAAFB4
2026-07-16T22:24:57Z,0.00,300.80,27.18,S,0.00,0.00,1009.70,87.13,1009.70,1.74,24.85,0.00,0.00,180.00,0.00,79DAAFB4
2026-07-16T22:07:49Z,0.00,300.80,27.20,S,0.00,0.00,1009.60,87.21,1009.60,1.73,24.88,0.00,0.00,180.00,0.00,79DAAFB4
2026-07-16T21:50:41Z,0.00,300.80,27.23,S,0.00,0.00,1009.60,86.50,1009.60,1.83,24.78,0.00,0.00,180.00,0.00,79DAAFB4
2026-07-16T21:33:33Z,0.00,300.80,27.31,S,0.00,0.00,1009.80,86.79,1009.80,1.79,24.91,0.00,0.00,180.00,0.00,79DAAFB4
2026-07-16T21:16:25Z,0.00,300.80,27.36,S,0.00,0.00,1009.60,86.52,1009.60,1.83,24.91,0.00,0.00,180.00,0.00,79DAAFB4
2026-07-16T20:59:17Z,0.00,300.80,27.32,S,0.00,0.00,1009.50,86.91,1009.50,1.78,24.94,0.00,0.00,180.00,0.00,79DAAFB4
2026-07-16T20:41:58Z,0.00,300.80,27.29,S,0.00,0.00,1009.50,86.88,1009.50,1.78,24.91,0.00,0.00,180.00,0.00,79DAAFB4
2026-07-16T20:24:49Z,0.00,300.80,27.18,S,0.00,0.00,1009.60,86.94,1009.60,1.77,24.81,0.00,0.00,180.00,0.00,79DAAFB4
2026-07-16T20:07:41Z,0.00,300.80,27.27,S,0.00,0.00,1009.70,85.91,1009.70,1.92,24.70,0.00,0.00,180.00,0.00,79DAAFB4
2026-07-16T19:50:33Z,0.00,300.80,27.26,S,0.00,0.00,1009.70,85.62,1009.70,1.96,24.63,0.00,0.00,180.00,0.00,79DAAFB4
2026-07-16T19:33:14Z,0.00,300.80,27.38,S,0.00,0.00,1009.90,85.21,1009.90,2.02,24.67,0.00,0.00,180.00,0.00,79DAAFB4
2026-07-16T19:16:05Z,0.00,300.80,27.52,S,0.00,0.00,1010.10,83.81,1010.10,2.22,24.53,0.00,0.00,180.00,0.00,79DAAFB4
2026-07-16T18:58:56Z,0.00,300.80,27.54,S,0.00,0.00,1010.10,83.81,1010.10,2.22,24.55,0.00,0.00,180.00,0.00,79DAAFB4
2026-07-16T18:41:37Z,0.00,300.80,27.48,S,0.00,0.00,1010.30,83.53,1010.30,2.26,24.44,0.00,0.00,180.00,0.00,79DAAFB4
2026-07-16T18:24:29Z,0.00,300.80,27.35,S,0.00,0.00,1010.50,83.90,1010.50,2.21,24.38,0.00,0.00,180.00,0.00,79DAAFB4
2026-07-16T18:07:21Z,0.00,300.80,27.29,S,0.00,0.00,1010.80,83.72,1010.80,2.23,24.29,0.00,0.00,180.00,0.00,79DAAFB4
2026-07-16T17:50:02Z,0.00,300.80,27.52,S,0.00,0.00,1011.00,83.16,1011.00,2.32,24.40,0.00,0.00,180.00,0.00,79DAAFB4
2026-07-16T17:32:43Z,0.00,300.80,27.63,S,0.00,0.00,1011.00,81.84,1011.00,2.51,24.24,0.00,0.00,180.00,0.00,79DAAFB4
2026-07-16T17:15:35Z,0.00,300.80,27.76,S,0.00,0.00,1011.20,81.95,1011.20,2.50,24.39,0.00,0.00,180.00,0.00,79DAAFB4
2026-07-16T16:58:15Z,0.00,300.80,27.77,S,0.00,0.00,1011.30,80.66,1011.30,2.69,24.14,0.00,0.00,180.00,0.00,79DAAFB4
2026-07-16T16:41:06Z,0.00,300.80,27.94,S,0.00,0.00,1011.40,79.55,1011.40,2.85,24.07,0.00,0.00,180.00,0.00,79DAAFB4
2026-07-16T16:23:56Z,0.00,300.80,27.82,S,0.00,0.00,1011.60,79.86,1011.60,2.80,24.02,0.00,0.00,180.00,0.00,79DAAFB4
2026-07-16T16:06:47Z,0.00,300.80,27.79,S,0.00,0.00,1011.90,79.40,1011.90,2.87,23.89,0.00,0.00,180.00,0.00,79DAAFB4
2026-07-16T15:49:39Z,0.00,300.80,27.64,S,0.00,0.00,1012.00,79.42,1012.00,2.86,23.75,0.00,0.00,180.00,0.00,79DAAFB4
2026-07-16T15:32:31Z,0.00,300.80,27.49,S,0.00,0.00,1011.80,79.96,1011.80,2.78,23.72,0.00,0.00,180.00,0.00,79DAAFB4
2026-07-16T15:15:23Z,0.00,300.80,27.33,S,0.00,0.00,1011.80,80.70,1011.80,2.66,23.72,0.00,0.00,180.00,0.00,79DAAFB4
2026-07-16T14:58:15Z,0.00,300.80,27.36,S,0.00,0.00,1011.70,79.34,1011.70,2.86,23.46,0.00,0.00,180.00,0.00,79DAAFB4
2026-07-16T14:41:07Z,0.00,300.80,27.18,S,0.00,0.00,1011.70,81.01,1011.70,2.61,23.63,0.00,0.00,180.00,0.00,79DAAFB4
2026-07-16T14:23:45Z,0.00,300.80,27.02,S,0.00,0.00,1011.70,81.81,1011.70,2.49,23.64,0.00,0.00,180.00,0.00,79DAAFB4
2026-07-16T14:06:37Z,0.00,300.80,26.66,S,0.00,0.00,1011.60,82.97,1011.60,2.32,23.52,0.00,0.00,180.00,0.00,79DAAFB4
2026-07-16T13:49:29Z,0.00,300.80,26.41,N,0.00,0.00,1011.40,84.40,1011.40,2.11,23.56,0.00,0.00,352.00,0.00,79DAAFB4
2026-07-16T13:32:10Z,0.00,300.80,26.33,S,0.00,0.00,1011.10,85.20,1011.10,1.99,23.64,0.00,0.00,180.00,0.00,79DAAFB4
2026-07-16T13:14:51Z,0.80,300.80,26.43,S,0.00,0.00,1011.40,85.03,1011.40,2.02,23.71,0.00,0.00,180.00,0.00,79DAAFB4
2026-07-16T12:57:43Z,0.00,300.00,28.51,S,0.00,0.00,1011.30,75.25,1011.30,3.51,23.70,0.00,0.00,180.00,0.00,79DAAFB4
2026-07-16T12:40:23Z,0.00,300.00,30.98,NW,0.00,0.00,1010.30,69.25,1010.30,4.59,24.68,0.00,0.00,316.00,0.00,79DAAFB4
2026-07-16T12:23:14Z,0.00,300.00,31.08,S,0.00,0.00,1009.80,69.24,1009.80,4.60,24.77,0.00,0.00,180.00,0.00,79DAAFB4
2026-07-16T12:06:06Z,0.00,300.00,31.06,S,0.00,0.00,1009.30,69.79,1009.30,4.51,24.88,0.00,0.00,180.00,0.00,79DAAFB4
2026-07-16T11:48:47Z,0.00,300.00,31.10,S,0.00,0.00,1009.20,71.54,1009.20,4.23,25.34,0.00,0.00,180.00,0.00,79DAAFB4
2026-07-16T11:31:39Z,0.00,300.00,31.24,S,0.00,0.00,1008.90,70.56,1008.90,4.40,25.24,0.00,0.00,180.00,0.00,79DAAFB4
2026-07-16T11:14:31Z,0.00,300.00,31.41,S,0.00,0.00,1008.70,69.62,1008.70,4.56,25.18,0.00,0.00,180.00,0.00,79DAAFB4
2026-07-16T10:57:21Z,0.00,300.00,31.75,S,0.00,0.00,1008.20,67.66,1008.20,4.90,25.02,0.00,0.00,180.00,0.00,79DAAFB4
2026-07-16T10:40:13Z,0.00,300.00,32.19,S,0.00,0.00,1007.90,65.92,1007.90,5.23,25.00,0.00,0.00,180.00,0.00,79DAAFB4
2026-07-16T10:23:05Z,0.00,300.00,32.50,S,0.00,0.00,1007.90,62.73,1007.90,5.79,24.46,0.00,0.00,180.00,0.00,79DAAFB4
2026-07-16T10:05:46Z,0.00,300.00,32.89,S,0.00,0.00,1007.90,60.81,1007.90,6.16,24.31,0.00,0.00,180.00,0.00,79DAAFB4
2026-07-16T09:48:27Z,0.00,300.00,33.30,S,0.00,0.00,1008.00,59.39,1008.00,6.45,24.30,0.00,0.00,180.00,0.00,79DAAFB4
2026-07-16T09:31:19Z,0.00,300.00,33.81,S,0.00,0.00,1007.90,59.81,1007.90,6.42,24.89,0.00,0.00,180.00,0.00,79DAAFB4
2026-07-16T09:13:59Z,0.00,300.00,35.64,S,0.00,0.00,1007.90,55.30,1007.90,7.46,25.28,0.00,0.00,180.00,0.00,79DAAFB4
2026-07-16T08:56:39Z,0.00,300.00,35.56,S,0.00,0.00,1008.00,54.68,1008.00,7.57,25.02,0.00,0.00,180.00,0.00,79DAAFB4
2026-07-16T08:39:30Z,0.00,300.00,36.54,S,0.00,0.00,1007.90,51.09,1007.90,8.40,24.78,0.00,0.00,180.00,0.00,79DAAFB4
2026-07-16T08:22:22Z,0.00,300.00,35.36,S,0.00,0.00,1008.10,53.76,1008.10,7.72,24.55,0.00,0.00,180.00,0.00,79DAAFB4
2026-07-16T08:05:03Z,0.00,300.00,35.16,S,0.00,0.00,1008.20,53.82,1008.20,7.68,24.38,0.00,0.00,180.00,0.00,79DAAFB4
2026-07-16T07:47:55Z,0.00,300.00,36.17,S,0.00,0.00,1008.30,51.58,1008.30,8.25,24.60,0.00,0.00,180.00,0.00,79DAAFB4
2026-07-16T07:30:47Z,0.00,300.00,38.36,S,0.00,0.00,1008.30,46.96,1008.30,9.53,25.02,0.00,0.00,180.00,0.00,79DAAFB4
2026-07-16T07:13:36Z,0.00,300.00,36.92,S,0.00,0.00,1008.70,52.84,1008.70,8.10,25.69,0.00,0.00,180.00,0.00,79DAAFB4
2026-07-16T06:56:28Z,0.00,300.00,36.58,S,0.00,0.00,1008.90,51.81,1008.90,8.26,25.05,0.00,0.00,180.00,0.00,79DAAFB4
2026-07-16T06:39:20Z,0.00,300.00,36.81,S,0.00,0.00,1009.20,48.95,1009.20,8.87,24.31,0.00,0.00,180.00,0.00,79DAAFB4
2026-07-16T06:22:12Z,0.00,300.00,36.56,S,0.00,0.00,1009.20,52.48,1009.20,8.12,25.25,0.00,0.00,180.00,0.00,79DAAFB4
2026-07-16T06:04:53Z,0.00,300.00,36.10,SW,0.00,0.00,1009.60,52.34,1009.60,8.09,24.78,0.00,0.00,235.00,0.00,79DAAFB4
2026-07-16T05:47:34Z,0.00,300.00,35.66,SSW,0.58,1.73,1009.60,54.20,1009.60,7.67,24.96,0.00,0.00,208.00,0.00,79DAAFB4
2026-07-16T05:30:26Z,0.00,300.00,35.11,S,0.00,0.00,1009.70,56.16,1009.70,7.23,25.05,0.00,0.00,180.00,0.00,79DAAFB4
2026-07-16T05:13:07Z,0.00,300.00,33.38,S,0.00,0.00,1010.10,61.69,1010.10,6.05,25.01,0.00,0.00,180.00,0.00,79DAAFB4
2026-07-16T04:55:56Z,0.00,300.00,33.28,S,0.00,0.00,1010.30,62.75,1010.30,5.86,25.20,0.00,0.00,180.00,0.00,79DAAFB4
2026-07-16T04:38:48Z,0.00,300.00,32.36,S,0.00,0.00,1010.40,67.88,1010.40,4.91,25.66,0.00,0.00,180.00,0.00,79DAAFB4
2026-07-16T04:21:40Z,0.00,300.00,31.59,N,0.72,2.23,1010.50,72.47,1010.50,4.12,26.03,0.00,0.00,352.00,0.00,79DAAFB4
2026-07-16T04:04:21Z,0.00,300.00,31.32,S,0.00,0.00,1010.70,72.96,1010.70,4.02,25.88,0.00,0.00,180.00,0.00,79DAAFB4
2026-07-16T03:47:12Z,0.00,300.00,30.89,S,0.00,0.00,1010.80,74.84,1010.80,3.70,25.90,0.00,0.00,180.00,0.00,79DAAFB4
2026-07-16T03:30:03Z,0.00,300.00,30.59,S,0.00,0.00,1011.00,76.66,1011.00,3.41,26.02,0.00,0.00,180.00,0.00,79DAAFB4
2026-07-16T03:12:44Z,0.00,300.00,30.14,S,0.00,0.00,1011.30,78.11,1011.30,3.16,25.90,0.00,0.00,180.00,0.00,79DAAFB4
2026-07-16T02:55:36Z,0.00,300.00,30.10,S,0.00,0.00,1011.30,80.23,1011.30,2.84,26.31,0.00,0.00,180.00,0.00,79DAAFB4
2026-07-16T02:38:28Z,0.00,300.00,29.59,S,0.00,0.00,1011.40,81.30,1011.40,2.66,26.04,0.00,0.00,180.00,0.00,79DAAFB4
2026-07-16T02:21:09Z,0.00,300.00,29.07,S,0.00,0.00,1011.50,82.66,1011.50,2.44,25.81,0.00,0.00,180.00,0.00,79DAAFB4
2026-07-16T02:03:50Z,0.00,300.00,28.68,S,0.00,0.00,1011.50,83.54,1011.50,2.30,25.61,0.00,0.00,180.00,0.00,79DAAFB4
2026-07-16T01:46:41Z,0.00,300.00,28.05,S,0.00,0.00,1011.40,84.06,1011.40,2.20,25.10,0.00,0.00,180.00,0.00,79DAAFB4
2026-07-16T01:29:33Z,0.00,300.00,27.36,S,0.00,0.00,1011.40,85.28,1011.40,2.01,24.67,0.00,0.00,180.00,0.00,79DAAFB4
2026-07-16T01:12:25Z,0.00,300.00,27.17,S,0.00,0.00,1011.40,84.93,1011.40,2.05,24.41,0.00,0.00,180.00,0.00,79DAAFB4
2026-07-16T00:55:06Z,0.00,300.00,26.89,S,0.00,0.00,1011.50,85.99,1011.50,1.90,24.34,0.00,0.00,180.00,0.00,79DAAFB4
2026-07-16T00:37:57Z,0.00,300.00,26.69,S,0.00,0.00,1011.40,86.01,1011.40,1.89,24.15,0.00,0.00,180.00,0.00,79DAAFB4
2026-07-16T00:20:48Z,0.00,300.00,26.37,S,0.00,0.00,1011.20,87.36,1011.20,1.69,24.10,0.00,0.00,180.00,0.00,79DAAFB4
2026-07-16T00:03:29Z,0.00,300.00,26.21,S,0.00,0.00,1011.20,88.10,1011.20,1.59,24.08,0.00,0.00,180.00,0.00,79DAAFB4
2026-07-15T23:46:21Z,0.00,300.00,26.02,S,0.00,0.00,1011.00,88.55,1011.00,1.52,23.98,0.00,0.00,180.00,0.00,79DAAFB4
2026-07-15T23:29:13Z,0.00,300.00,25.91,S,0.00,0.00,1010.80,88.30,1010.80,1.55,23.82,0.00,0.00,180.00,0.00,79DAAFB4
2026-07-15T23:11:54Z,0.00,300.00,25.84,S,0.00,0.00,1010.70,89.01,1010.70,1.45,23.89,0.00,0.00,180.00,0.00,79DAAFB4
2026-07-15T22:54:35Z,0.00,300.00,25.69,S,0.00,0.00,1010.50,89.12,1010.50,1.44,23.76,0.00,0.00,180.00,0.00,79DAAFB4
2026-07-15T22:37:26Z,0.00,300.00,25.72,S,0.00,0.00,1010.40,88.59,1010.40,1.51,23.69,0.00,0.00,180.00,0.00,79DAAFB4
2026-07-15T22:20:18Z,0.00,300.00,25.71,S,0.00,0.00,1010.40,87.10,1010.40,1.71,23.40,0.00,0.00,180.00,0.00,79DAAFB4
2026-07-15T22:03:10Z,0.00,300.00,25.67,S,0.00,0.00,1010.40,87.52,1010.40,1.66,23.44,0.00,0.00,180.00,0.00,79DAAFB4
2026-07-15T21:45:59Z,0.00,300.00,25.80,S,0.00,0.00,1010.30,86.82,1010.30,1.76,23.43,0.00,0.00,180.00,0.00,79DAAFB4
2026-07-15T21:28:51Z,0.00,300.00,25.88,S,0.00,0.00,1010.30,86.98,1010.30,1.74,23.54,0.00,0.00,180.00,0.00,79DAAFB4
2026-07-15T21:11:43Z,0.00,300.00,25.91,S,0.00,0.00,1010.20,86.14,1010.20,1.85,23.41,0.00,0.00,180.00,0.00,79DAAFB4
2026-07-15T20:54:24Z,0.00,300.00,25.86,S,0.00,0.00,1010.20,86.64,1010.20,1.78,23.46,0.00,0.00,180.00,0.00,79DAAFB4
2026-07-15T20:37:15Z,0.00,300.00,25.97,S,0.00,0.00,1010.40,85.62,1010.40,1.93,23.37,0.00,0.00,180.00,0.00,79DAAFB4
2026-07-15T20:18:37Z,0.00,300.00,25.88,S,0.00,0.00,1012.03,86.66,1010.70,1.78,23.48,0.00,0.00,180.00,0.00,79DAAFB4
2026-07-15T20:01:29Z,0.00,300.00,25.74,S,0.00,0.00,1012.13,87.12,1010.80,1.71,23.43,0.00,0.00,180.00,0.00,79DAAFB4
2026-07-15T19:44:21Z,0.00,300.00,25.67,S,0.00,0.00,1012.13,88.71,1010.80,1.49,23.66,0.00,0.00,180.00,0.00,79DAAFB4
2026-07-15T19:27:02Z,0.00,300.00,25.66,S,0.00,0.00,1012.23,89.23,1010.90,1.42,23.75,0.00,0.00,180.00,0.00,79DAAFB4
2026-07-15T19:09:43Z,0.00,300.00,25.73,S,0.00,0.00,1012.33,89.41,1011.00,1.40,23.85,0.00,0.00,180.00,0.00,79DAAFB4
2026-07-15T18:52:34Z,0.00,300.00,25.68,S,0.00,0.00,1012.53,89.74,1011.20,1.35,23.87,0.00,0.00,180.00,0.00,79DAAFB4
2026-07-15T18:35:26Z,0.00,300.00,25.70,S,0.00,0.00,1012.63,88.69,1011.30,1.50,23.69,0.00,0.00,180.00,0.00,79DAAFB4
2026-07-15T18:18:18Z,0.00,300.00,25.67,S,0.00,0.00,1012.63,88.82,1011.30,1.48,23.68,0.00,0.00,180.00,0.00,79DAAFB4
2026-07-15T18:00:59Z,0.00,300.00,25.65,S,0.00,0.00,1012.73,89.78,1011.40,1.35,23.84,0.00,0.00,180.00,0.00,79DAAFB4
2026-07-15T17:43:50Z,0.00,300.00,25.57,S,0.00,0.00,1012.83,90.23,1011.50,1.28,23.85,0.00,0.00,180.00,0.00,79DAAFB4
2026-07-15T17:26:31Z,0.00,300.00,25.40,S,0.00,0.00,1012.83,90.94,1011.50,1.18,23.81,0.00,0.00,180.00,0.00,79DAAFB4
2026-07-15T17:09:23Z,0.00,300.00,25.39,S,0.00,0.00,1013.03,91.24,1011.70,1.14,23.86,0.00,0.00,180.00,0.00,79DAAFB4
2026-07-15T16:52:12Z,0.00,300.00,25.33,S,0.00,0.00,1013.33,90.64,1012.00,1.22,23.69,0.00,0.00,180.00,0.00,79DAAFB4
2026-07-15T16:34:53Z,0.00,300.00,25.21,S,0.00,0.00,1013.63,90.39,1012.30,1.26,23.52,0.00,0.00,180.00,0.00,79DAAFB4
2026-07-15T16:17:45Z,0.00,300.00,25.23,S,0.00,0.00,1013.93,91.13,1012.60,1.15,23.68,0.00,0.00,180.00,0.00,79DAAFB4
2026-07-15T16:00:32Z,0.00,300.00,25.20,S,0.00,0.00,1014.03,90.60,1012.70,1.23,23.55,0.00,0.00,180.00,0.00,79DAAFB4
2026-07-15T15:43:23Z,0.00,300.00,25.28,S,0.00,0.00,1014.13,90.82,1012.80,1.20,23.67,0.00,0.00,180.00,0.00,79DAAFB4
2026-07-15T15:26:15Z,0.00,300.00,25.44,S,0.00,0.00,1014.03,91.07,1012.70,1.17,23.87,0.00,0.00,180.00,0.00,79DAAFB4
2026-07-15T15:08:56Z,0.00,300.00,25.61,S,0.00,0.00,1013.93,92.39,1012.60,0.99,24.28,0.00,0.00,180.00,0.00,79DAAFB4
2026-07-15T14:51:48Z,0.00,300.00,25.73,WSW,1.04,3.17,1013.73,92.08,1012.40,1.03,24.34,0.00,0.00,252.00,0.00,79DAAFB4
2026-07-15T14:34:40Z,0.00,300.00,25.80,W,2.30,4.43,1013.63,92.08,1012.30,1.03,24.41,0.00,0.00,262.00,0.00,79DAAFB4
2026-07-15T14:17:21Z,0.00,300.00,25.93,S,0.00,0.00,1013.43,91.25,1012.10,1.15,24.39,0.00,0.00,180.00,0.00,79DAAFB4
2026-07-15T14:00:13Z,0.00,300.00,26.05,S,0.00,0.00,1013.23,91.12,1011.90,1.17,24.49,0.00,0.00,180.00,0.00,79DAAFB4
2026-07-15T13:42:53Z,0.00,300.00,26.41,S,0.00,0.00,1012.93,92.30,1011.60,1.01,25.06,0.00,0.00,180.00,0.00,79DAAFB4
2026-07-15T13:25:45Z,0.00,300.00,26.58,S,0.00,0.00,1012.63,92.93,1011.30,0.92,25.34,0.00,0.00,180.00,0.00,79DAAFB4
2026-07-15T13:08:45Z,0.00,300.00,26.57,S,0.00,0.00,1012.53,93.93,1011.20,0.78,25.51,0.00,0.00,180.00,0.00,79DAAFB4
2026-07-15T12:51:26Z,0.00,300.00,26.60,S,0.00,0.00,1012.33,95.21,1011.00,0.61,25.77,0.00,0.00,180.00,0.00,79DAAFB4
2026-07-15T12:34:27Z,0.00,300.00,26.62,S,0.00,0.00,1012.23,94.45,1010.90,0.71,25.65,0.00,0.00,180.00,0.00,79DAAFB4
2026-07-15T12:17:08Z,0.00,300.00,26.55,S,0.00,0.00,1011.93,95.94,1010.60,0.50,25.85,0.00,0.00,180.00,0.00,79DAAFB4
2026-07-15T12:00:00Z,0.00,300.00,26.53,S,0.00,0.00,1011.63,96.52,1010.30,0.42,25.93,0.00,0.00,180.00,0.00,79DAAFB4
2026-07-15T11:42:40Z,0.00,300.00,26.49,S,0.00,0.00,1011.43,96.76,1010.10,0.39,25.93,0.00,0.00,180.00,0.00,79DAAFB4
2026-07-15T11:25:31Z,0.00,300.00,26.35,S,0.00,0.00,1011.23,96.69,1009.90,0.40,25.78,0.00,0.00,180.00,0.00,79DAAFB4
2026-07-15T11:08:23Z,0.00,300.00,26.31,S,0.00,0.00,1011.03,96.31,1009.70,0.45,25.67,0.00,0.00,180.00,0.00,79DAAFB4
2026-07-15T10:51:04Z,0.00,300.00,26.28,S,0.00,0.00,1010.93,96.30,1009.60,0.45,25.64,0.00,0.00,180.00,0.00,79DAAFB4
2026-07-15T10:33:56Z,0.00,300.00,26.35,S,0.00,0.00,1010.53,97.03,1009.20,0.35,25.84,0.00,0.00,180.00,0.00,79DAAFB4
2026-07-15T10:16:46Z,0.20,300.00,26.15,S,0.00,0.00,1010.03,97.02,1008.70,0.36,25.64,0.00,0.00,180.00,0.00,79DAAFB4
2026-07-15T09:59:38Z,0.00,299.80,26.20,S,0.00,0.00,1009.83,97.06,1008.50,0.35,25.70,0.00,0.00,180.00,0.00,79DAAFB4
2026-07-15T09:42:30Z,0.00,299.80,26.04,S,0.00,0.00,1009.63,96.82,1008.30,0.38,25.49,0.00,0.00,180.00,0.00,79DAAFB4
2026-07-15T09:25:22Z,0.00,299.80,25.88,S,0.00,0.00,1009.53,96.93,1008.20,0.37,25.35,0.00,0.00,180.00,0.00,79DAAFB4
2026-07-15T09:08:03Z,0.00,299.80,26.04,S,0.00,0.00,1009.53,97.17,1008.20,0.33,25.56,0.00,0.00,180.00,0.00,79DAAFB4
2026-07-15T08:50:44Z,0.20,299.80,25.92,S,0.00,0.00,1009.73,96.90,1008.40,0.37,25.39,0.00,0.00,180.00,0.00,79DAAFB4
2026-07-15T08:33:36Z,3.60,299.60,25.67,S,0.00,0.00,1009.93,96.33,1008.60,0.45,25.04,0.00,0.00,180.00,0.00,79DAAFB4
2026-07-15T08:16:16Z,4.00,296.00,25.99,S,0.00,0.00,1011.03,92.01,1009.70,1.04,24.59,0.00,0.00,180.00,0.00,79DAAFB4
2026-07-15T07:59:07Z,0.00,292.00,28.30,S,0.00,0.00,1010.23,78.55,1008.90,3.02,24.21,0.00,0.00,180.00,0.00,79DAAFB4
2026-07-15T07:41:59Z,0.00,292.00,29.96,S,0.00,0.00,1009.63,72.08,1008.30,4.08,24.37,0.00,0.00,180.00,0.00,79DAAFB4
2026-07-15T07:24:51Z,0.00,292.00,31.28,S,0.00,0.00,1010.23,75.81,1008.90,3.57,26.49,0.00,0.00,180.00,0.00,79DAAFB4
2026-07-15T07:07:43Z,0.00,292.00,32.26,S,0.00,0.00,1009.83,74.36,1008.50,3.85,27.11,0.00,0.00,180.00,0.00,79DAAFB4
2026-07-15T06:50:35Z,0.00,292.00,32.34,S,0.00,0.00,1009.73,72.43,1008.40,4.17,26.74,0.00,0.00,180.00,0.00,79DAAFB4
2026-07-15T06:33:27Z,0.00,292.00,33.30,S,0.00,0.00,1010.03,67.38,1008.70,5.07,26.42,0.00,0.00,180.00,0.00,79DAAFB4
2026-07-15T06:16:19Z,0.00,292.00,31.85,SE,0.00,0.00,1010.23,72.75,1008.90,4.09,26.34,0.00,0.00,144.00,0.00,79DAAFB4
2026-07-15T05:59:00Z,0.00,292.00,34.06,S,0.00,0.00,1010.33,65.59,1009.00,5.43,26.69,0.00,0.00,180.00,0.00,79DAAFB4
2026-07-15T05:41:51Z,0.00,292.00,33.76,S,0.00,0.00,1010.63,66.97,1009.30,5.17,26.76,0.00,0.00,180.00,0.00,79DAAFB4
2026-07-15T05:24:43Z,0.00,292.00,32.82,S,0.00,0.00,1010.73,69.46,1009.40,4.69,26.48,0.00,0.00,180.00,0.00,79DAAFB4
2026-07-15T05:07:35Z,0.00,292.00,33.22,S,0.00,0.00,1010.93,70.42,1009.60,4.56,27.10,0.00,0.00,180.00,0.00,79DAAFB4
2026-07-15T04:50:16Z,0.00,292.00,32.58,S,0.00,0.00,1011.53,72.82,1010.20,4.12,27.06,0.00,0.00,180.00,0.00,79DAAFB4
2026-07-15T04:33:07Z,0.00,292.00,31.16,S,0.00,0.00,1011.93,76.18,1010.60,3.51,26.46,0.00,0.00,180.00,0.00,79DAAFB4
2026-07-15T04:15:58Z,0.00,292.00,30.38,S,0.00,0.00,1012.13,81.55,1010.80,2.65,26.86,0.00,0.00,180.00,0.00,79DAAFB4
2026-07-15T03:58:50Z,0.00,292.00,29.92,S,0.00,0.00,1012.23,80.54,1010.90,2.79,26.20,0.00,0.00,180.00,0.00,79DAAFB4
2026-07-15T03:41:42Z,0.00,292.00,29.33,S,0.00,0.00,1012.33,83.34,1011.00,2.35,26.21,0.00,0.00,180.00,0.00,79DAAFB4
2026-07-15T03:24:34Z,0.00,292.00,28.60,SSE,0.00,0.00,1012.53,88.13,1011.20,1.63,26.44,0.00,0.00,164.00,0.00,79DAAFB4
2026-07-15T03:07:26Z,0.00,292.00,27.95,S,0.00,0.00,1012.73,86.85,1011.40,1.80,25.55,0.00,0.00,180.00,0.00,79DAAFB4
2026-07-15T02:50:07Z,0.20,292.00,28.34,S,0.00,0.00,1012.63,87.70,1011.30,1.69,26.10,0.00,0.00,180.00,0.00,79DAAFB4
2026-07-15T02:32:58Z,0.00,291.80,31.24,S,0.00,0.00,1012.23,74.34,1010.90,3.80,26.12,0.00,0.00,180.00,0.00,79DAAFB4
2026-07-15T02:15:50Z,0.00,291.80,30.42,S,0.00,0.00,1012.63,76.07,1011.30,3.49,25.72,0.00,0.00,180.00,0.00,79DAAFB4
2026-07-15T01:58:42Z,0.00,291.80,30.25,S,0.00,0.00,1012.63,77.70,1011.30,3.23,25.91,0.00,0.00,180.00,0.00,79DAAFB4
2026-07-15T01:41:23Z,0.00,291.80,29.89,S,0.00,0.00,1012.53,80.08,1011.20,2.85,26.08,0.00,0.00,180.00,0.00,79DAAFB4
2026-07-15T01:24:14Z,0.00,291.80,29.60,S,0.00,0.00,1012.53,79.75,1011.20,2.89,25.72,0.00,0.00,180.00,0.00,79DAAFB4
2026-07-15T01:07:05Z,0.00,291.80,29.11,S,0.00,0.00,1012.43,81.24,1011.10,2.65,25.56,0.00,0.00,180.00,0.00,79DAAFB4
2026-07-15T00:49:46Z,0.00,291.80,28.76,S,0.00,0.00,1012.23,83.45,1010.90,2.31,25.67,0.00,0.00,180.00,0.00,79DAAFB4
2026-07-15T00:32:38Z,0.00,291.80,28.36,S,0.00,0.00,1011.93,83.80,1010.60,2.25,25.35,0.00,0.00,180.00,0.00,79DAAFB4
2026-07-15T00:15:30Z,0.00,291.80,27.99,S,0.00,0.00,1011.73,86.58,1010.40,1.84,25.54,0.00,0.00,180.00,0.00,79DAAFB4
2026-07-14T23:58:11Z,0.00,291.80,27.74,S,0.00,0.00,1011.43,88.57,1010.10,1.55,25.68,0.00,0.00,180.00,0.00,79DAAFB4
2026-07-14T23:40:52Z,0.00,291.80,27.64,S,0.00,0.00,1011.43,88.95,1010.10,1.49,25.65,0.00,0.00,180.00,0.00,79DAAFB4
2026-07-14T23:23:43Z,0.00,291.80,27.55,S,0.00,0.00,1011.23,89.37,1009.90,1.43,25.64,0.00,0.00,180.00,0.00,79DAAFB4
2026-07-14T23:06:35Z,0.00,291.80,27.42,S,0.00,0.00,1011.23,89.67,1009.90,1.39,25.57,0.00,0.00,180.00,0.00,79DAAFB4
2026-07-14T22:49:27Z,0.00,291.80,27.46,S,0.00,0.00,1011.33,89.44,1010.00,1.42,25.56,0.00,0.00,180.00,0.00,79DAAFB4
2026-07-14T22:32:08Z,0.00,291.80,27.48,S,0.00,0.00,1011.23,89.22,1009.90,1.45,25.54,0.00,0.00,180.00,0.00,79DAAFB4
2026-07-14T22:14:59Z,0.00,291.80,27.44,S,0.00,0.00,1011.23,89.23,1009.90,1.45,25.51,0.00,0.00,180.00,0.00,79DAAFB4
2026-07-14T21:57:50Z,0.00,291.80,27.37,S,0.00,0.00,1011.03,89.26,1009.70,1.45,25.44,0.00,0.00,180.00,0.00,79DAAFB4
2026-07-14T21:40:31Z,0.00,291.80,27.42,S,0.00,0.00,1011.03,89.50,1009.70,1.41,25.54,0.00,0.00,180.00,0.00,79DAAFB4
2026-07-14T21:23:23Z,0.00,291.80,27.20,S,0.00,0.00,1010.93,90.33,1009.60,1.29,25.48,0.00,0.00,180.00,0.00,79DAAFB4
2026-07-14T21:06:15Z,0.00,291.80,27.31,S,0.00,0.00,1010.73,89.99,1009.40,1.34,25.52,0.00,0.00,180.00,0.00,79DAAFB4
2026-07-14T20:48:56Z,0.00,291.80,27.38,S,0.00,0.00,1010.73,90.05,1009.40,1.33,25.60,0.00,0.00,180.00,0.00,79DAAFB4
2026-07-14T20:31:37Z,0.00,291.80,27.36,S,0.00,0.00,1010.73,89.77,1009.40,1.37,25.53,0.00,0.00,180.00,0.00,79DAAFB4
2026-07-14T20:14:28Z,0.00,291.80,27.43,S,0.00,0.00,1010.83,89.89,1009.50,1.36,25.62,0.00,0.00,180.00,0.00,79DAAFB4
2026-07-14T19:57:20Z,0.00,291.80,27.46,S,0.00,0.00,1010.63,89.58,1009.30,1.40,25.59,0.00,0.00,180.00,0.00,79DAAFB4
2026-07-14T19:40:12Z,0.00,291.80,27.50,S,0.00,0.00,1010.83,89.63,1009.50,1.40,25.64,0.00,0.00,180.00,0.00,79DAAFB4
2026-07-14T19:23:04Z,0.00,291.80,18.44,S,0.00,0.00,674.33,59.44,673.00,4.90,10.40,0.00,0.00,180.00,0.00,79DAAFB4
2026-07-14T19:05:56Z,0.00,291.80,27.66,S,0.00,0.00,1011.23,88.28,1009.90,1.59,25.54,0.00,0.00,180.00,0.00,79DAAFB4
2026-07-14T18:48:48Z,0.00,291.80,27.77,S,0.00,0.00,1011.33,87.48,1010.00,1.71,25.50,0.00,0.00,180.00,0.00,79DAAFB4
2026-07-14T18:31:40Z,0.00,291.80,27.83,S,0.00,0.00,1011.43,86.84,1010.10,1.80,25.43,0.00,0.00,180.00,0.00,79DAAFB4
2026-07-14T18:14:21Z,0.00,291.80,27.93,S,0.00,0.00,1011.63,85.20,1010.30,2.04,25.21,0.00,0.00,180.00,0.00,79DAAFB4
2026-07-14T17:57:13Z,0.00,291.80,27.93,S,0.00,0.00,1011.83,84.07,1010.50,2.20,24.98,0.00,0.00,180.00,0.00,79DAAFB4
2026-07-14T17:39:26Z,0.00,291.80,28.18,S,0.00,0.00,1011.93,82.23,1010.60,2.47,24.86,0.00,0.00,180.00,0.00,79DAAFB4
2026-07-14T17:21:18Z,0.00,291.80,28.37,S,0.00,0.00,1018.99,80.51,1010.80,2.73,24.69,0.00,0.00,180.00,0.00,79DAAFB4
2026-07-14T17:04:10Z,0.00,291.80,28.36,S,0.00,0.00,1018.99,79.46,1010.80,2.88,24.46,0.00,0.00,180.00,0.00,79DAAFB4
2026-07-14T16:47:02Z,0.00,291.80,28.53,S,0.00,0.00,1019.09,79.08,1010.90,2.95,24.54,0.00,0.00,180.00,0.00,79DAAFB4
2026-07-14T16:29:43Z,0.00,291.80,28.53,S,0.00,0.00,1019.29,80.02,1011.10,2.81,24.74,0.00,0.00,180.00,0.00,79DAAFB4
2026-07-14T16:12:35Z,0.00,291.80,28.69,S,0.00,0.00,1019.29,79.40,1011.10,2.91,24.77,0.00,0.00,180.00,0.00,79DAAFB4
2026-07-14T15:55:15Z,0.00,291.80,28.84,S,0.00,0.00,1019.29,77.66,1011.10,3.17,24.54,0.00,0.00,180.00,0.00,79DAAFB4
2026-07-14T15:37:56Z,0.00,291.80,28.84,S,0.00,0.00,1018.89,76.69,1010.70,3.32,24.33,0.00,0.00,180.00,0.00,79DAAFB4
2026-07-14T15:20:48Z,0.00,291.80,28.94,S,0.00,0.00,1018.79,76.64,1010.60,3.33,24.42,0.00,0.00,180.00,0.00,79DAAFB4
2026-07-14T15:03:29Z,0.00,291.80,29.10,S,0.00,0.00,1018.49,75.98,1010.30,3.43,24.43,0.00,0.00,180.00,0.00,79DAAFB4
2026-07-14T14:46:20Z,0.00,291.80,29.10,S,0.00,0.00,1018.19,75.81,1010.00,3.46,24.39,0.00,0.00,180.00,0.00,79DAAFB4
2026-07-14T14:29:11Z,0.00,291.80,29.20,S,0.00,0.00,1017.89,76.03,1009.70,3.43,24.53,0.00,0.00,180.00,0.00,79DAAFB4
2026-07-14T14:12:03Z,0.00,291.80,29.22,S,0.00,0.00,1017.69,75.33,1009.50,3.54,24.40,0.00,0.00,180.00,0.00,79DAAFB4
2026-07-14T13:54:55Z,0.00,291.80,29.27,S,0.00,0.00,1017.59,75.61,1009.40,3.50,24.51,0.00,0.00,180.00,0.00,79DAAFB4
2026-07-14T13:37:47Z,0.00,291.80,29.38,S,0.00,0.00,1017.39,75.19,1009.20,3.57,24.52,0.00,0.00,180.00,0.00,79DAAFB4
2026-07-14T13:20:28Z,0.00,291.80,29.55,S,0.00,0.00,1016.99,74.47,1008.80,3.69,24.52,0.00,0.00,180.00,0.00,79DAAFB4
2026-07-14T13:03:20Z,0.00,291.80,29.55,S,0.00,0.00,1016.89,73.84,1008.70,3.78,24.38,0.00,0.00,180.00,0.00,79DAAFB4
2026-07-14T12:46:00Z,0.00,291.80,29.57,S,0.00,0.00,1016.59,73.09,1008.40,3.90,24.23,0.00,0.00,180.00,0.00,79DAAFB4
2026-07-14T12:28:41Z,0.00,291.80,29.73,S,0.00,0.00,1016.49,72.00,1008.30,4.08,24.13,0.00,0.00,180.00,0.00,79DAAFB4
2026-07-14T12:11:33Z,0.00,291.80,29.85,S,0.00,0.00,1016.09,72.24,1007.90,4.05,24.30,0.00,0.00,180.00,0.00,79DAAFB4
2026-07-14T11:54:13Z,0.00,291.80,30.07,S,0.00,0.00,1015.79,72.86,1007.60,3.96,24.66,0.00,0.00,180.00,0.00,79DAAFB4
2026-07-14T11:37:03Z,0.00,291.80,30.21,S,0.00,0.00,1015.69,72.16,1007.50,4.08,24.63,0.00,0.00,180.00,0.00,79DAAFB4
2026-07-14T11:19:54Z,0.00,291.80,30.51,S,0.00,0.00,1015.69,70.62,1007.50,4.34,24.56,0.00,0.00,180.00,0.00,79DAAFB4
2026-07-14T11:02:46Z,0.00,291.80,30.85,S,0.00,0.00,1015.69,69.45,1007.50,4.55,24.60,0.00,0.00,180.00,0.00,79DAAFB4
2026-07-14T10:45:38Z,0.00,291.80,31.34,S,0.00,0.00,1015.59,67.72,1007.40,4.86,24.65,0.00,0.00,180.00,0.00,79DAAFB4
2026-07-14T10:28:30Z,0.00,291.80,31.80,S,0.00,0.00,1015.39,64.66,1007.20,5.40,24.31,0.00,0.00,180.00,0.00,79DAAFB4
2026-07-14T10:11:22Z,0.00,291.80,32.55,S,0.00,0.00,1015.09,60.11,1006.90,6.24,23.80,0.00,0.00,180.00,0.00,79DAAFB4
2026-07-14T09:54:14Z,0.00,291.80,33.18,S,0.00,0.00,1015.09,58.25,1006.90,6.64,23.86,0.00,0.00,180.00,0.00,79DAAFB4
2026-07-14T09:37:06Z,0.00,291.80,33.21,S,0.00,0.00,1014.89,55.92,1006.70,7.06,23.21,0.00,0.00,180.00,0.00,79DAAFB4
2026-07-14T09:19:47Z,0.00,291.80,37.59,S,0.00,0.00,1014.89,45.94,1006.70,9.63,23.96,0.00,0.00,180.00,0.00,79DAAFB4
2026-07-14T09:02:38Z,0.00,291.80,35.76,NNW,0.00,0.00,1014.89,53.12,1006.70,7.89,24.72,0.00,0.00,337.00,0.00,79DAAFB4
2026-07-14T08:45:30Z,0.00,291.80,37.65,S,0.00,0.00,1014.89,50.95,1006.70,8.58,25.75,0.00,0.00,180.00,0.00,79DAAFB4
2026-07-14T08:28:22Z,0.00,291.80,37.86,S,0.00,0.00,1014.79,50.60,1006.60,8.68,25.83,0.00,0.00,180.00,0.00,79DAAFB4
2026-07-14T08:11:03Z,0.00,291.80,34.84,S,0.00,0.00,1015.09,56.25,1006.90,7.19,24.82,0.00,0.00,180.00,0.00,79DAAFB4
2026-07-14T07:53:54Z,0.00,291.80,35.47,NW,0.00,0.00,1015.19,53.85,1007.00,7.72,24.68,0.00,0.00,319.00,0.00,79DAAFB4
2026-07-14T07:36:45Z,0.00,291.80,36.54,SSE,1.33,4.00,1015.49,50.75,1007.30,8.47,24.67,0.00,0.00,167.00,0.00,79DAAFB4
2026-07-14T07:19:26Z,0.00,291.80,34.93,S,0.00,0.00,1015.49,55.85,1007.30,7.27,24.79,0.00,0.00,180.00,0.00,79DAAFB4
2026-07-14T07:02:18Z,0.00,291.80,36.31,WSW,0.00,0.00,1015.39,51.51,1007.20,8.28,24.71,0.00,0.00,246.00,0.00,79DAAFB4
2026-07-14T06:45:10Z,0.00,291.80,33.97,NNE,0.00,0.00,1015.59,59.13,1007.40,6.56,24.85,0.00,0.00,22.00,0.00,79DAAFB4
2026-07-14T06:27:51Z,0.00,291.80,33.07,S,0.00,0.00,1015.69,60.11,1007.50,6.30,24.29,0.00,0.00,184.00,0.00,79DAAFB4
2026-07-14T06:10:32Z,0.00,291.80,35.78,S,0.00,0.00,1015.29,54.90,1007.10,7.55,25.29,0.00,0.00,180.00,0.00,79DAAFB4
2026-07-14T05:53:24Z,0.00,291.80,34.97,S,0.00,0.00,1015.49,54.67,1007.30,7.50,24.47,0.00,0.00,180.00,0.00,79DAAFB4
2026-07-14T05:36:04Z,0.00,291.80,34.33,S,0.00,0.00,1015.69,56.94,1007.50,7.00,24.56,0.00,0.00,180.00,0.00,79DAAFB4
2026-07-14T05:18:55Z,0.00,291.80,34.06,S,0.00,0.00,1016.09,58.30,1007.90,6.72,24.70,0.00,0.00,180.00,0.00,79DAAFB4
2026-07-14T05:01:47Z,0.00,291.80,32.88,S,0.00,0.00,1016.49,60.38,1008.30,6.23,24.18,0.00,0.00,180.00,0.00,79DAAFB4
2026-07-14T04:44:39Z,0.00,291.80,32.32,S,3.49,4.03,1016.79,61.79,1008.60,5.93,24.04,0.00,0.00,188.00,2.59,79DAAFB4
2026-07-14T04:27:31Z,0.00,291.80,31.73,S,0.00,0.00,1016.99,64.79,1008.80,5.38,24.28,0.00,0.00,180.00,0.00,79DAAFB4
2026-07-14T04:10:23Z,0.00,291.80,31.27,SSW,0.00,0.00,1017.49,65.41,1009.30,5.23,24.00,0.00,0.00,205.00,0.00,79DAAFB4
2026-07-14T03:53:15Z,0.00,291.80,31.54,S,0.00,0.00,1017.49,65.47,1009.30,5.25,24.27,0.00,0.00,180.00,0.00,79DAAFB4
2026-07-14T03:35:56Z,0.00,291.80,31.15,S,0.00,0.00,1017.69,66.70,1009.50,5.01,24.21,0.00,0.00,180.00,0.00,79DAAFB4
2026-07-14T03:18:37Z,0.00,291.80,30.74,S,0.00,0.00,1017.69,67.14,1009.50,4.91,23.93,0.00,0.00,180.00,0.00,79DAAFB4
2026-07-14T03:01:29Z,0.00,291.80,30.23,S,0.00,0.00,1017.29,69.42,1009.10,4.51,24.00,0.00,0.00,180.00,0.00,79DAAFB4
2026-07-14T02:44:09Z,0.00,291.80,29.71,S,0.00,0.00,1017.09,72.21,1008.90,4.04,24.16,0.00,0.00,180.00,0.00,79DAAFB4
2026-07-14T02:27:00Z,0.00,291.80,29.16,NNW,2.38,3.71,1017.29,74.72,1009.10,3.63,24.20,0.00,0.00,347.00,0.00,79DAAFB4
2026-07-14T02:09:52Z,0.00,291.80,28.33,SW,0.00,0.00,1017.29,78.66,1009.10,3.00,24.26,0.00,0.00,231.00,0.00,79DAAFB4
2026-07-14T01:52:44Z,0.00,291.80,28.59,WNW,0.00,0.00,1017.49,78.52,1009.30,3.03,24.48,0.00,0.00,291.00,0.00,79DAAFB4
2026-07-14T01:35:36Z,0.00,291.80,28.75,S,0.00,0.00,1017.39,79.54,1009.20,2.89,24.85,0.00,0.00,180.00,0.00,79DAAFB4
2026-07-14T01:18:28Z,0.00,291.80,28.34,S,0.00,0.00,1017.19,81.28,1009.00,2.62,24.82,0.00,0.00,180.00,0.00,79DAAFB4
2026-07-14T01:01:20Z,0.00,291.80,27.69,S,0.00,0.00,1017.09,83.04,1008.90,2.34,24.54,0.00,0.00,180.00,0.00,79DAAFB4
2026-07-14T00:44:12Z,0.00,291.80,27.47,S,0.00,0.00,1017.19,83.63,1009.00,2.25,24.45,0.00,0.00,180.00,0.00,79DAAFB4
2026-07-14T00:26:53Z,0.00,291.80,27.34,S,0.00,0.00,1016.99,84.34,1008.80,2.14,24.46,0.00,0.00,180.00,0.00,79DAAFB4
2026-07-14T00:09:44Z,0.00,291.80,27.02,S,0.00,0.00,1016.89,86.28,1008.70,1.86,24.53,0.00,0.00,180.00,0.00,79DAAFB4
2026-07-13T23:52:36Z,0.00,291.80,26.59,WNW,0.00,0.00,1016.39,87.55,1008.20,1.67,24.35,0.00,0.00,301.00,0.00,79DAAFB4
2026-07-13T23:35:28Z,0.00,291.80,26.44,S,0.90,2.70,1015.99,88.23,1007.80,1.57,24.33,0.00,0.00,177.00,0.00,79DAAFB4
2026-07-13T23:18:09Z,0.00,291.80,26.43,NNE,0.61,1.87,1016.09,88.42,1007.90,1.55,24.36,0.00,0.00,22.00,0.00,79DAAFB4
2026-07-13T23:01:00Z,0.00,291.80,26.39,S,0.00,0.00,1015.89,88.77,1007.70,1.50,24.38,0.00,0.00,180.00,0.00,79DAAFB4
2026-07-13T22:43:51Z,0.00,291.80,26.41,S,0.00,0.00,1015.79,88.93,1007.60,1.48,24.43,0.00,0.00,180.00,0.00,79DAAFB4
2026-07-13T22:26:32Z,0.00,291.80,26.39,S,0.00,0.00,1015.59,88.94,1007.40,1.47,24.42,0.00,0.00,180.00,0.00,79DAAFB4
2026-07-13T22:09:24Z,0.00,291.80,26.38,S,0.00,0.00,1015.59,88.69,1007.40,1.51,24.36,0.00,0.00,180.00,0.00,79DAAFB4
2026-07-13T21:52:16Z,0.00,291.80,26.44,S,0.00,0.00,1015.49,88.59,1007.30,1.52,24.40,0.00,0.00,180.00,0.00,79DAAFB4
2026-07-13T21:34:57Z,0.00,291.80,26.45,S,0.00,0.00,1015.79,88.33,1007.60,1.56,24.36,0.00,0.00,180.00,0.00,79DAAFB4
2026-07-13T21:17:38Z,0.00,291.80,26.37,S,0.00,0.00,1015.79,88.54,1007.60,1.53,24.32,0.00,0.00,180.00,0.00,79DAAFB4
2026-07-13T21:00:29Z,0.00,291.80,26.38,S,0.00,0.00,1015.59,88.71,1007.40,1.51,24.36,0.00,0.00,180.00,0.00,79DAAFB4
2026-07-13T20:43:21Z,0.00,291.80,26.40,S,0.00,0.00,1015.59,88.43,1007.40,1.54,24.33,0.00,0.00,180.00,0.00,79DAAFB4
2026-07-13T20:26:13Z,0.00,291.80,26.51,S,0.00,0.00,1015.29,87.96,1007.10,1.61,24.35,0.00,0.00,180.00,0.00,79DAAFB4
2026-07-13T20:08:54Z,0.00,291.80,26.48,S,0.00,0.00,1015.39,88.57,1007.20,1.53,24.44,0.00,0.00,180.00,0.00,79DAAFB4
2026-07-13T19:51:45Z,0.00,291.80,26.39,S,0.00,0.00,1015.39,88.89,1007.20,1.48,24.41,0.00,0.00,180.00,0.00,79DAAFB4
2026-07-13T19:34:36Z,0.00,291.80,26.33,S,0.00,0.00,1015.49,89.88,1007.30,1.34,24.53,0.00,0.00,180.00,0.00,79DAAFB4
2026-07-13T19:17:17Z,0.00,291.80,26.34,S,0.00,0.00,1015.59,90.06,1007.40,1.32,24.58,0.00,0.00,180.00,0.00,79DAAFB4
2026-07-13T19:00:09Z,0.00,291.80,26.28,S,0.00,0.00,1015.59,90.22,1007.40,1.29,24.55,0.00,0.00,180.00,0.00,79DAAFB4
2026-07-13T18:43:01Z,0.00,291.80,26.34,S,0.00,0.00,1015.69,89.82,1007.50,1.35,24.53,0.00,0.00,180.00,0.00,79DAAFB4
2026-07-13T18:25:42Z,0.00,291.80,26.43,S,0.00,0.00,1015.89,89.69,1007.70,1.37,24.60,0.00,0.00,180.00,0.00,79DAAFB4
2026-07-13T18:08:23Z,0.00,291.80,26.28,S,0.00,0.00,1015.89,90.17,1007.70,1.30,24.54,0.00,0.00,180.00,0.00,79DAAFB4
2026-07-13T17:51:15Z,0.00,291.80,26.25,S,0.00,0.00,1016.19,90.60,1008.00,1.24,24.59,0.00,0.00,180.00,0.00,79DAAFB4
2026-07-13T17:33:55Z,0.00,291.80,26.37,S,0.00,0.00,1016.59,90.45,1008.40,1.26,24.68,0.00,0.00,180.00,0.00,79DAAFB4
2026-07-13T17:16:46Z,0.00,291.80,26.43,S,0.00,0.00,1017.09,89.94,1008.90,1.34,24.64,0.00,0.00,180.00,0.00,79DAAFB4
2026-07-13T16:59:38Z,0.00,291.80,26.58,S,0.00,0.00,1017.49,89.48,1009.30,1.40,24.70,0.00,0.00,180.00,0.00,79DAAFB4
2026-07-13T16:42:19Z,0.00,291.80,26.59,S,0.00,0.00,1017.59,89.95,1009.40,1.34,24.80,0.00,0.00,180.00,0.00,79DAAFB4
2026-07-13T16:25:11Z,0.00,291.80,26.54,S,0.00,0.00,1017.69,90.16,1009.50,1.31,24.79,0.00,0.00,180.00,0.00,79DAAFB4
2026-07-13T16:08:03Z,0.00,291.80,26.59,S,0.00,0.00,1017.69,89.82,1009.50,1.35,24.78,0.00,0.00,180.00,0.00,79DAAFB4
2026-07-13T15:50:44Z,0.00,291.80,26.63,S,0.00,0.00,1017.69,89.56,1009.50,1.39,24.77,0.00,0.00,180.00,0.00,79DAAFB4
2026-07-13T15:33:36Z,0.00,291.80,26.60,S,0.00,0.00,1017.59,89.67,1009.40,1.38,24.76,0.00,0.00,180.00,0.00,79DAAFB4
2026-07-13T15:16:16Z,0.00,291.80,26.58,S,0.00,0.00,1017.49,89.71,1009.30,1.37,24.75,0.00,0.00,180.00,0.00,79DAAFB4
2026-07-13T14:58:57Z,0.00,291.80,26.50,S,0.00,0.00,1017.59,89.64,1009.40,1.38,24.66,0.00,0.00,180.00,0.00,79DAAFB4
2026-07-13T14:40:41Z,0.00,291.80,26.47,S,0.00,0.00,1012.53,89.32,1009.40,1.42,24.57,0.00,0.00,180.00,0.00,79DAAFB4
2026-07-13T14:23:32Z,0.00,291.80,26.41,S,0.00,0.00,1012.33,89.34,1009.20,1.42,24.51,0.00,0.00,180.00,0.00,79DAAFB4
2026-07-13T14:06:23Z,0.00,291.80,26.29,S,0.00,0.00,1012.23,89.58,1009.10,1.38,24.44,0.00,0.00,180.00,0.00,79DAAFB4
2026-07-13T13:49:04Z,0.00,291.80,26.32,S,0.00,0.00,1011.93,89.77,1008.80,1.36,24.50,0.00,0.00,180.00,0.00,79DAAFB4
2026-07-13T13:31:56Z,0.00,291.80,26.30,S,0.00,0.00,1011.83,89.56,1008.70,1.39,24.44,0.00,0.00,180.00,0.00,79DAAFB4
2026-07-13T13:14:48Z,0.00,291.80,26.33,S,0.00,0.00,1011.63,89.60,1008.50,1.38,24.48,0.00,0.00,180.00,0.00,79DAAFB4
2026-07-13T12:57:29Z,0.00,291.80,26.14,S,0.00,0.00,1011.13,89.18,1008.00,1.44,24.21,0.00,0.00,180.00,0.00,79DAAFB4
2026-07-13T12:40:10Z,0.00,291.80,26.21,S,0.00,0.00,1010.83,88.87,1007.70,1.48,24.23,0.00,0.00,180.00,0.00,79DAAFB4
2026-07-13T12:23:02Z,0.00,291.80,26.05,S,0.00,0.00,1010.43,88.68,1007.30,1.50,24.03,0.00,0.00,180.00,0.00,79DAAFB4
2026-07-13T12:05:42Z,0.00,291.80,26.12,S,0.00,0.00,1010.53,88.63,1007.40,1.51,24.09,0.00,0.00,180.00,0.00,79DAAFB4
2026-07-13T11:48:33Z,0.00,291.80,26.38,S,0.00,0.00,1010.43,88.39,1007.30,1.55,24.30,0.00,0.00,180.00,0.00,79DAAFB4
2026-07-13T11:31:25Z,0.00,291.80,26.52,S,0.00,0.00,1010.23,87.82,1007.10,1.63,24.33,0.00,0.00,180.00,0.00,79DAAFB4
2026-07-13T11:14:17Z,0.00,291.80,26.76,S,0.00,0.00,1010.13,87.08,1007.00,1.74,24.43,0.00,0.00,180.00,0.00,79DAAFB4
2026-07-13T10:57:09Z,0.00,291.80,27.06,S,0.00,0.00,1009.93,86.22,1006.80,1.87,24.56,0.00,0.00,180.00,0.00,79DAAFB4
2026-07-13T10:40:01Z,0.00,291.80,27.27,S,0.00,0.00,1009.83,85.82,1006.70,1.93,24.68,0.00,0.00,180.00,0.00,79DAAFB4
2026-07-13T10:22:53Z,0.00,291.80,27.28,S,0.00,0.00,1009.63,84.98,1006.50,2.05,24.53,0.00,0.00,180.00,0.00,79DAAFB4
2026-07-13T10:05:45Z,0.00,291.80,27.47,S,0.00,0.00,1009.53,84.30,1006.40,2.15,24.58,0.00,0.00,180.00,0.00,79DAAFB4
2026-07-13T09:48:26Z,0.00,291.80,27.83,S,0.00,0.00,1009.43,84.17,1006.30,2.18,24.91,0.00,0.00,180.00,0.00,79DAAFB4
2026-07-13T09:31:17Z,0.00,291.80,28.11,S,0.00,0.00,1009.33,84.67,1006.20,2.12,25.28,0.00,0.00,180.00,0.00,79DAAFB4
2026-07-13T09:14:09Z,0.00,291.80,27.99,S,0.00,0.00,1009.13,86.05,1006.00,1.92,25.43,0.00,0.00,180.00,0.00,79DAAFB4
2026-07-13T08:57:01Z,0.00,291.80,27.93,S,0.00,0.00,1009.03,86.46,1005.90,1.86,25.46,0.00,0.00,180.00,0.00,79DAAFB4
2026-07-13T08:39:42Z,0.00,291.80,28.29,SSW,0.00,0.00,1008.83,85.57,1005.70,1.99,25.63,0.00,0.00,195.00,0.00,79DAAFB4
2026-07-13T08:22:33Z,0.00,291.80,28.73,S,0.00,0.00,1008.73,83.86,1005.60,2.25,25.72,0.00,0.00,180.00,0.00,79DAAFB4
2026-07-13T08:05:24Z,0.00,291.80,29.26,S,0.00,0.00,1008.63,81.91,1005.50,2.56,25.84,0.00,0.00,180.00,0.00,79DAAFB4
2026-07-13T07:48:05Z,0.00,291.80,29.09,S,0.00,0.00,1008.63,83.03,1005.50,2.39,25.91,0.00,0.00,180.00,0.00,79DAAFB4
2026-07-13T07:30:57Z,0.00,291.80,29.23,S,0.00,0.00,1008.33,80.88,1005.20,2.71,25.60,0.00,0.00,180.00,0.00,79DAAFB4
2026-07-13T07:13:49Z,0.00,291.80,28.46,S,0.00,0.00,1008.53,85.52,1005.40,2.00,25.79,0.00,0.00,180.00,0.00,79DAAFB4
2026-07-13T06:56:30Z,0.00,291.80,27.44,S,0.00,0.00,1008.93,91.59,1005.80,1.12,25.95,0.00,0.00,180.00,0.00,79DAAFB4
2026-07-13T06:39:11Z,1.60,291.80,27.35,S,0.00,0.00,1008.83,93.45,1005.70,0.85,26.20,0.00,0.00,180.00,0.00,79DAAFB4
2026-07-13T06:22:03Z,3.80,290.20,29.37,S,0.00,0.00,1009.43,83.62,1006.30,2.31,26.30,0.00,0.00,180.00,0.00,79DAAFB4
2026-07-13T06:04:43Z,0.00,286.40,32.03,S,0.00,0.00,1008.43,69.83,1005.30,4.57,25.82,0.00,0.00,180.00,0.00,79DAAFB4
2026-07-13T05:47:34Z,0.00,286.40,33.19,NNE,0.00,0.00,1008.43,63.40,1005.30,5.74,25.29,0.00,0.00,32.00,0.00,79DAAFB4
2026-07-13T05:30:26Z,0.00,286.40,33.88,S,0.00,0.00,1008.73,60.84,1005.60,6.25,25.25,0.00,0.00,180.00,0.00,79DAAFB4
2026-07-13T05:13:18Z,0.00,286.40,32.63,S,0.00,0.00,1008.93,64.79,1005.80,5.45,25.13,0.00,0.00,180.00,0.00,79DAAFB4
2026-07-13T04:56:10Z,0.00,286.40,32.92,S,0.00,0.00,1009.13,64.72,1006.00,5.49,25.38,0.00,0.00,180.00,0.00,79DAAFB4
2026-07-13T04:39:02Z,0.00,286.40,32.52,S,0.00,0.00,1009.53,66.22,1006.40,5.20,25.39,0.00,0.00,180.00,0.00,79DAAFB4
2026-07-13T04:21:54Z,0.00,286.40,31.49,S,0.00,0.00,1010.03,70.21,1006.90,4.47,25.40,0.00,0.00,180.00,0.00,79DAAFB4
2026-07-13T04:04:35Z,0.00,286.40,31.57,S,0.00,0.00,1010.33,69.36,1007.20,4.62,25.27,0.00,0.00,180.00,0.00,79DAAFB4
2026-07-13T03:47:16Z,0.00,286.40,31.31,S,0.00,0.00,1010.73,68.54,1007.60,4.73,24.82,0.00,0.00,180.00,0.00,79DAAFB4
2026-07-13T03:30:08Z,0.00,286.40,31.75,S,0.00,0.00,1010.93,68.73,1007.80,4.73,25.29,0.00,0.00,180.00,0.00,79DAAFB4
2026-07-13T03:12:48Z,0.00,286.40,30.70,S,0.00,0.00,1011.13,70.74,1008.00,4.34,24.77,0.00,0.00,180.00,0.00,79DAAFB4
2026-07-13T02:55:39Z,0.00,286.40,30.57,S,0.00,0.00,1010.93,70.56,1007.80,4.35,24.60,0.00,0.00,180.00,0.00,79DAAFB4
2026-07-13T02:38:31Z,0.00,286.40,30.59,S,0.00,0.00,1010.73,70.87,1007.60,4.31,24.69,0.00,0.00,180.00,0.00,79DAAFB4
2026-07-13T02:21:23Z,0.00,286.40,29.58,S,0.00,0.00,1010.83,72.64,1007.70,3.97,24.14,0.00,0.00,180.00,0.00,79DAAFB4
2026-07-13T02:04:15Z,0.00,286.40,29.17,S,0.00,0.00,1010.93,73.98,1007.80,3.74,24.05,0.00,0.00,180.00,0.00,79DAAFB4
2026-07-13T01:47:07Z,0.00,286.40,28.96,NNW,3.46,5.65,1011.03,72.85,1007.90,3.90,23.59,0.00,0.00,344.00,2.16,79DAAFB4
2026-07-13T01:29:59Z,0.00,286.40,28.11,S,0.00,0.00,1011.03,79.42,1007.90,2.88,24.21,0.00,0.00,180.00,0.00,79DAAFB4
2026-07-13T01:12:51Z,0.00,286.40,27.32,S,0.00,0.00,1011.03,81.91,1007.90,2.49,23.95,0.00,0.00,180.00,0.00,79DAAFB4
2026-07-13T00:55:32Z,0.00,286.40,27.06,S,0.00,0.00,1011.03,84.35,1007.90,2.13,24.19,0.00,0.00,180.00,0.00,79DAAFB4
2026-07-13T00:38:23Z,0.00,286.40,26.99,S,0.00,0.00,1010.83,84.05,1007.70,2.17,24.06,0.00,0.00,180.00,0.00,79DAAFB4
2026-07-13T00:21:15Z,0.00,286.40,26.73,S,0.00,0.00,1010.83,84.93,1007.70,2.04,23.98,0.00,0.00,180.00,0.00,79DAAFB4
2026-07-13T00:04:07Z,0.00,286.40,26.38,S,0.00,0.00,1010.73,86.09,1007.60,1.87,23.86,0.00,0.00,180.00,0.00,79DAAFB4
2026-07-12T23:46:48Z,0.00,286.40,26.41,S,0.00,0.00,1010.53,88.25,1007.40,1.57,24.31,0.00,0.00,180.00,0.00,79DAAFB4
2026-07-12T23:29:39Z,0.00,286.40,26.26,S,0.00,0.00,1009.93,88.35,1006.80,1.55,24.18,0.00,0.00,180.00,0.00,79DAAFB4
2026-07-12T23:12:30Z,0.00,286.40,26.17,S,0.00,0.00,1009.73,88.16,1006.60,1.58,24.05,0.00,0.00,180.00,0.00,79DAAFB4
2026-07-12T22:55:11Z,0.00,286.40,26.11,S,0.00,0.00,1009.73,88.26,1006.60,1.56,24.01,0.00,0.00,180.00,0.00,79DAAFB4
2026-07-12T22:38:03Z,0.00,286.40,26.00,S,0.00,0.00,1009.83,87.84,1006.70,1.62,23.82,0.00,0.00,180.00,0.00,79DAAFB4
2026-07-12T22:20:55Z,0.00,286.40,26.03,S,0.00,0.00,1009.63,87.11,1006.50,1.72,23.72,0.00,0.00,180.00,0.00,79DAAFB4
2026-07-12T22:03:36Z,0.00,286.40,26.10,S,0.00,0.00,1009.53,86.94,1006.40,1.75,23.75,0.00,0.00,180.00,0.00,79DAAFB4
2026-07-12T21:46:17Z,0.00,286.40,26.15,S,0.00,0.00,1009.13,86.63,1006.00,1.79,23.74,0.00,0.00,180.00,0.00,79DAAFB4
2026-07-12T21:29:09Z,0.00,286.40,26.25,S,0.00,0.00,1009.03,87.14,1005.90,1.72,23.94,0.00,0.00,180.00,0.00,79DAAFB4
2026-07-12T21:11:49Z,0.00,286.40,26.22,S,0.00,0.00,1009.13,86.44,1006.00,1.82,23.77,0.00,0.00,180.00,0.00,79DAAFB4
2026-07-12T20:54:40Z,0.00,286.40,26.12,S,0.00,0.00,1008.93,86.58,1005.80,1.80,23.70,0.00,0.00,180.00,0.00,79DAAFB4
2026-07-12T20:37:32Z,0.00,286.40,26.13,S,0.00,0.00,1008.73,86.06,1005.60,1.87,23.61,0.00,0.00,180.00,0.00,79DAAFB4
2026-07-12T20:20:24Z,0.00,286.40,26.06,S,0.00,0.00,1009.03,86.07,1005.90,1.87,23.55,0.00,0.00,180.00,0.00,79DAAFB4
2026-07-12T20:03:16Z,0.00,286.40,26.10,WSW,0.00,0.00,1009.43,85.70,1006.30,1.92,23.51,0.00,0.00,242.00,0.00,79DAAFB4
2026-07-12T19:46:08Z,0.00,286.40,26.10,S,0.00,0.00,1009.73,86.88,1006.60,1.75,23.74,0.00,0.00,180.00,0.00,79DAAFB4
2026-07-12T19:29:00Z,0.00,286.40,26.07,S,0.00,0.00,1009.83,87.86,1006.70,1.62,23.90,0.00,0.00,180.00,0.00,79DAAFB4
2026-07-12T19:11:41Z,0.00,286.40,25.99,S,0.00,0.00,1009.93,87.42,1006.80,1.68,23.74,0.00,0.00,180.00,0.00,79DAAFB4
2026-07-12T18:54:22Z,0.00,286.40,26.03,S,0.00,0.00,1010.23,86.76,1007.10,1.77,23.65,0.00,0.00,180.00,0.00,79DAAFB4
2026-07-12T18:37:13Z,0.00,286.40,26.20,S,0.00,0.00,1010.43,87.05,1007.30,1.73,23.87,0.00,0.00,180.00,0.00,79DAAFB4
2026-07-12T18:20:05Z,0.00,286.40,26.21,S,0.00,0.00,1010.53,86.77,1007.40,1.77,23.83,0.00,0.00,180.00,0.00,79DAAFB4
2026-07-12T18:02:57Z,0.00,286.40,26.18,S,0.00,0.00,1010.53,86.89,1007.40,1.75,23.82,0.00,0.00,180.00,0.00,79DAAFB4
2026-07-12T17:45:38Z,0.00,286.40,26.18,S,0.00,0.00,1010.43,87.53,1007.30,1.67,23.94,0.00,0.00,180.00,0.00,79DAAFB4
2026-07-12T17:28:29Z,0.00,286.40,26.11,S,0.00,0.00,1010.63,88.96,1007.50,1.47,24.14,0.00,0.00,180.00,0.00,79DAAFB4
2026-07-12T17:11:20Z,0.00,286.40,26.04,S,0.00,0.00,1010.73,89.81,1007.60,1.35,24.23,0.00,0.00,180.00,0.00,79DAAFB4
2026-07-12T16:54:01Z,0.00,286.40,26.02,S,0.00,0.00,1011.03,89.88,1007.90,1.34,24.23,0.00,0.00,180.00,0.00,79DAAFB4
2026-07-12T16:36:53Z,0.00,286.40,26.06,S,0.00,0.00,1011.43,90.20,1008.30,1.29,24.33,0.00,0.00,180.00,0.00,79DAAFB4
2026-07-12T16:19:45Z,0.00,286.40,25.95,S,0.00,0.00,1011.43,90.33,1008.30,1.27,24.24,0.00,0.00,180.00,0.00,79DAAFB4
2026-07-12T16:02:26Z,0.00,286.40,25.90,S,0.00,0.00,1011.43,90.05,1008.30,1.31,24.14,0.00,0.00,180.00,0.00,79DAAFB4
2026-07-12T15:45:07Z,0.00,286.40,25.87,S,0.00,0.00,1011.33,90.22,1008.20,1.29,24.14,0.00,0.00,180.00,0.00,79DAAFB4
2026-07-12T15:27:59Z,0.00,286.40,25.81,S,0.00,0.00,1011.33,91.45,1008.20,1.12,24.31,0.00,0.00,180.00,0.00,79DAAFB4
2026-07-12T15:10:39Z,0.00,286.40,25.69,S,0.00,0.00,1011.03,91.31,1007.90,1.14,24.16,0.00,0.00,180.00,0.00,79DAAFB4
2026-07-12T14:53:30Z,0.00,286.40,25.64,S,0.00,0.00,1011.03,91.35,1007.90,1.13,24.12,0.00,0.00,180.00,0.00,79DAAFB4
2026-07-12T14:36:22Z,0.00,286.40,25.57,S,0.00,0.00,1010.93,91.13,1007.80,1.16,24.01,0.00,0.00,180.00,0.00,79DAAFB4
2026-07-12T14:19:03Z,0.00,286.40,25.47,S,0.00,0.00,1010.83,92.04,1007.70,1.03,24.08,0.00,0.00,180.00,0.00,79DAAFB4
2026-07-12T14:01:55Z,0.00,286.40,25.36,S,0.00,0.00,1010.93,91.11,1007.80,1.16,23.80,0.00,0.00,180.00,0.00,79DAAFB4
2026-07-12T13:44:47Z,0.00,286.40,25.50,S,0.00,0.00,1010.83,92.23,1007.70,1.01,24.14,0.00,0.00,180.00,0.00,79DAAFB4
2026-07-12T13:27:28Z,0.00,286.40,25.39,S,0.00,0.00,1010.73,91.72,1007.60,1.08,23.94,0.00,0.00,180.00,0.00,79DAAFB4
2026-07-12T13:10:20Z,0.00,286.40,25.39,S,0.00,0.00,1010.63,93.36,1007.50,0.85,24.24,0.00,0.00,180.00,0.00,79DAAFB4
2026-07-12T12:53:00Z,0.00,286.40,25.33,S,0.00,0.00,1010.33,92.61,1007.20,0.95,24.04,0.00,0.00,180.00,0.00,79DAAFB4
2026-07-12T12:35:41Z,0.00,286.40,25.43,S,0.00,0.00,1010.13,91.94,1007.00,1.05,24.02,0.00,0.00,180.00,0.00,79DAAFB4
2026-07-12T12:18:33Z,4.40,286.40,26.04,S,0.00,0.00,1009.83,91.79,1006.70,1.07,24.60,0.00,0.00,180.00,0.00,79DAAFB4
2026-07-12T12:01:13Z,0.00,282.00,29.60,S,0.00,0.00,1009.43,77.72,1006.30,3.20,25.29,0.00,0.00,180.00,0.00,79DAAFB4
2026-07-12T11:41:52Z,0.00,282.00,29.65,S,0.00,0.00,1019.58,76.60,1005.60,3.37,25.09,0.00,0.00,180.00,0.00,79DAAFB4
2026-07-12T11:24:44Z,0.00,282.00,29.75,S,0.00,0.00,1019.38,76.22,1005.40,3.43,25.11,0.00,0.00,180.00,0.00,79DAAFB4
2026-07-12T11:07:24Z,0.00,282.00,29.87,S,0.00,0.00,1019.08,75.64,1005.10,3.53,25.09,0.00,0.00,180.00,0.00,79DAAFB4
2026-07-12T10:50:15Z,0.00,282.00,29.99,S,0.00,0.00,1018.88,74.85,1004.90,3.65,25.03,0.00,0.00,180.00,0.00,79DAAFB4
2026-07-12T10:33:07Z,0.00,282.00,30.15,S,0.00,0.00,1018.58,73.73,1004.60,3.83,24.93,0.00,0.00,180.00,0.00,79DAAFB4
2026-07-12T10:15:59Z,0.00,282.00,30.46,NNE,1.30,3.89,1018.68,71.91,1004.70,4.14,24.81,0.00,0.00,30.00,0.00,79DAAFB4
2026-07-12T09:58:51Z,0.00,282.00,30.70,S,0.00,0.00,1018.18,71.77,1004.20,4.17,25.01,0.00,0.00,180.00,0.00,79DAAFB4
2026-07-12T09:41:43Z,0.00,282.00,31.17,S,0.00,0.00,1018.08,68.01,1004.10,4.80,24.56,0.00,0.00,180.00,0.00,79DAAFB4
2026-07-12T09:24:35Z,0.00,282.00,31.25,SSW,3.10,3.85,1017.98,67.94,1004.00,4.82,24.62,0.00,0.00,210.00,1.76,79DAAFB4
2026-07-12T09:07:27Z,0.00,282.00,31.38,N,0.00,0.00,1017.98,69.34,1004.00,4.60,25.08,0.00,0.00,10.00,0.00,79DAAFB4
2026-07-12T08:50:08Z,0.00,282.00,31.35,S,0.00,0.00,1017.98,69.46,1004.00,4.58,25.08,0.00,0.00,180.00,0.00,79DAAFB4
2026-07-12T08:32:59Z,0.00,282.00,31.86,S,0.00,0.00,1017.88,67.09,1003.90,5.01,24.98,0.00,0.00,180.00,0.00,79DAAFB4
2026-07-12T08:15:51Z,0.00,282.00,32.32,S,0.00,0.00,1018.08,65.95,1004.10,5.23,25.13,0.00,0.00,180.00,0.00,79DAAFB4
2026-07-12T07:58:43Z,0.00,282.00,32.81,S,0.00,0.00,1017.88,63.31,1003.90,5.72,24.91,0.00,0.00,180.00,0.00,79DAAFB4
2026-07-12T07:41:24Z,0.00,282.00,33.58,NE,0.00,0.00,1017.98,60.72,1004.00,6.24,24.93,0.00,0.00,47.00,0.00,79DAAFB4
2026-07-12T07:24:15Z,0.00,282.00,33.68,S,0.00,0.00,1018.08,60.25,1004.10,6.33,24.90,0.00,0.00,180.00,0.00,79DAAFB4
2026-07-12T07:07:06Z,0.00,282.00,32.75,S,0.00,0.00,1018.38,62.41,1004.40,5.87,24.61,0.00,0.00,180.00,0.00,79DAAFB4
2026-07-12T06:49:47Z,0.00,282.00,31.71,SSW,0.00,0.00,1018.78,65.49,1004.80,5.26,24.44,0.00,0.00,211.00,0.00,79DAAFB4
2026-07-12T06:32:39Z,0.00,282.00,31.04,ENE,0.00,0.00,1019.18,73.44,1005.20,3.93,25.72,0.00,0.00,70.00,0.00,79DAAFB4
2026-07-12T06:15:31Z,0.00,282.00,31.10,S,0.00,0.00,1019.48,71.48,1005.50,4.24,25.33,0.00,0.00,180.00,0.00,79DAAFB4
2026-07-12T05:58:12Z,0.00,282.00,31.36,S,0.00,0.00,1019.68,70.97,1005.70,4.34,25.45,0.00,0.00,180.00,0.00,79DAAFB4
2026-07-12T05:40:53Z,0.00,282.00,31.50,S,0.00,0.00,1019.68,69.54,1005.70,4.58,25.24,0.00,0.00,180.00,0.00,79DAAFB4
2026-07-12T05:23:45Z,0.00,282.00,31.16,S,0.00,0.00,1019.88,68.55,1005.90,4.72,24.68,0.00,0.00,180.00,0.00,79DAAFB4
2026-07-12T05:06:25Z,0.00,282.00,31.57,S,0.00,0.00,1019.78,66.46,1005.80,5.09,24.55,0.00,0.00,180.00,0.00,79DAAFB4
2026-07-12T04:49:16Z,0.00,282.00,31.48,ENE,0.61,1.87,1019.68,68.03,1005.70,4.82,24.86,0.00,0.00,66.00,0.00,79DAAFB4
2026-07-12T04:32:08Z,0.00,282.00,32.01,S,0.00,0.00,1019.78,68.37,1005.80,4.81,25.44,0.00,0.00,176.00,0.00,79DAAFB4
2026-07-12T04:15:00Z,0.00,282.00,30.43,SW,0.00,0.00,1020.28,77.87,1006.30,3.21,26.13,0.00,0.00,217.00,0.00,79DAAFB4
2026-07-12T03:57:52Z,0.00,282.00,29.77,S,0.00,0.00,1020.58,83.71,1006.60,2.31,26.71,0.00,0.00,180.00,0.00,79DAAFB4
2026-07-12T03:40:44Z,0.00,282.00,30.04,S,0.00,0.00,1020.38,82.41,1006.40,2.51,26.71,0.00,0.00,180.00,0.00,79DAAFB4
2026-07-12T03:23:36Z,0.00,282.00,31.43,S,0.00,0.00,1020.18,78.10,1006.20,3.22,27.14,0.00,0.00,180.00,0.00,79DAAFB4
2026-07-12T03:06:28Z,0.00,282.00,32.13,SSW,0.00,0.00,1020.28,69.38,1006.30,4.65,25.81,0.00,0.00,204.00,0.00,79DAAFB4
2026-07-12T02:49:09Z,0.00,282.00,31.60,S,0.00,0.00,1020.58,70.50,1006.60,4.43,25.57,0.00,0.00,180.00,0.00,79DAAFB4
2026-07-12T02:32:00Z,0.00,282.00,31.37,S,0.00,0.00,1020.68,69.50,1006.70,4.58,25.11,0.00,0.00,180.00,0.00,79DAAFB4
2026-07-12T02:14:52Z,0.00,282.00,30.93,WSW,0.00,0.00,1020.68,69.86,1006.70,4.49,24.78,0.00,0.00,244.00,0.00,79DAAFB4
2026-07-12T01:57:44Z,0.00,282.00,30.66,S,0.00,0.00,1020.78,70.76,1006.80,4.33,24.73,0.00,0.00,180.00,0.00,79DAAFB4
2026-07-12T01:40:25Z,0.00,282.00,30.11,S,0.00,0.00,1020.48,74.42,1006.50,3.73,25.05,0.00,0.00,180.00,0.00,79DAAFB4
2026-07-12T01:23:16Z,0.00,282.00,29.53,N,0.00,0.00,1020.28,76.48,1006.30,3.38,24.95,0.00,0.00,355.00,0.00,79DAAFB4
2026-07-12T01:06:07Z,0.00,282.00,29.39,S,0.00,0.00,1020.38,80.86,1006.40,2.72,25.75,0.00,0.00,180.00,0.00,79DAAFB4
2026-07-12T00:48:48Z,0.00,282.00,29.37,S,0.00,0.00,1020.28,82.56,1006.30,2.46,26.09,0.00,0.00,180.00,0.00,79DAAFB4
2026-07-12T00:31:40Z,0.00,282.00,29.24,S,0.00,0.00,1020.18,82.93,1006.20,2.41,26.03,0.00,0.00,180.00,0.00,79DAAFB4
2026-07-12T00:14:32Z,0.00,282.00,28.79,S,0.00,0.00,1019.98,83.98,1006.00,2.24,25.81,0.00,0.00,180.00,0.00,79DAAFB4
2026-07-11T23:57:13Z,0.00,282.00,28.68,S,0.00,0.00,1019.68,84.53,1005.70,2.15,25.81,0.00,0.00,180.00,0.00,79DAAFB4
2026-07-11T23:39:54Z,0.00,282.00,28.41,S,0.00,0.00,1019.48,85.12,1005.50,2.06,25.66,0.00,0.00,180.00,0.00,79DAAFB4
2026-07-11T23:22:45Z,0.00,282.00,28.18,S,0.00,0.00,1019.18,85.65,1005.20,1.98,25.54,0.00,0.00,180.00,0.00,79DAAFB4
2026-07-11T23:05:37Z,0.00,282.00,28.11,S,0.00,0.00,1019.08,85.85,1005.10,1.95,25.51,0.00,0.00,180.00,0.00,79DAAFB4
2026-07-11T22:48:29Z,0.00,282.00,28.05,S,0.00,0.00,1018.88,86.10,1004.90,1.91,25.50,0.00,0.00,180.00,0.00,79DAAFB4
2026-07-11T22:31:10Z,0.00,282.00,28.02,S,0.00,0.00,1018.98,86.11,1005.00,1.91,25.48,0.00,0.00,175.00,0.00,79DAAFB4
2026-07-11T22:14:01Z,0.00,282.00,28.04,S,0.00,0.00,1018.98,85.98,1005.00,1.93,25.47,0.00,0.00,180.00,0.00,79DAAFB4
2026-07-11T21:56:52Z,0.00,282.00,28.17,S,0.00,0.00,1018.88,85.23,1004.90,2.04,25.45,0.00,0.00,180.00,0.00,79DAAFB4
2026-07-11T21:39:44Z,0.00,282.00,28.17,S,0.00,0.00,1018.88,85.03,1004.90,2.07,25.41,0.00,0.00,180.00,0.00,79DAAFB4
2026-07-11T21:22:36Z,0.00,282.00,28.23,SSW,0.79,2.45,1018.78,84.76,1004.80,2.11,25.42,0.00,0.00,196.00,0.00,79DAAFB4
2026-07-11T21:05:28Z,0.00,282.00,28.29,S,0.00,0.00,1018.78,84.36,1004.80,2.17,25.39,0.00,0.00,180.00,0.00,79DAAFB4
2026-07-11T20:48:19Z,0.00,282.00,28.18,S,0.00,0.00,1018.78,84.43,1004.80,2.15,25.30,0.00,0.00,180.00,0.00,79DAAFB4
2026-07-11T20:31:00Z,0.00,282.00,28.29,S,0.00,0.00,1018.78,84.09,1004.80,2.21,25.34,0.00,0.00,180.00,0.00,79DAAFB4
2026-07-11T20:13:52Z,0.00,282.00,28.34,S,0.00,0.00,1018.88,83.80,1004.90,2.25,25.33,0.00,0.00,180.00,0.00,79DAAFB4
2026-07-11T19:56:32Z,0.00,282.00,28.43,S,2.05,3.46,1018.98,83.42,1005.00,2.31,25.34,0.00,0.00,179.00,0.00,79DAAFB4
2026-07-11T19:39:23Z,0.00,282.00,28.47,S,0.00,0.00,1018.98,83.00,1005.00,2.37,25.30,0.00,0.00,180.00,0.00,79DAAFB4
2026-07-11T19:22:15Z,0.00,282.00,28.46,S,0.00,0.00,1018.98,82.73,1005.00,2.41,25.23,0.00,0.00,180.00,0.00,79DAAFB4
2026-07-11T19:04:56Z,0.00,282.00,28.45,S,0.00,0.00,1018.98,82.80,1005.00,2.40,25.24,0.00,0.00,180.00,0.00,79DAAFB4
2026-07-11T18:47:48Z,0.00,282.00,28.53,S,0.00,0.00,1019.08,82.69,1005.10,2.42,25.29,0.00,0.00,180.00,0.00,79DAAFB4
2026-07-11T18:30:40Z,0.00,282.00,28.53,S,0.00,0.00,1019.18,82.72,1005.20,2.41,25.30,0.00,0.00,180.00,0.00,79DAAFB4
2026-07-11T18:13:32Z,0.00,282.00,28.60,S,0.00,0.00,1019.38,82.64,1005.40,2.43,25.35,0.00,0.00,176.00,0.00,79DAAFB4
2026-07-11T17:54:47Z,0.00,282.00,28.78,S,0.00,0.00,1019.48,82.22,1005.50,2.49,25.44,0.00,0.00,180.00,0.00,79DAAFB4
2026-07-11T17:37:39Z,0.00,282.00,28.94,S,0.00,0.00,1019.68,81.41,1005.70,2.62,25.43,0.00,0.00,180.00,0.00,79DAAFB4
2026-07-11T17:20:31Z,0.00,282.00,28.96,S,0.00,0.00,1020.08,81.33,1006.10,2.63,25.43,0.00,0.00,177.00,0.00,79DAAFB4
2026-07-11T17:03:23Z,0.00,282.00,29.04,S,0.00,0.00,1020.18,80.75,1006.20,2.72,25.39,0.00,0.00,180.00,0.00,79DAAFB4
2026-07-11T16:46:15Z,0.00,282.00,29.14,S,0.00,0.00,1020.38,80.43,1006.40,2.77,25.42,0.00,0.00,180.00,0.00,79DAAFB4
2026-07-11T16:28:56Z,0.00,282.00,29.28,S,0.00,0.00,1020.48,79.91,1006.50,2.85,25.45,0.00,0.00,180.00,0.00,79DAAFB4
2026-07-11T16:11:47Z,0.00,282.00,29.30,S,0.00,0.00,1020.68,79.45,1006.70,2.92,25.37,0.00,0.00,180.00,0.00,79DAAFB4
2026-07-11T15:54:39Z,0.00,282.00,29.33,S,0.00,0.00,1020.88,79.38,1006.90,2.94,25.38,0.00,0.00,180.00,0.00,79DAAFB4
2026-07-11T15:37:31Z,0.00,282.00,29.53,SW,0.00,0.00,1021.08,78.49,1007.10,3.08,25.39,0.00,0.00,233.00,0.00,79DAAFB4
2026-07-11T15:20:12Z,0.00,282.00,29.55,SSW,0.00,0.00,1021.08,78.37,1007.10,3.10,25.38,0.00,0.00,213.00,0.00,79DAAFB4
2026-07-11T15:03:03Z,0.00,282.00,29.66,S,0.00,0.00,1020.88,77.24,1006.90,3.27,25.24,0.00,0.00,180.00,0.00,79DAAFB4
2026-07-11T14:45:54Z,0.00,282.00,29.86,S,0.00,0.00,1020.78,76.57,1006.80,3.38,25.29,0.00,0.00,180.00,0.00,79DAAFB4
2026-07-11T14:28:35Z,0.00,282.00,30.03,S,0.00,0.00,1020.68,75.78,1006.70,3.51,25.28,0.00,0.00,180.00,0.00,79DAAFB4
2026-07-11T14:11:27Z,0.00,282.00,30.12,S,0.00,0.00,1020.78,74.85,1006.80,3.66,25.16,0.00,0.00,180.00,0.00,79DAAFB4
2026-07-11T13:54:19Z,0.00,282.00,30.23,S,0.00,0.00,1020.68,73.72,1006.70,3.84,25.01,0.00,0.00,180.00,0.00,79DAAFB4
2026-07-11T13:36:53Z,0.00,282.00,30.42,S,0.00,0.00,1020.38,72.56,1006.40,4.03,24.93,0.00,0.00,180.00,0.00,79DAAFB4
2026-07-11T13:19:34Z,0.00,282.00,30.59,S,0.00,0.00,1020.18,71.76,1006.20,4.17,24.90,0.00,0.00,180.00,0.00,79DAAFB4
2026-07-11T13:02:25Z,0.00,282.00,30.80,ESE,0.79,2.38,1019.68,71.23,1005.70,4.26,24.98,0.00,0.00,115.00,0.00,79DAAFB4
2026-07-11T12:45:16Z,0.00,282.00,31.04,S,0.00,0.00,1018.88,70.45,1004.90,4.40,25.02,0.00,0.00,180.00,0.00,79DAAFB4
2026-07-11T12:27:57Z,0.00,282.00,31.26,S,0.00,0.00,1018.58,69.51,1004.60,4.57,25.01,0.00,0.00,180.00,0.00,79DAAFB4
2026-07-11T12:10:49Z,0.00,282.00,31.43,S,0.00,0.00,1018.38,68.85,1004.40,4.69,25.01,0.00,0.00,180.00,0.00,79DAAFB4
2026-07-11T11:53:41Z,0.00,282.00,31.59,NE,0.00,0.00,1018.08,67.95,1004.10,4.85,24.94,0.00,0.00,51.00,0.00,79DAAFB4
2026-07-11T11:36:22Z,0.00,282.00,31.81,S,0.00,0.00,1017.58,66.56,1003.60,5.09,24.80,0.00,0.00,180.00,0.00,79DAAFB4
2026-07-11T11:19:03Z,0.00,282.00,32.16,S,0.00,0.00,1017.38,66.02,1003.40,5.21,25.00,0.00,0.00,180.00,0.00,79DAAFB4
2026-07-11T11:01:54Z,0.00,282.00,32.85,SE,0.00,0.00,1017.08,63.44,1003.10,5.70,24.98,0.00,0.00,134.00,0.00,79DAAFB4
2026-07-11T10:44:46Z,0.00,282.00,33.50,E,0.00,0.00,1016.58,60.59,1002.60,6.26,24.82,0.00,0.00,79.00,0.00,79DAAFB4
2026-07-11T10:27:38Z,0.00,282.00,34.28,S,0.00,0.00,1016.38,57.98,1002.40,6.80,24.81,0.00,0.00,180.00,0.00,79DAAFB4
2026-07-11T10:10:19Z,0.00,282.00,34.41,S,0.00,0.00,1016.18,56.67,1002.20,7.06,24.55,0.00,0.00,180.00,0.00,79DAAFB4
2026-07-11T09:53:10Z,0.00,282.00,34.48,S,0.00,0.00,1016.18,56.71,1002.20,7.06,24.63,0.00,0.00,180.00,0.00,79DAAFB4
2026-07-11T09:36:01Z,0.00,282.00,35.03,SW,0.00,0.00,1016.08,55.23,1002.10,7.40,24.69,0.00,0.00,218.00,0.00,79DAAFB4
2026-07-11T09:17:16Z,0.00,282.00,35.88,S,0.00,0.00,1015.78,52.08,1001.80,8.11,24.50,0.00,0.00,180.00,0.00,79DAAFB4
2026-07-11T08:58:22Z,0.00,282.00,36.89,S,0.00,0.00,1013.67,50.32,1002.10,8.60,24.84,0.00,0.00,180.00,0.00,79DAAFB4
2026-07-11T08:41:14Z,0.00,282.00,38.41,S,0.00,0.00,1013.57,48.61,1002.00,9.18,25.65,0.00,0.00,180.00,0.00,79DAAFB4
2026-07-11T08:24:06Z,0.00,282.00,37.13,S,0.00,0.00,1013.67,51.47,1002.10,8.40,25.44,0.00,0.00,180.00,0.00,79DAAFB4
2026-07-11T08:06:58Z,0.00,282.00,37.38,S,0.00,0.00,1013.87,50.08,1002.30,8.72,25.21,0.00,0.00,180.00,0.00,79DAAFB4
2026-07-11T07:49:50Z,0.00,282.00,37.22,S,0.00,0.00,1014.07,49.41,1002.50,8.84,24.84,0.00,0.00,177.00,0.00,79DAAFB4
2026-07-11T07:32:31Z,0.00,282.00,38.05,SSW,0.00,0.00,1014.37,48.34,1002.80,9.18,25.23,0.00,0.00,206.00,0.00,79DAAFB4
2026-07-11T07:15:22Z,0.00,282.00,38.36,W,0.83,2.52,1014.87,46.72,1003.30,9.58,24.94,0.00,0.00,277.00,0.00,79DAAFB4
2026-07-11T06:58:14Z,0.00,282.00,36.86,S,0.00,0.00,1014.97,51.01,1003.40,8.46,25.05,0.00,0.00,180.00,0.00,79DAAFB4
2026-07-11T06:41:06Z,0.00,282.00,36.46,ESE,0.79,2.41,1015.37,51.31,1003.80,8.34,24.78,0.00,0.00,108.00,0.00,79DAAFB4
2026-07-11T06:23:47Z,0.00,282.00,36.16,S,0.00,0.00,1015.87,52.86,1004.30,8.00,25.00,0.00,0.00,180.00,0.00,79DAAFB4
2026-07-11T06:06:38Z,0.00,282.00,34.81,NE,0.00,0.00,1016.27,54.98,1004.70,7.42,24.41,0.00,0.00,40.00,0.00,79DAAFB4
2026-07-11T05:49:29Z,0.00,282.00,35.44,S,0.00,0.00,1016.37,54.38,1004.80,7.61,24.81,0.00,0.00,180.00,0.00,79DAAFB4
2026-07-11T05:32:10Z,0.00,282.00,34.50,N,1.22,3.67,1016.87,57.62,1005.30,6.89,24.91,0.00,0.00,355.00,0.00,79DAAFB4
2026-07-11T05:15:02Z,0.00,282.00,34.12,S,0.00,0.00,1017.07,58.06,1005.50,6.77,24.69,0.00,0.00,180.00,0.00,79DAAFB4
2026-07-11T04:57:54Z,0.00,282.00,34.59,S,0.00,0.00,1017.47,56.87,1005.90,7.04,24.78,0.00,0.00,180.00,0.00,79DAAFB4
2026-07-11T04:40:35Z,0.00,282.00,33.75,S,1.55,2.81,1017.57,58.30,1006.00,6.69,24.41,0.00,0.00,176.00,0.00,79DAAFB4
2026-07-11T04:23:16Z,0.00,282.00,33.63,S,0.00,0.00,1017.87,60.75,1006.30,6.24,24.99,0.00,0.00,180.00,0.00,79DAAFB4
2026-07-11T04:06:08Z,0.00,282.00,33.13,S,0.00,0.00,1017.97,61.39,1006.40,6.08,24.69,0.00,0.00,180.00,0.00,79DAAFB4
2026-07-11T03:48:48Z,0.00,282.00,33.04,S,0.00,0.00,1017.97,62.61,1006.40,5.86,24.94,0.00,0.00,180.00,0.00,79DAAFB4
2026-07-11T03:31:39Z,0.00,282.00,32.78,S,0.00,0.00,1018.07,64.77,1006.50,5.47,25.26,0.00,0.00,180.00,0.00,79DAAFB4
2026-07-11T03:14:31Z,0.00,282.00,32.62,S,0.00,0.00,1018.37,67.00,1006.80,5.08,25.68,0.00,0.00,180.00,0.00,79DAAFB4
2026-07-11T02:57:23Z,0.00,282.00,32.11,S,0.00,0.00,1018.37,68.70,1006.80,4.76,25.62,0.00,0.00,180.00,0.00,79DAAFB4
2026-07-11T02:40:15Z,0.00,282.00,31.61,S,0.00,0.00,1018.47,70.80,1006.90,4.39,25.65,0.00,0.00,180.00,0.00,79DAAFB4
2026-07-11T02:23:07Z,0.00,282.00,31.33,S,0.00,0.00,1018.57,71.79,1007.00,4.21,25.62,0.00,0.00,180.00,0.00,79DAAFB4
2026-07-11T02:05:59Z,0.00,282.00,30.91,S,0.00,0.00,1018.67,74.18,1007.10,3.81,25.77,0.00,0.00,180.00,0.00,79DAAFB4
2026-07-11T01:48:40Z,0.00,282.00,30.59,S,0.00,0.00,1018.87,76.62,1007.30,3.41,26.01,0.00,0.00,180.00,0.00,79DAAFB4
2026-07-11T01:31:21Z,0.00,282.00,30.25,S,0.00,0.00,1018.77,78.91,1007.20,3.05,26.18,0.00,0.00,180.00,0.00,79DAAFB4
2026-07-11T01:14:13Z,0.00,282.00,29.71,NNW,0.00,0.00,1018.87,80.35,1007.30,2.81,25.96,0.00,0.00,338.00,0.00,79DAAFB4
2026-07-11T00:56:53Z,0.00,282.00,29.24,S,0.00,0.00,1018.77,82.98,1007.20,2.40,26.04,0.00,0.00,180.00,0.00,79DAAFB4
2026-07-11T00:39:44Z,0.00,282.00,28.60,S,0.00,0.00,1018.57,85.59,1007.00,2.00,25.94,0.00,0.00,180.00,0.00,79DAAFB4
2026-07-11T00:22:36Z,0.00,282.00,28.45,S,0.00,0.00,1018.57,86.35,1007.00,1.88,25.94,0.00,0.00,180.00,0.00,79DAAFB4
2026-07-11T00:05:28Z,0.00,282.00,28.32,SSW,0.00,0.00,1018.37,86.57,1006.80,1.85,25.86,0.00,0.00,199.00,0.00,79DAAFB4
2026-07-10T23:48:20Z,0.00,282.00,28.16,S,0.00,0.00,1018.47,87.79,1006.90,1.67,25.94,0.00,0.00,180.00,0.00,79DAAFB4
2026-07-10T23:31:12Z,0.00,282.00,27.90,S,0.00,0.00,1018.17,88.17,1006.60,1.61,25.76,0.00,0.00,180.00,0.00,79DAAFB4
2026-07-10T23:14:04Z,0.00,282.00,27.63,S,0.00,0.00,1018.07,88.94,1006.50,1.50,25.64,0.00,0.00,180.00,0.00,79DAAFB4
2026-07-10T22:56:56Z,0.00,282.00,27.55,S,0.00,0.00,1017.77,89.27,1006.20,1.45,25.62,0.00,0.00,180.00,0.00,79DAAFB4
2026-07-10T22:39:37Z,0.00,282.00,27.65,S,0.00,0.00,1017.77,88.76,1006.20,1.52,25.62,0.00,0.00,180.00,0.00,79DAAFB4
2026-07-10T22:22:28Z,0.00,282.00,27.66,S,0.00,0.00,1017.67,88.44,1006.10,1.57,25.57,0.00,0.00,180.00,0.00,79DAAFB4
2026-07-10T22:05:20Z,0.00,282.00,27.70,S,0.00,0.00,1017.77,88.53,1006.20,1.55,25.63,0.00,0.00,180.00,0.00,79DAAFB4
2026-07-10T21:48:12Z,0.00,282.00,27.82,S,0.00,0.00,1017.67,87.95,1006.10,1.64,25.64,0.00,0.00,180.00,0.00,79DAAFB4
2026-07-10T21:30:53Z,0.00,282.00,27.87,S,0.00,0.00,1017.67,87.70,1006.10,1.68,25.64,0.00,0.00,180.00,0.00,79DAAFB4
2026-07-10T21:13:44Z,0.00,282.00,27.94,S,0.00,0.00,1017.77,87.36,1006.20,1.73,25.64,0.00,0.00,180.00,0.00,79DAAFB4
2026-07-10T20:56:35Z,0.00,282.00,27.99,S,0.00,0.00,1017.87,87.07,1006.30,1.77,25.63,0.00,0.00,180.00,0.00,79DAAFB4
2026-07-10T20:39:16Z,0.00,282.00,28.04,WSW,0.00,0.00,1017.87,86.56,1006.30,1.84,25.58,0.00,0.00,241.00,0.00,79DAAFB4
2026-07-10T20:22:08Z,0.00,282.00,28.09,S,0.00,0.00,1017.77,86.07,1006.20,1.92,25.54,0.00,0.00,180.00,0.00,79DAAFB4
2026-07-10T20:05:00Z,0.00,282.00,28.18,S,0.00,0.00,1017.87,85.17,1006.30,2.05,25.45,0.00,0.00,180.00,0.00,79DAAFB4
2026-07-10T19:47:41Z,0.00,282.00,28.25,SW,0.00,0.00,1017.77,84.36,1006.20,2.17,25.36,0.00,0.00,225.00,0.00,79DAAFB4
2026-07-10T19:30:22Z,0.00,282.00,28.29,S,0.00,0.00,1017.67,83.39,1006.10,2.31,25.20,0.00,0.00,180.00,0.00,79DAAFB4
2026-07-10T19:13:13Z,0.00,282.00,28.53,S,0.00,0.00,1017.77,82.51,1006.20,2.44,25.26,0.00,0.00,180.00,0.00,79DAAFB4
2026-07-10T18:56:05Z,0.00,282.00,28.57,S,0.00,0.00,1017.87,82.44,1006.30,2.46,25.28,0.00,0.00,180.00,0.00,79DAAFB4
2026-07-10T18:38:57Z,0.00,282.00,28.51,SSW,0.00,0.00,1018.07,82.41,1006.50,2.46,25.22,0.00,0.00,213.00,0.00,79DAAFB4
2026-07-10T18:21:38Z,0.00,282.00,28.62,S,0.00,0.00,1018.07,82.69,1006.50,2.42,25.38,0.00,0.00,180.00,0.00,79DAAFB4
2026-07-10T18:04:29Z,0.00,282.00,28.64,S,0.00,0.00,1018.27,83.34,1006.70,2.33,25.53,0.00,0.00,180.00,0.00,79DAAFB4
2026-07-10T17:47:20Z,0.00,282.00,28.70,S,0.00,0.00,1018.67,83.02,1007.10,2.37,25.53,0.00,0.00,180.00,0.00,79DAAFB4
2026-07-10T17:28:35Z,0.00,282.00,28.82,S,0.00,0.00,1018.87,82.93,1007.30,2.39,25.62,0.00,0.00,180.00,0.00,79DAAFB4
2026-07-10T17:11:16Z,0.00,282.00,28.94,S,0.00,0.00,1019.17,82.15,1007.60,2.51,25.58,0.00,0.00,180.00,0.00,79DAAFB4
2026-07-10T16:54:07Z,0.00,282.00,29.01,S,0.00,0.00,1019.37,81.60,1007.80,2.59,25.54,0.00,0.00,180.00,0.00,79DAAFB4
2026-07-10T16:36:58Z,0.00,282.00,29.05,S,0.00,0.00,1019.47,81.93,1007.90,2.55,25.64,0.00,0.00,180.00,0.00,79DAAFB4
2026-07-10T16:19:39Z,0.00,282.00,29.20,S,0.00,0.00,1019.77,81.55,1008.20,2.61,25.71,0.00,0.00,180.00,0.00,79DAAFB4
2026-07-10T16:02:31Z,0.00,282.00,29.32,S,0.00,0.00,1019.97,80.86,1008.40,2.72,25.69,0.00,0.00,180.00,0.00,79DAAFB4
2026-07-10T15:45:23Z,0.00,282.00,29.40,NW,0.00,0.00,1019.87,80.56,1008.30,2.76,25.70,0.00,0.00,326.00,0.00,79DAAFB4
2026-07-10T15:28:04Z,0.00,282.00,29.37,S,0.00,0.00,1019.67,80.47,1008.10,2.78,25.65,0.00,0.00,180.00,0.00,79DAAFB4
2026-07-10T15:10:45Z,0.00,282.00,29.49,S,0.00,0.00,1019.67,79.88,1008.10,2.87,25.64,0.00,0.00,180.00,0.00,79DAAFB4
2026-07-10T14:53:37Z,0.00,282.00,29.69,S,0.00,0.00,1019.57,79.06,1008.00,3.00,25.66,0.00,0.00,180.00,0.00,79DAAFB4
2026-07-10T14:36:17Z,0.00,282.00,29.87,S,0.00,0.00,1019.57,78.13,1008.00,3.15,25.64,0.00,0.00,180.00,0.00,79DAAFB4
2026-07-10T14:19:08Z,0.00,282.00,29.98,S,0.00,0.00,1019.37,77.33,1007.80,3.27,25.57,0.00,0.00,180.00,0.00,79DAAFB4
2026-07-10T14:02:00Z,0.00,282.00,30.17,S,0.00,0.00,1019.17,76.35,1007.60,3.43,25.54,0.00,0.00,180.00,0.00,79DAAFB4
2026-07-10T13:44:52Z,0.00,282.00,30.33,S,0.00,0.00,1019.07,75.55,1007.50,3.56,25.52,0.00,0.00,180.00,0.00,79DAAFB4
2026-07-10T13:27:44Z,0.00,282.00,30.50,S,0.00,0.00,1018.77,74.87,1007.20,3.68,25.53,0.00,0.00,180.00,0.00,79DAAFB4
2026-07-10T13:10:36Z,0.00,282.00,30.71,S,0.00,0.00,1018.57,73.88,1007.00,3.84,25.51,0.00,0.00,180.00,0.00,79DAAFB4
2026-07-10T12:53:28Z,0.00,282.00,31.02,S,0.00,0.00,1018.17,72.65,1006.60,4.05,25.52,0.00,0.00,179.00,0.00,79DAAFB4
2026-07-10T12:36:20Z,0.00,282.00,31.23,S,0.00,0.00,1017.97,71.90,1006.40,4.19,25.55,0.00,0.00,180.00,0.00,79DAAFB4
2026-07-10T12:19:01Z,0.00,282.00,31.45,SSW,0.00,0.00,1017.87,71.68,1006.30,4.23,25.71,0.00,0.00,198.00,0.00,79DAAFB4
2026-07-10T12:01:52Z,0.00,282.00,31.76,S,0.00,0.00,1017.77,70.51,1006.20,4.44,25.73,0.00,0.00,180.00,0.00,79DAAFB4
2026-07-10T11:44:44Z,0.00,282.00,32.20,S,0.00,0.00,1017.47,67.86,1005.90,4.91,25.50,0.00,0.00,180.00,0.00,79DAAFB4
2026-07-10T11:27:36Z,0.00,282.00,32.54,S,0.00,0.00,1017.37,65.60,1005.80,5.31,25.25,0.00,0.00,180.00,0.00,79DAAFB4
2026-07-10T11:10:17Z,0.00,282.00,32.99,S,0.00,0.00,1017.07,63.54,1005.50,5.70,25.14,0.00,0.00,180.00,0.00,79DAAFB4
2026-07-10T10:53:07Z,0.00,282.00,33.65,S,0.00,0.00,1016.97,61.19,1005.40,6.16,25.13,0.00,0.00,180.00,0.00,79DAAFB4
2026-07-10T10:35:58Z,0.00,282.00,34.92,S,0.00,0.00,1016.77,56.29,1005.20,7.19,24.91,0.00,0.00,180.00,0.00,79DAAFB4
2026-07-10T10:18:49Z,0.00,282.00,36.30,S,0.00,0.00,1016.57,54.09,1005.00,7.77,25.52,0.00,0.00,180.00,0.00,79DAAFB4
2026-07-10T10:01:30Z,0.00,282.00,36.48,S,0.00,0.00,1016.57,51.18,1005.00,8.37,24.75,0.00,0.00,180.00,0.00,79DAAFB4
2026-07-10T09:44:22Z,0.00,282.00,36.68,S,0.00,0.00,1016.47,49.16,1004.90,8.81,24.26,0.00,0.00,180.00,0.00,79DAAFB4
2026-07-10T09:27:14Z,0.00,282.00,36.22,S,2.45,4.10,1016.67,50.89,1005.10,8.40,24.42,0.00,0.00,187.00,0.00,79DAAFB4
2026-07-10T09:09:55Z,0.00,282.00,37.42,S,0.00,0.00,1016.57,49.63,1005.00,8.82,25.10,0.00,0.00,180.00,0.00,79DAAFB4
2026-07-10T08:52:36Z,0.00,282.00,37.74,S,0.00,0.00,1016.67,48.74,1005.10,9.05,25.08,0.00,0.00,180.00,0.00,79DAAFB4
2026-07-10T08:35:27Z,0.00,282.00,38.53,S,0.00,0.00,1016.57,46.62,1005.00,9.63,25.05,0.00,0.00,180.00,0.00,79DAAFB4
2026-07-10T08:18:19Z,0.00,282.00,37.06,S,0.00,0.00,1016.47,50.06,1004.90,8.68,24.91,0.00,0.00,180.00,0.00,79DAAFB4
2026-07-10T08:01:11Z,0.00,282.00,36.95,S,0.00,0.00,1016.67,48.69,1005.10,8.95,24.35,0.00,0.00,180.00,0.00,79DAAFB4
2026-07-10T07:43:52Z,0.00,282.00,38.04,S,0.00,0.00,1016.87,47.10,1005.30,9.45,24.78,0.00,0.00,180.00,0.00,79DAAFB4
2026-07-10T07:26:43Z,0.00,282.00,38.15,ENE,5.40,6.37,1016.97,46.65,1005.40,9.56,24.72,0.00,0.00,77.00,4.64,79DAAFB4
2026-07-10T07:09:34Z,0.00,282.00,38.29,S,0.00,0.00,1017.27,44.70,1005.70,10.02,24.13,0.00,0.00,180.00,0.00,79DAAFB4
2026-07-10T06:52:26Z,0.00,282.00,38.14,S,0.00,0.00,1017.47,46.05,1005.90,9.69,24.50,0.00,0.00,180.00,0.00,79DAAFB4
2026-07-10T06:35:18Z,0.00,282.00,37.11,SSW,0.72,2.16,1017.47,46.78,1005.90,9.38,23.83,0.00,0.00,201.00,0.00,79DAAFB4
2026-07-10T06:18:09Z,0.00,282.00,37.30,S,0.00,0.00,1017.77,46.08,1006.20,9.56,23.75,0.00,0.00,180.00,0.00,79DAAFB4
2026-07-10T05:58:01Z,0.00,282.00,37.10,W,2.74,4.28,1006.40,45.94,1006.40,9.55,23.52,0.00,0.00,275.00,0.00,79DAAFB4
2026-07-10T05:40:53Z,0.00,282.00,35.81,S,0.00,0.00,1006.60,51.85,1006.60,8.15,24.36,0.00,0.00,180.00,0.00,79DAAFB4
2026-07-10T05:23:45Z,0.00,282.00,35.61,S,0.00,0.00,1006.70,51.23,1006.70,8.25,23.97,0.00,0.00,180.00,0.00,79DAAFB4
2026-07-10T05:06:26Z,0.00,282.00,34.79,N,0.00,0.00,1006.80,53.60,1006.80,7.68,23.97,0.00,0.00,353.00,0.00,79DAAFB4
2026-07-10T04:49:17Z,0.00,282.00,33.89,S,3.56,4.57,1007.20,57.93,1007.20,6.77,24.43,0.00,0.00,188.00,2.77,79DAAFB4
2026-07-10T04:32:08Z,0.00,282.00,33.14,S,0.00,0.00,1007.80,59.90,1007.80,6.34,24.29,0.00,0.00,180.00,0.00,79DAAFB4
2026-07-10T04:14:49Z,0.00,282.00,33.10,S,0.00,0.00,1008.10,61.44,1008.10,6.07,24.68,0.00,0.00,180.00,0.00,79DAAFB4
2026-07-10T03:57:41Z,0.00,282.00,32.56,S,0.00,0.00,1008.20,66.36,1008.20,5.18,25.46,0.00,0.00,180.00,0.00,79DAAFB4
2026-07-10T03:40:33Z,0.00,282.00,32.06,NNE,0.76,2.27,1008.60,68.74,1008.60,4.75,25.58,0.00,0.00,29.00,0.00,79DAAFB4
2026-07-10T03:23:14Z,0.00,282.00,31.90,S,0.00,0.00,1008.80,69.13,1008.80,4.68,25.53,0.00,0.00,180.00,0.00,79DAAFB4
2026-07-10T03:05:55Z,0.00,282.00,31.84,S,0.00,0.00,1008.90,70.36,1008.90,4.47,25.77,0.00,0.00,180.00,0.00,79DAAFB4
2026-07-10T02:48:47Z,0.00,282.00,31.56,WNW,1.12,1.76,1008.80,71.18,1008.80,4.32,25.69,0.00,0.00,299.00,0.00,79DAAFB4
2026-07-10T02:31:27Z,0.00,282.00,31.24,NE,2.05,3.78,1008.90,74.05,1008.90,3.85,26.06,0.00,0.00,41.00,0.00,79DAAFB4
2026-07-10T02:14:18Z,0.00,282.00,30.97,S,0.00,0.00,1008.90,75.35,1008.90,3.63,26.09,0.00,0.00,182.00,0.00,79DAAFB4
2026-07-10T01:57:10Z,0.00,282.00,30.41,S,0.00,0.00,1008.80,78.07,1008.80,3.18,26.15,0.00,0.00,180.00,0.00,79DAAFB4
2026-07-10T01:40:02Z,0.00,282.00,30.32,S,0.00,0.00,1008.90,78.35,1008.90,3.13,26.12,0.00,0.00,180.00,0.00,79DAAFB4
2026-07-10T01:22:54Z,0.00,282.00,29.79,S,0.00,0.00,1008.90,81.04,1008.90,2.71,26.18,0.00,0.00,180.00,0.00,79DAAFB4
2026-07-10T01:05:46Z,0.00,282.00,29.37,S,0.00,0.00,1009.10,83.98,1009.10,2.25,26.37,0.00,0.00,180.00,0.00,79DAAFB4
2026-07-10T00:48:38Z,0.00,282.00,28.91,S,0.00,0.00,1009.00,85.49,1009.00,2.02,26.23,0.00,0.00,180.00,0.00,79DAAFB4
2026-07-10T00:31:30Z,0.00,282.00,28.40,S,0.00,0.00,1009.10,87.73,1009.10,1.68,26.16,0.00,0.00,180.00,0.00,79DAAFB4
2026-07-10T00:14:11Z,0.00,282.00,28.18,S,0.00,0.00,1009.00,89.05,1009.00,1.49,26.20,0.00,0.00,180.00,0.00,79DAAFB4
2026-07-09T23:57:02Z,0.00,282.00,27.90,S,0.00,0.00,1009.00,89.41,1009.00,1.43,25.99,0.00,0.00,180.00,0.00,79DAAFB4
2026-07-09T23:39:54Z,0.00,282.00,27.77,S,0.00,0.00,1008.80,89.88,1008.80,1.36,25.95,0.00,0.00,180.00,0.00,79DAAFB4
2026-07-09T23:22:46Z,0.00,282.00,27.60,S,0.00,0.00,1008.60,90.32,1008.60,1.30,25.87,0.00,0.00,180.00,0.00,79DAAFB4
2026-07-09T23:05:27Z,0.00,282.00,27.47,S,0.00,0.00,1008.30,90.56,1008.30,1.26,25.78,0.00,0.00,180.00,0.00,79DAAFB4
2026-07-09T22:48:18Z,0.00,282.00,27.47,S,0.00,0.00,1008.00,90.33,1008.00,1.30,25.74,0.00,0.00,180.00,0.00,79DAAFB4
2026-07-09T22:31:09Z,0.00,282.00,27.59,S,0.00,0.00,1007.60,89.76,1007.60,1.38,25.75,0.00,0.00,180.00,0.00,79DAAFB4
2026-07-09T22:13:50Z,0.00,282.00,27.56,S,0.00,0.00,1007.70,89.38,1007.70,1.43,25.65,0.00,0.00,180.00,0.00,79DAAFB4
2026-07-09T21:56:42Z,0.00,282.00,27.60,S,0.00,0.00,1007.70,89.43,1007.70,1.43,25.70,0.00,0.00,180.00,0.00,79DAAFB4
2026-07-09T21:39:34Z,0.00,282.00,27.70,S,0.00,0.00,1007.60,88.74,1007.60,1.52,25.67,0.00,0.00,180.00,0.00,79DAAFB4
2026-07-09T21:22:15Z,0.00,282.00,27.76,S,0.00,0.00,1007.60,88.59,1007.60,1.55,25.70,0.00,0.00,180.00,0.00,79DAAFB4
2026-07-09T21:04:56Z,0.00,282.00,27.80,S,0.00,0.00,1007.40,88.23,1007.40,1.60,25.67,0.00,0.00,180.00,0.00,79DAAFB4
2026-07-09T20:47:48Z,0.00,282.00,27.83,S,0.00,0.00,1007.40,87.99,1007.40,1.63,25.65,0.00,0.00,180.00,0.00,79DAAFB4
2026-07-09T20:30:28Z,0.00,282.00,27.88,S,0.00,0.00,1007.40,87.90,1007.40,1.65,25.69,0.00,0.00,180.00,0.00,79DAAFB4
2026-07-09T20:13:19Z,0.00,282.00,28.07,S,0.00,0.00,1007.40,87.65,1007.40,1.69,25.82,0.00,0.00,180.00,0.00,79DAAFB4
2026-07-09T19:56:11Z,0.00,282.00,28.10,S,0.00,0.00,1007.50,87.45,1007.50,1.72,25.81,0.00,0.00,180.00,0.00,79DAAFB4
2026-07-09T19:39:03Z,0.00,282.00,28.10,S,0.00,0.00,1007.50,87.36,1007.50,1.73,25.80,0.00,0.00,180.00,0.00,79DAAFB4
2026-07-09T19:21:55Z,0.00,282.00,28.12,S,0.00,0.00,1007.50,86.98,1007.50,1.78,25.74,0.00,0.00,180.00,0.00,79DAAFB4
2026-07-09T19:04:47Z,0.00,282.00,28.11,S,0.00,0.00,1007.60,86.39,1007.60,1.87,25.62,0.00,0.00,180.00,0.00,79DAAFB4
2026-07-09T18:47:39Z,0.00,282.00,28.21,S,0.00,0.00,1007.70,85.70,1007.70,1.97,25.58,0.00,0.00,180.00,0.00,79DAAFB4
2026-07-09T18:30:31Z,0.00,282.00,28.28,S,0.00,0.00,1007.90,84.85,1007.90,2.10,25.48,0.00,0.00,180.00,0.00,79DAAFB4
2026-07-09T18:13:12Z,0.00,282.00,28.35,S,0.00,0.00,1008.20,84.32,1008.20,2.17,25.45,0.00,0.00,180.00,0.00,79DAAFB4
2026-07-09T17:56:03Z,0.00,282.00,28.42,S,0.00,0.00,1008.50,83.75,1008.50,2.26,25.40,0.00,0.00,180.00,0.00,79DAAFB4
2026-07-09T17:38:55Z,0.00,282.00,28.56,S,0.00,0.00,1008.80,82.76,1008.80,2.41,25.34,0.00,0.00,180.00,0.00,79DAAFB4
2026-07-09T17:21:47Z,0.00,282.00,28.62,S,0.00,0.00,1009.10,82.50,1009.10,2.45,25.34,0.00,0.00,180.00,0.00,79DAAFB4
2026-07-09T17:04:28Z,0.00,282.00,28.68,S,0.00,0.00,1009.10,81.95,1009.10,2.53,25.29,0.00,0.00,180.00,0.00,79DAAFB4
2026-07-09T16:47:19Z,0.00,282.00,28.72,S,0.00,0.00,1009.50,81.80,1009.50,2.55,25.30,0.00,0.00,180.00,0.00,79DAAFB4
2026-07-09T16:30:10Z,0.00,282.00,28.72,S,0.00,0.00,1009.50,81.84,1009.50,2.55,25.30,0.00,0.00,180.00,0.00,79DAAFB4
2026-07-09T16:12:51Z,0.00,282.00,28.76,S,0.00,0.00,1009.50,81.52,1009.50,2.60,25.28,0.00,0.00,180.00,0.00,79DAAFB4
2026-07-09T15:55:43Z,0.00,282.00,28.77,S,0.00,0.00,1009.50,81.70,1009.50,2.57,25.32,0.00,0.00,180.00,0.00,79DAAFB4
2026-07-09T15:38:35Z,0.00,282.00,28.84,S,0.00,0.00,1009.30,81.57,1009.30,2.59,25.37,0.00,0.00,180.00,0.00,79DAAFB4
2026-07-09T15:21:16Z,0.00,282.00,28.98,WSW,0.00,0.00,1009.20,81.00,1009.20,2.68,25.38,0.00,0.00,255.00,0.00,79DAAFB4
2026-07-09T15:03:57Z,0.00,282.00,29.21,S,0.00,0.00,1009.00,80.87,1009.00,2.71,25.58,0.00,0.00,180.00,0.00,79DAAFB4
2026-07-09T14:46:48Z,0.00,282.00,29.45,S,0.00,0.00,1009.00,80.21,1009.00,2.82,25.68,0.00,0.00,180.00,0.00,79DAAFB4
2026-07-09T14:29:40Z,0.00,282.00,29.64,S,0.00,0.00,1008.80,79.25,1008.80,2.97,25.66,0.00,0.00,180.00,0.00,79DAAFB4
2026-07-09T14:12:32Z,0.00,282.00,29.92,S,0.00,0.00,1008.70,77.45,1008.70,3.25,25.54,0.00,0.00,180.00,0.00,79DAAFB4
2026-07-09T13:55:13Z,0.00,282.00,29.94,S,0.00,0.00,1008.60,76.88,1008.60,3.34,25.44,0.00,0.00,180.00,0.00,79DAAFB4
2026-07-09T13:38:04Z,0.00,282.00,29.69,S,0.00,0.00,1008.30,75.60,1008.30,3.52,24.91,0.00,0.00,180.00,0.00,79DAAFB4
2026-07-09T13:20:55Z,0.00,282.00,29.50,S,0.00,0.00,1008.00,71.20,1008.00,4.18,23.73,0.00,0.00,180.00,0.00,79DAAFB4
2026-07-09T13:03:36Z,0.00,282.00,29.52,S,0.00,0.00,1007.70,69.36,1007.70,4.47,23.31,0.00,0.00,180.00,0.00,79DAAFB4
2026-07-09T12:46:28Z,0.00,282.00,29.58,S,0.00,0.00,1007.40,68.55,1007.40,4.60,23.17,0.00,0.00,180.00,0.00,79DAAFB4
2026-07-09T12:29:20Z,0.00,282.00,29.59,S,0.00,0.00,1007.30,67.30,1007.30,4.80,22.88,0.00,0.00,180.00,0.00,79DAAFB4
2026-07-09T12:12:01Z,0.00,282.00,29.61,S,0.00,0.00,1007.20,67.18,1007.20,4.82,22.87,0.00,0.00,180.00,0.00,79DAAFB4
2026-07-09T11:54:42Z,0.00,282.00,29.66,S,0.00,0.00,1006.90,66.48,1006.90,4.93,22.74,0.00,0.00,180.00,0.00,79DAAFB4
2026-07-09T11:37:34Z,0.00,282.00,29.99,S,0.00,0.00,1007.10,65.43,1007.10,5.12,22.79,0.00,0.00,180.00,0.00,79DAAFB4
2026-07-09T11:20:14Z,0.00,282.00,31.76,S,0.00,0.00,1007.40,69.88,1007.40,4.54,25.57,0.00,0.00,180.00,0.00,79DAAFB4
2026-07-09T11:03:05Z,0.00,282.00,31.82,SW,0.00,0.00,1006.80,69.74,1006.80,4.57,25.60,0.00,0.00,235.00,0.00,79DAAFB4
2026-07-09T10:45:57Z,0.00,282.00,32.11,S,0.00,0.00,1006.60,69.18,1006.60,4.68,25.74,0.00,0.00,180.00,0.00,79DAAFB4
2026-07-09T10:28:38Z,0.00,282.00,32.37,S,0.00,0.00,1006.20,67.82,1006.20,4.92,25.65,0.00,0.00,180.00,0.00,79DAAFB4
2026-07-09T10:11:30Z,0.00,282.00,32.55,S,0.00,0.00,1005.90,66.26,1005.90,5.20,25.43,0.00,0.00,180.00,0.00,79DAAFB4
2026-07-09T09:54:22Z,0.00,282.00,32.63,S,0.00,0.00,1005.80,65.93,1005.80,5.26,25.42,0.00,0.00,180.00,0.00,79DAAFB4
2026-07-09T09:37:03Z,0.00,282.00,32.72,S,0.00,0.00,1005.70,64.69,1005.70,5.48,25.19,0.00,0.00,180.00,0.00,79DAAFB4
2026-07-09T09:19:55Z,0.00,282.00,32.92,SSW,0.65,1.94,1005.70,63.93,1005.70,5.62,25.18,0.00,0.00,203.00,0.00,79DAAFB4
2026-07-09T09:02:35Z,0.00,282.00,33.17,S,0.00,0.00,1005.80,62.97,1005.80,5.81,25.16,0.00,0.00,180.00,0.00,79DAAFB4
2026-07-09T08:45:16Z,0.00,282.00,33.63,S,0.00,0.00,1005.60,61.07,1005.60,6.18,25.08,0.00,0.00,180.00,0.00,79DAAFB4
2026-07-09T08:28:08Z,0.00,282.00,34.07,S,0.00,0.00,1005.80,57.76,1005.80,6.82,24.55,0.00,0.00,180.00,0.00,79DAAFB4
2026-07-09T08:10:48Z,0.00,282.00,35.59,S,0.00,0.00,1005.90,53.83,1005.90,7.73,24.78,0.00,0.00,180.00,0.00,79DAAFB4
2026-07-09T07:53:40Z,0.00,282.00,37.13,S,0.00,0.00,1005.80,52.72,1005.80,8.15,25.85,0.00,0.00,180.00,0.00,79DAAFB4
2026-07-09T07:36:32Z,0.00,282.00,24.74,S,0.00,0.00,670.60,34.94,670.60,9.44,8.23,0.00,0.00,180.00,0.00,79DAAFB4
2026-07-09T07:19:24Z,0.00,282.00,36.26,S,2.63,4.18,1006.10,53.86,1006.10,7.81,25.41,0.00,0.00,173.00,0.00,79DAAFB4
2026-07-09T07:02:16Z,0.00,282.00,29.69,S,0.00,0.00,1006.10,76.72,1006.10,3.35,25.16,0.00,0.00,180.00,0.00,79DAAFB4
2026-07-09T06:45:08Z,0.00,282.00,25.18,S,0.00,0.00,1006.90,55.82,1006.90,6.14,15.73,0.00,0.00,180.00,0.00,79DAAFB4
2026-07-09T06:27:49Z,0.00,282.00,25.19,S,0.00,0.00,1007.20,61.52,1007.20,5.29,17.27,0.00,0.00,180.00,0.00,79DAAFB4
2026-07-09T06:10:40Z,0.00,282.00,25.21,S,0.00,0.00,1007.50,58.67,1007.50,5.72,16.54,0.00,0.00,180.00,0.00,79DAAFB4
2026-07-09T05:53:32Z,0.00,282.00,25.21,S,0.00,0.00,1007.60,61.84,1007.60,5.25,17.37,0.00,0.00,180.00,0.00,79DAAFB4
2026-07-09T05:36:13Z,0.00,282.00,25.38,S,0.00,0.00,1007.90,57.77,1007.90,5.87,16.46,0.00,0.00,180.00,0.00,79DAAFB4
2026-07-09T05:19:04Z,0.00,282.00,25.46,S,0.00,0.00,1008.30,54.92,1008.30,6.31,15.74,0.00,0.00,180.00,0.00,79DAAFB4
2026-07-09T05:01:56Z,0.00,282.00,25.39,S,0.00,0.00,1008.60,60.09,1008.60,5.52,17.08,0.00,0.00,180.00,0.00,79DAAFB4
2026-07-09T04:44:47Z,0.00,282.00,25.34,S,0.00,0.00,1008.80,55.72,1008.80,6.17,15.85,0.00,0.00,180.00,0.00,79DAAFB4
2026-07-09T04:27:38Z,0.00,282.00,25.41,S,0.00,0.00,1009.00,58.36,1009.00,5.78,16.64,0.00,0.00,180.00,0.00,79DAAFB4
2026-07-09T04:10:30Z,0.00,282.00,25.43,S,0.00,0.00,1009.20,56.74,1009.20,6.03,16.22,0.00,0.00,180.00,0.00,79DAAFB4
2026-07-09T03:53:11Z,7.00,282.00,25.61,S,0.00,0.00,1009.40,54.36,1009.40,6.41,15.72,0.00,0.00,180.00,0.00,79DAAFB4
2026-07-09T03:36:03Z,0.60,275.00,25.78,S,0.00,0.00,1009.60,61.55,1009.60,5.35,17.83,0.00,0.00,180.00,0.00,79DAAFB4
2026-07-09T03:15:17Z,4.40,274.40,25.57,S,0.00,0.00,1009.60,54.92,1009.60,6.32,15.84,0.00,0.00,180.00,0.00,79DAAFB4
2026-07-09T03:08:00Z,0.00,270.00,25.87,S,0.00,0.00,1009.80,55.32,1009.80,6.29,16.23,0.00,0.00,180.00,0.00,79DAAFB4
2026-07-09T02:50:52Z,0.00,270.00,25.94,S,0.00,0.00,1010.20,53.93,1010.20,6.52,15.90,0.00,0.00,180.00,0.00,79DAAFB4
2026-07-09T02:33:32Z,0.00,270.00,26.20,S,0.00,0.00,1010.20,52.62,1010.20,6.75,15.75,0.00,0.00,180.00,0.00,79DAAFB4
2026-07-09T02:16:24Z,0.00,270.00,26.56,S,0.00,0.00,1010.40,50.81,1010.40,7.09,15.54,0.00,0.00,180.00,0.00,79DAAFB4
2026-07-09T01:59:15Z,0.00,270.00,27.46,S,0.00,0.00,1010.40,53.19,1010.40,6.83,17.08,0.00,0.00,180.00,0.00,79DAAFB4
2026-07-09T01:42:06Z,0.00,270.00,28.95,S,0.00,0.00,1009.90,71.83,1009.90,4.05,23.35,0.00,0.00,180.00,0.00,79DAAFB4
2026-07-09T01:24:58Z,0.00,270.00,29.01,S,0.00,0.00,1009.80,71.81,1009.80,4.06,23.40,0.00,0.00,180.00,0.00,79DAAFB4
2026-07-09T01:07:49Z,0.00,270.00,28.96,S,0.00,0.00,1009.60,71.47,1009.60,4.11,23.27,0.00,0.00,180.00,0.00,79DAAFB4
2026-07-09T00:50:41Z,0.00,270.00,28.91,S,0.00,0.00,1009.50,71.22,1009.50,4.14,23.17,0.00,0.00,180.00,0.00,79DAAFB4
2026-07-09T00:33:33Z,0.00,270.00,28.90,S,0.00,0.00,1009.40,70.90,1009.40,4.19,23.08,0.00,0.00,180.00,0.00,79DAAFB4
2026-07-09T00:16:25Z,0.00,270.00,28.87,S,0.00,0.00,1009.40,70.75,1009.40,4.21,23.02,0.00,0.00,180.00,0.00,79DAAFB4
2026-07-08T23:55:56Z,0.00,270.00,28.85,S,0.00,0.00,1009.30,70.49,1009.30,4.25,22.94,0.00,0.00,180.00,0.00,79DAAFB4
2026-07-08T23:38:48Z,0.00,270.00,28.88,S,0.00,0.00,1009.20,70.18,1009.20,4.30,22.90,0.00,0.00,180.00,0.00,79DAAFB4
2026-07-08T23:21:40Z,0.00,270.00,28.90,S,0.00,0.00,1009.10,69.94,1009.10,4.34,22.86,0.00,0.00,180.00,0.00,79DAAFB4
2026-07-08T23:04:21Z,0.00,270.00,28.79,S,0.00,0.00,1008.90,69.88,1008.90,4.34,22.74,0.00,0.00,180.00,0.00,79DAAFB4
2026-07-08T22:47:12Z,0.00,270.00,28.87,S,0.00,0.00,1008.70,69.79,1008.70,4.36,22.79,0.00,0.00,180.00,0.00,79DAAFB4
2026-07-08T22:30:04Z,0.00,270.00,28.80,S,0.00,0.00,1008.70,69.74,1008.70,4.36,22.72,0.00,0.00,180.00,0.00,79DAAFB4
2026-07-08T22:12:56Z,0.00,270.00,28.80,S,0.00,0.00,1008.70,69.59,1008.70,4.38,22.68,0.00,0.00,180.00,0.00,79DAAFB4
2026-07-08T21:55:37Z,0.00,270.00,28.85,S,0.00,0.00,1008.60,69.47,1008.60,4.41,22.70,0.00,0.00,180.00,0.00,79DAAFB4
2026-07-08T21:38:28Z,0.00,270.00,28.84,S,0.00,0.00,1008.60,69.39,1008.60,4.42,22.67,0.00,0.00,180.00,0.00,79DAAFB4
2026-07-08T21:21:19Z,0.00,270.00,28.84,S,0.00,0.00,1008.40,69.23,1008.40,4.44,22.63,0.00,0.00,180.00,0.00,79DAAFB4
2026-07-08T21:04:00Z,0.00,270.00,28.80,S,0.00,0.00,1008.20,69.15,1008.20,4.45,22.58,0.00,0.00,180.00,0.00,79DAAFB4
2026-07-08T20:46:52Z,0.00,270.00,28.76,S,0.00,0.00,1008.00,69.03,1008.00,4.47,22.51,0.00,0.00,180.00,0.00,79DAAFB4
2026-07-08T20:29:44Z,0.00,270.00,28.78,S,0.00,0.00,1008.10,69.01,1008.10,4.47,22.52,0.00,0.00,180.00,0.00,79DAAFB4
2026-07-08T20:12:25Z,0.00,270.00,28.81,S,0.00,0.00,1008.00,68.98,1008.00,4.48,22.54,0.00,0.00,180.00,0.00,79DAAFB4
2026-07-08T19:55:06Z,0.00,270.00,28.80,S,0.00,0.00,1007.90,68.82,1007.90,4.50,22.50,0.00,0.00,180.00,0.00,79DAAFB4
2026-07-08T19:37:57Z,0.00,270.00,28.80,S,0.00,0.00,1007.90,68.43,1007.90,4.56,22.40,0.00,0.00,180.00,0.00,79DAAFB4
2026-07-08T19:20:49Z,0.00,270.00,28.80,S,0.00,0.00,1008.00,68.19,1008.00,4.60,22.35,0.00,0.00,180.00,0.00,79DAAFB4
2026-07-08T19:03:41Z,0.00,270.00,28.75,S,0.00,0.00,1008.00,67.93,1008.00,4.64,22.23,0.00,0.00,180.00,0.00,79DAAFB4
2026-07-08T18:46:22Z,0.00,270.00,28.78,S,0.00,0.00,1008.10,67.76,1008.10,4.66,22.22,0.00,0.00,180.00,0.00,79DAAFB4
2026-07-08T18:29:13Z,0.00,270.00,28.77,S,0.00,0.00,1008.20,67.56,1008.20,4.69,22.16,0.00,0.00,180.00,0.00,79DAAFB4
2026-07-08T18:12:04Z,0.00,270.00,28.73,S,0.00,0.00,1008.20,67.10,1008.20,4.76,22.01,0.00,0.00,180.00,0.00,79DAAFB4
2026-07-08T17:54:45Z,0.00,270.00,28.74,S,0.00,0.00,1008.50,66.79,1008.50,4.81,21.95,0.00,0.00,180.00,0.00,79DAAFB4
2026-07-08T17:37:37Z,0.00,270.00,28.75,S,0.00,0.00,1008.60,66.49,1008.60,4.86,21.88,0.00,0.00,180.00,0.00,79DAAFB4
2026-07-08T17:20:29Z,0.00,270.00,28.74,S,0.00,0.00,1008.90,66.30,1008.90,4.89,21.83,0.00,0.00,180.00,0.00,79DAAFB4
2026-07-08T17:03:10Z,0.00,270.00,28.69,S,0.00,0.00,1008.90,65.91,1008.90,4.94,21.68,0.00,0.00,180.00,0.00,79DAAFB4
2026-07-08T16:45:51Z,0.00,270.00,28.66,S,0.00,0.00,1009.00,65.73,1009.00,4.97,21.61,0.00,0.00,180.00,0.00,79DAAFB4
2026-07-08T16:28:43Z,0.00,270.00,28.63,S,0.00,0.00,1009.10,65.44,1009.10,5.01,21.51,0.00,0.00,180.00,0.00,79DAAFB4
2026-07-08T16:11:23Z,0.00,270.00,28.65,S,0.00,0.00,1009.10,65.11,1009.10,5.06,21.45,0.00,0.00,180.00,0.00,79DAAFB4
2026-07-08T15:54:37Z,0.00,270.00,28.61,S,0.00,0.00,1009.20,64.78,1009.20,5.11,21.32,0.00,0.00,180.00,0.00,79DAAFB4
2026-07-08T15:37:28Z,0.00,270.00,28.62,S,0.00,0.00,1009.20,64.60,1009.20,5.14,21.29,0.00,0.00,180.00,0.00,79DAAFB4
2026-07-08T15:20:19Z,0.00,270.00,28.58,S,0.00,0.00,1009.20,64.42,1009.20,5.16,21.20,0.00,0.00,180.00,0.00,79DAAFB4
2026-07-08T15:03:00Z,0.00,270.00,28.58,S,0.00,0.00,1009.30,64.14,1009.30,5.21,21.13,0.00,0.00,180.00,0.00,79DAAFB4
2026-07-08T14:45:52Z,0.00,270.00,28.54,S,0.00,0.00,1009.40,63.72,1009.40,5.27,20.99,0.00,0.00,180.00,0.00,79DAAFB4
2026-07-08T14:28:44Z,0.00,270.00,28.53,S,0.00,0.00,1009.30,63.39,1009.30,5.32,20.90,0.00,0.00,180.00,0.00,79DAAFB4
2026-07-08T14:11:25Z,0.00,270.00,28.48,S,0.00,0.00,1009.10,62.97,1009.10,5.38,20.74,0.00,0.00,180.00,0.00,79DAAFB4
2026-07-08T13:54:06Z,0.00,270.00,28.42,S,0.00,0.00,1008.90,62.40,1008.90,5.47,20.54,0.00,0.00,180.00,0.00,79DAAFB4
2026-07-08T13:36:58Z,0.00,270.00,28.41,S,0.00,0.00,1008.80,61.72,1008.80,5.57,20.35,0.00,0.00,180.00,0.00,79DAAFB4
2026-07-08T13:19:38Z,0.00,270.00,28.31,S,0.00,0.00,1008.60,61.12,1008.60,5.66,20.10,0.00,0.00,180.00,0.00,79DAAFB4
2026-07-08T13:02:29Z,0.00,270.00,28.26,S,0.00,0.00,1008.40,60.78,1008.40,5.70,19.96,0.00,0.00,180.00,0.00,79DAAFB4
2026-07-08T12:45:21Z,0.00,270.00,28.22,S,0.00,0.00,1008.20,59.77,1008.20,5.86,19.65,0.00,0.00,180.00,0.00,79DAAFB4
2026-07-08T12:28:02Z,0.00,270.00,28.15,S,0.00,0.00,1008.10,59.29,1008.10,5.93,19.46,0.00,0.00,180.00,0.00,79DAAFB4
2026-07-08T12:10:54Z,0.00,270.00,28.04,S,0.00,0.00,1008.00,58.46,1008.00,6.05,19.13,0.00,0.00,180.00,0.00,79DAAFB4
2026-07-08T11:53:46Z,0.00,270.00,27.91,S,0.00,0.00,1008.00,57.75,1008.00,6.15,18.81,0.00,0.00,180.00,0.00,79DAAFB4
2026-07-08T11:36:27Z,0.00,270.00,27.75,S,0.00,0.00,1007.70,57.32,1007.70,6.20,18.54,0.00,0.00,180.00,0.00,79DAAFB4
2026-07-08T11:19:19Z,0.00,270.00,27.52,S,0.00,0.00,1007.60,55.71,1007.60,6.43,17.87,0.00,0.00,180.00,0.00,79DAAFB4
2026-07-08T11:01:59Z,0.00,270.00,27.17,S,0.00,0.00,1007.40,54.11,1007.40,6.64,17.09,0.00,0.00,180.00,0.00,79DAAFB4
2026-07-08T10:44:51Z,0.00,270.00,26.57,S,0.00,0.00,1007.50,52.87,1007.50,6.76,16.17,0.00,0.00,180.00,0.00,79DAAFB4
2026-07-08T10:27:42Z,0.00,270.00,25.48,S,0.00,0.00,1006.80,52.91,1006.80,6.62,15.17,0.00,0.00,180.00,0.00,79DAAFB4
2026-07-08T10:10:33Z,0.00,270.00,24.97,S,0.00,0.00,1006.40,51.42,1006.40,6.78,14.26,0.00,0.00,180.00,0.00,79DAAFB4
2026-07-08T09:53:25Z,0.00,270.00,25.13,S,0.00,0.00,1006.30,53.20,1006.30,6.53,14.94,0.00,0.00,180.00,0.00,79DAAFB4
2026-07-08T09:36:16Z,0.00,270.00,25.15,S,0.00,0.00,1006.80,52.38,1006.80,6.66,14.71,0.00,0.00,180.00,0.00,79DAAFB4
2026-07-08T09:19:07Z,0.00,270.00,25.28,S,0.00,0.00,1006.70,53.02,1006.70,6.57,15.02,0.00,0.00,180.00,0.00,79DAAFB4
2026-07-08T09:01:58Z,0.00,270.00,25.34,S,0.00,0.00,1006.40,53.43,1006.40,6.52,15.20,0.00,0.00,180.00,0.00,79DAAFB4
2026-07-08T08:44:39Z,0.00,270.00,25.41,S,0.00,0.00,1006.30,53.20,1006.30,6.56,15.19,0.00,0.00,180.00,0.00,79DAAFB4
2026-07-08T08:27:31Z,0.00,270.00,25.56,S,0.00,0.00,1006.10,52.52,1006.10,6.69,15.13,0.00,0.00,180.00,0.00,79DAAFB4
2026-07-08T08:10:23Z,0.00,270.00,25.53,S,0.00,0.00,1006.10,52.29,1006.10,6.72,15.04,0.00,0.00,180.00,0.00,79DAAFB4
2026-07-08T07:53:04Z,0.00,270.00,25.53,S,0.00,0.00,1006.40,52.39,1006.40,6.70,15.07,0.00,0.00,180.00,0.00,79DAAFB4
2026-07-08T07:35:45Z,0.00,270.00,25.58,S,0.00,0.00,1006.30,52.60,1006.30,6.68,15.18,0.00,0.00,180.00,0.00,79DAAFB4
2026-07-08T07:18:37Z,0.00,270.00,25.70,S,0.00,0.00,1006.30,51.89,1006.30,6.80,15.07,0.00,0.00,180.00,0.00,79DAAFB4
2026-07-08T07:01:17Z,0.00,270.00,25.73,S,0.00,0.00,1006.60,51.05,1006.60,6.94,14.85,0.00,0.00,180.00,0.00,79DAAFB4
2026-07-08T06:44:09Z,0.00,270.00,25.72,S,0.00,0.00,1006.70,52.17,1006.70,6.76,15.18,0.00,0.00,180.00,0.00,79DAAFB4
2026-07-08T06:26:50Z,0.00,270.00,26.13,S,0.00,0.00,1006.90,52.90,1006.90,6.70,15.77,0.00,0.00,180.00,0.00,79DAAFB4
2026-07-08T06:09:41Z,0.00,270.00,26.25,S,0.00,0.00,1007.00,53.09,1007.00,6.69,15.94,0.00,0.00,180.00,0.00,79DAAFB4
2026-07-08T05:52:32Z,0.00,270.00,25.07,S,0.00,0.00,1007.10,51.69,1007.10,6.75,14.43,0.00,0.00,180.00,0.00,79DAAFB4
2026-07-08T05:35:13Z,0.00,270.00,23.67,S,0.00,0.00,1007.30,47.19,1007.30,7.24,11.76,0.00,0.00,180.00,0.00,79DAAFB4
2026-07-08T05:18:05Z,0.00,270.00,23.42,S,0.00,0.00,1007.70,46.14,1007.70,7.36,11.19,0.00,0.00,180.00,0.00,79DAAFB4
2026-07-08T05:00:57Z,0.00,270.00,23.25,S,0.00,0.00,1008.20,46.22,1008.20,7.32,11.06,0.00,0.00,180.00,0.00,79DAAFB4
2026-07-08T04:43:38Z,0.00,270.00,23.21,S,0.00,0.00,1008.60,47.13,1008.60,7.18,11.32,0.00,0.00,180.00,0.00,79DAAFB4
2026-07-08T04:26:19Z,0.00,270.00,23.31,S,0.00,0.00,1008.90,47.13,1008.90,7.19,11.41,0.00,0.00,180.00,0.00,79DAAFB4
2026-07-08T04:09:10Z,0.00,270.00,23.50,S,0.00,0.00,1009.10,47.35,1009.10,7.19,11.66,0.00,0.00,180.00,0.00,79DAAFB4
2026-07-08T03:52:02Z,0.00,270.00,23.60,S,0.00,0.00,1009.30,47.55,1009.30,7.17,11.81,0.00,0.00,180.00,0.00,79DAAFB4
2026-07-08T03:34:54Z,0.00,270.00,23.67,S,0.00,0.00,1009.50,47.40,1009.50,7.21,11.83,0.00,0.00,180.00,0.00,79DAAFB4
2026-07-08T03:17:35Z,0.00,270.00,23.91,S,0.00,0.00,1009.60,47.64,1009.60,7.21,12.12,0.00,0.00,180.00,0.00,79DAAFB4
2026-07-08T03:00:26Z,0.00,270.00,24.15,S,0.00,0.00,1009.60,47.33,1009.60,7.29,12.24,0.00,0.00,180.00,0.00,79DAAFB4
2026-07-08T02:43:17Z,0.00,270.00,24.46,S,0.00,0.00,1009.90,47.79,1009.90,7.27,12.67,0.00,0.00,180.00,0.00,79DAAFB4
2026-07-08T02:25:58Z,0.00,270.00,24.97,S,0.00,0.00,1009.80,49.23,1009.80,7.12,13.59,0.00,0.00,180.00,0.00,79DAAFB4
2026-07-08T02:08:50Z,0.00,270.00,25.96,S,0.00,0.00,1009.80,51.97,1009.80,6.83,15.34,0.00,0.00,180.00,0.00,79DAAFB4
2026-07-08T01:51:42Z,0.00,270.00,27.56,S,0.00,0.00,1009.80,58.16,1009.80,6.04,18.60,0.00,0.00,180.00,0.00,79DAAFB4
2026-07-08T01:34:23Z,0.00,270.00,28.85,S,0.00,0.00,1009.90,68.16,1009.90,4.61,22.39,0.00,0.00,180.00,0.00,79DAAFB4
2026-07-08T01:17:04Z,0.00,270.00,28.81,S,0.00,0.00,1009.60,67.63,1009.60,4.69,22.22,0.00,0.00,180.00,0.00,79DAAFB4
2026-07-08T00:59:56Z,0.00,270.00,28.71,S,0.00,0.00,1009.70,67.58,1009.70,4.69,22.11,0.00,0.00,180.00,0.00,79DAAFB4
2026-07-08T00:42:36Z,0.00,270.00,28.74,S,0.00,0.00,1009.60,67.26,1009.60,4.74,22.06,0.00,0.00,180.00,0.00,79DAAFB4
2026-07-08T00:25:27Z,0.00,270.00,28.68,S,0.00,0.00,1009.60,67.19,1009.60,4.74,21.99,0.00,0.00,180.00,0.00,79DAAFB4
2026-07-08T00:08:19Z,0.00,270.00,28.66,S,0.00,0.00,1009.70,67.17,1009.70,4.75,21.96,0.00,0.00,180.00,0.00,79DAAFB4
2026-07-07T23:51:11Z,0.00,270.00,28.60,S,0.00,0.00,1009.60,66.85,1009.60,4.79,21.83,0.00,0.00,180.00,0.00,79DAAFB4
2026-07-07T23:34:03Z,0.00,270.00,28.61,S,0.00,0.00,1009.40,66.83,1009.40,4.79,21.83,0.00,0.00,180.00,0.00,79DAAFB4
2026-07-07T23:16:55Z,0.00,270.00,28.60,S,0.00,0.00,1009.30,66.69,1009.30,4.81,21.79,0.00,0.00,180.00,0.00,79DAAFB4
2026-07-07T22:59:47Z,0.00,270.00,28.64,S,0.00,0.00,1009.30,66.36,1009.30,4.87,21.75,0.00,0.00,180.00,0.00,79DAAFB4
2026-07-07T22:42:28Z,0.00,270.00,28.59,S,0.00,0.00,1009.20,66.19,1009.20,4.89,21.66,0.00,0.00,180.00,0.00,79DAAFB4
2026-07-07T22:25:09Z,0.00,270.00,28.58,S,0.00,0.00,1009.10,65.91,1009.10,4.93,21.58,0.00,0.00,180.00,0.00,79DAAFB4
2026-07-07T22:08:00Z,0.00,270.00,28.59,S,0.00,0.00,1009.00,65.71,1009.00,4.97,21.54,0.00,0.00,180.00,0.00,79DAAFB4
2026-07-07T21:50:52Z,0.00,270.00,28.56,S,0.00,0.00,1009.00,65.38,1009.00,5.01,21.43,0.00,0.00,180.00,0.00,79DAAFB4
2026-07-07T21:33:44Z,0.00,270.00,28.49,S,0.00,0.00,1008.90,65.05,1008.90,5.06,21.28,0.00,0.00,180.00,0.00,79DAAFB4
2026-07-07T21:16:35Z,0.00,270.00,28.51,S,0.00,0.00,1008.70,64.70,1008.70,5.12,21.21,0.00,0.00,180.00,0.00,79DAAFB4
2026-07-07T20:56:06Z,0.00,270.00,28.49,S,0.00,0.00,1008.70,64.39,1008.70,5.16,21.11,0.00,0.00,180.00,0.00,79DAAFB4
2026-07-07T20:38:58Z,0.00,270.00,28.51,S,0.00,0.00,1008.60,63.97,1008.60,5.23,21.02,0.00,0.00,180.00,0.00,79DAAFB4
2026-07-07T20:21:50Z,0.00,270.00,28.48,S,0.00,0.00,1008.70,63.58,1008.70,5.29,20.90,0.00,0.00,180.00,0.00,79DAAFB4
2026-07-07T20:04:42Z,0.00,270.00,28.49,S,0.00,0.00,1008.70,63.25,1008.70,5.34,20.82,0.00,0.00,180.00,0.00,79DAAFB4
2026-07-07T19:47:34Z,0.00,270.00,28.48,S,0.00,0.00,1008.60,63.11,1008.60,5.36,20.78,0.00,0.00,180.00,0.00,79DAAFB4
2026-07-07T19:30:15Z,0.00,270.00,28.48,S,0.00,0.00,1008.50,62.78,1008.50,5.41,20.69,0.00,0.00,180.00,0.00,79DAAFB4
2026-07-07T19:12:56Z,0.00,270.00,28.46,S,0.00,0.00,1008.60,62.26,1008.60,5.49,20.54,0.00,0.00,180.00,0.00,79DAAFB4
2026-07-07T18:55:48Z,0.00,270.00,28.44,S,0.00,0.00,1008.90,61.83,1008.90,5.56,20.41,0.00,0.00,180.00,0.00,79DAAFB4
2026-07-07T18:38:28Z,0.00,270.00,28.40,S,0.00,0.00,1009.20,61.56,1009.20,5.60,20.30,0.00,0.00,180.00,0.00,79DAAFB4
2026-07-07T18:21:19Z,0.00,270.00,28.37,S,0.00,0.00,1009.30,61.34,1009.30,5.63,20.21,0.00,0.00,180.00,0.00,79DAAFB4
2026-07-07T18:04:11Z,0.00,270.00,28.35,S,0.00,0.00,1009.40,60.92,1009.40,5.69,20.08,0.00,0.00,180.00,0.00,79DAAFB4
2026-07-07T17:47:03Z,0.00,270.00,28.33,S,0.00,0.00,1009.50,60.45,1009.50,5.76,19.94,0.00,0.00,180.00,0.00,79DAAFB4
2026-07-07T17:29:55Z,0.00,270.00,28.39,S,0.00,0.00,1009.50,60.04,1009.50,5.83,19.88,0.00,0.00,180.00,0.00,79DAAFB4
2026-07-07T17:12:47Z,0.00,270.00,28.25,S,0.00,0.00,1009.80,59.59,1009.80,5.89,19.63,0.00,0.00,180.00,0.00,79DAAFB4
2026-07-07T16:55:39Z,0.00,270.00,28.25,S,0.00,0.00,1010.20,59.18,1010.20,5.96,19.52,0.00,0.00,180.00,0.00,79DAAFB4
2026-07-07T16:38:20Z,0.00,270.00,28.20,S,0.00,0.00,1010.50,59.04,1010.50,5.97,19.44,0.00,0.00,180.00,0.00,79DAAFB4
2026-07-07T16:21:01Z,0.00,270.00,28.17,S,0.00,0.00,1010.90,58.47,1010.90,6.06,19.25,0.00,0.00,180.00,0.00,79DAAFB4
2026-07-07T16:03:53Z,0.00,270.00,28.15,S,0.00,0.00,1010.90,57.71,1010.90,6.18,19.02,0.00,0.00,180.00,0.00,79DAAFB4
2026-07-07T15:46:55Z,0.00,270.00,28.10,S,0.00,0.00,1010.70,57.34,1010.70,6.23,18.87,0.00,0.00,180.00,0.00,79DAAFB4
2026-07-07T15:29:47Z,0.00,270.00,28.07,S,0.00,0.00,1010.80,56.63,1010.80,6.34,18.65,0.00,0.00,180.00,0.00,79DAAFB4
2026-07-07T15:12:38Z,0.00,270.00,27.99,S,0.00,0.00,1010.80,56.17,1010.80,6.41,18.44,0.00,0.00,180.00,0.00,79DAAFB4
2026-07-07T14:55:30Z,0.00,270.00,27.98,S,0.00,0.00,1010.90,55.59,1010.90,6.50,18.27,0.00,0.00,180.00,0.00,79DAAFB4
2026-07-07T14:38:22Z,0.00,270.00,27.92,S,0.00,0.00,1010.90,54.58,1010.90,6.66,17.92,0.00,0.00,180.00,0.00,79DAAFB4
2026-07-07T14:21:14Z,0.00,270.00,27.75,S,0.00,0.00,1010.50,53.51,1010.50,6.81,17.45,0.00,0.00,180.00,0.00,79DAAFB4
2026-07-07T14:03:55Z,0.00,270.00,27.66,S,0.00,0.00,1010.80,52.67,1010.80,6.94,17.11,0.00,0.00,180.00,0.00,79DAAFB4
2026-07-07T13:46:47Z,0.00,270.00,27.52,S,0.00,0.00,1010.20,50.97,1010.20,7.20,16.47,0.00,0.00,180.00,0.00,79DAAFB4
2026-07-07T13:29:27Z,0.00,270.00,27.33,S,0.00,0.00,1010.10,49.64,1010.10,7.39,15.88,0.00,0.00,180.00,0.00,79DAAFB4
2026-07-07T13:12:19Z,0.00,270.00,27.12,S,0.00,0.00,1009.70,48.88,1009.70,7.48,15.45,0.00,0.00,180.00,0.00,79DAAFB4
2026-07-07T12:55:10Z,0.00,270.00,26.80,S,0.00,0.00,1009.60,47.56,1009.60,7.66,14.73,0.00,0.00,180.00,0.00,79DAAFB4
2026-07-07T12:38:01Z,0.00,270.00,26.13,S,0.00,0.00,1009.50,46.13,1009.50,7.79,13.65,0.00,0.00,180.00,0.00,79DAAFB4
2026-07-07T12:20:53Z,0.00,270.00,25.18,S,0.00,0.00,1009.10,46.22,1009.10,7.62,12.82,0.00,0.00,180.00,0.00,79DAAFB4
2026-07-07T12:03:44Z,0.00,270.00,23.90,S,0.00,0.00,1008.70,47.18,1008.70,7.28,11.97,0.00,0.00,180.00,0.00,79DAAFB4
2026-07-07T11:46:35Z,0.00,270.00,23.93,S,0.00,0.00,1008.50,46.97,1008.50,7.31,11.93,0.00,0.00,180.00,0.00,79DAAFB4
2026-07-07T11:29:27Z,0.00,270.00,24.01,S,0.00,0.00,1008.60,47.42,1008.60,7.26,12.14,0.00,0.00,180.00,0.00,79DAAFB4
2026-07-07T11:12:19Z,0.00,270.00,24.13,S,0.00,0.00,1008.70,48.13,1008.70,7.16,12.48,0.00,0.00,180.00,0.00,79DAAFB4
2026-07-07T10:55:00Z,0.00,270.00,24.26,S,0.00,0.00,1008.60,49.02,1008.60,7.05,12.88,0.00,0.00,180.00,0.00,79DAAFB4
2026-07-07T10:37:52Z,0.00,270.00,24.34,S,0.00,0.00,1008.30,50.83,1008.30,6.78,13.50,0.00,0.00,180.00,0.00,79DAAFB4
2026-07-07T10:20:32Z,0.00,270.00,24.11,S,0.00,0.00,1008.30,49.36,1008.30,6.97,12.84,0.00,0.00,180.00,0.00,79DAAFB4
2026-07-07T10:03:23Z,0.00,270.00,23.76,S,0.00,0.00,1007.60,48.54,1007.60,7.05,12.27,0.00,0.00,180.00,0.00,79DAAFB4
2026-07-07T09:46:15Z,0.00,270.00,23.08,S,0.00,0.00,1007.80,47.35,1007.80,7.13,11.27,0.00,0.00,180.00,0.00,79DAAFB4
2026-07-07T09:28:55Z,0.00,270.00,23.11,S,0.00,0.00,1007.40,45.89,1007.40,7.35,10.83,0.00,0.00,180.00,0.00,79DAAFB4
2026-07-07T09:11:46Z,0.00,270.00,23.13,S,0.00,0.00,1007.00,46.48,1007.00,7.26,11.04,0.00,0.00,180.00,0.00,79DAAFB4
2026-07-07T08:54:38Z,0.00,270.00,23.26,S,0.00,0.00,1006.80,46.82,1006.80,7.23,11.27,0.00,0.00,180.00,0.00,79DAAFB4
2026-07-07T08:37:30Z,0.00,270.00,23.38,S,0.00,0.00,1007.10,46.57,1007.10,7.29,11.30,0.00,0.00,180.00,0.00,79DAAFB4
2026-07-07T08:20:22Z,0.00,270.00,23.53,S,0.00,0.00,1006.90,47.99,1006.90,7.10,11.89,0.00,0.00,180.00,0.00,79DAAFB4
2026-07-07T08:03:14Z,0.00,270.00,23.85,S,0.00,0.00,1007.00,50.79,1007.00,6.72,13.04,0.00,0.00,180.00,0.00,79DAAFB4
2026-07-07T07:46:06Z,0.00,270.00,24.02,S,0.00,0.00,1006.90,58.22,1006.90,5.65,15.31,0.00,0.00,180.00,0.00,79DAAFB4
2026-07-07T07:28:47Z,0.00,270.00,23.48,S,0.00,0.00,1007.30,52.39,1007.30,6.44,13.18,0.00,0.00,180.00,0.00,79DAAFB4
2026-07-07T07:11:28Z,0.00,270.00,23.47,S,0.00,0.00,1007.40,47.96,1007.40,7.09,11.82,0.00,0.00,180.00,0.00,79DAAFB4
2026-07-07T06:54:20Z,0.00,270.00,23.55,S,0.00,0.00,1007.50,48.90,1007.50,6.96,12.19,0.00,0.00,180.00,0.00,79DAAFB4
2026-07-07T06:37:00Z,0.00,270.00,23.60,S,0.00,0.00,1007.40,48.76,1007.40,6.99,12.19,0.00,0.00,180.00,0.00,79DAAFB4
2026-07-07T06:19:52Z,0.00,270.00,23.78,S,0.00,0.00,1007.70,50.27,1007.70,6.79,12.82,0.00,0.00,180.00,0.00,79DAAFB4
2026-07-07T06:02:33Z,0.00,270.00,23.70,S,0.00,0.00,1007.50,49.66,1007.50,6.87,12.56,0.00,0.00,180.00,0.00,79DAAFB4
2026-07-07T05:45:24Z,0.00,270.00,23.79,S,0.00,0.00,1008.20,48.48,1008.20,7.06,12.28,0.00,0.00,180.00,0.00,79DAAFB4
2026-07-07T05:28:03Z,0.00,270.00,23.97,S,0.00,0.00,1008.50,48.35,1008.50,7.11,12.40,0.00,0.00,180.00,0.00,79DAAFB4
2026-07-07T05:10:55Z,0.00,270.00,24.05,S,0.00,0.00,1008.70,48.44,1008.70,7.11,12.50,0.00,0.00,180.00,0.00,79DAAFB4
2026-07-07T04:53:47Z,0.00,270.00,24.20,S,0.00,0.00,1008.70,48.23,1008.70,7.16,12.57,0.00,0.00,180.00,0.00,79DAAFB4
2026-07-07T04:36:39Z,0.00,270.00,24.30,S,0.00,0.00,1009.10,48.07,1009.10,7.20,12.61,0.00,0.00,180.00,0.00,79DAAFB4
2026-07-07T04:19:20Z,0.00,270.00,24.28,S,0.00,0.00,1009.30,48.00,1009.30,7.21,12.57,0.00,0.00,180.00,0.00,79DAAFB4
2026-07-07T04:02:12Z,0.00,270.00,24.49,S,0.00,0.00,1009.40,47.93,1009.40,7.25,12.74,0.00,0.00,180.00,0.00,79DAAFB4
2026-07-07T03:44:52Z,0.00,270.00,24.71,S,0.00,0.00,1009.50,48.28,1009.50,7.23,13.06,0.00,0.00,180.00,0.00,79DAAFB4
2026-07-07T03:27:33Z,0.00,270.00,24.99,S,0.00,0.00,1009.70,48.33,1009.70,7.26,13.33,0.00,0.00,180.00,0.00,79DAAFB4
2026-07-07T03:10:33Z,0.00,270.00,25.36,S,0.00,0.00,1010.00,49.05,1010.00,7.20,13.89,0.00,0.00,180.00,0.00,79DAAFB4
2026-07-07T02:53:13Z,0.00,270.00,26.08,S,0.00,0.00,1010.00,51.02,1010.00,6.99,15.16,0.00,0.00,180.00,0.00,79DAAFB4
2026-07-07T02:35:54Z,0.00,270.00,27.07,S,0.00,0.00,1010.20,55.41,1010.20,6.42,17.37,0.00,0.00,180.00,0.00,79DAAFB4
2026-07-07T02:18:44Z,0.00,270.00,28.16,S,0.00,0.00,1010.20,64.67,1010.20,5.09,20.87,0.00,0.00,180.00,0.00,79DAAFB4
2026-07-07T02:01:36Z,0.00,270.00,29.35,S,0.00,0.00,1010.30,70.17,1010.30,4.33,23.34,0.00,0.00,180.00,0.00,79DAAFB4
2026-07-07T01:44:34Z,0.00,270.00,29.41,S,0.00,0.00,1010.40,71.30,1010.40,4.16,23.66,0.00,0.00,180.00,0.00,79DAAFB4
2026-07-07T01:27:22Z,0.00,270.00,29.39,S,0.00,0.00,1010.30,71.28,1010.30,4.17,23.64,0.00,0.00,180.00,0.00,79DAAFB4
2026-07-07T01:10:03Z,0.00,270.00,29.34,S,0.00,0.00,1010.20,71.16,1010.20,4.18,23.57,0.00,0.00,180.00,0.00,79DAAFB4
2026-07-07T00:52:55Z,0.00,270.00,29.28,S,0.00,0.00,1010.10,71.02,1010.10,4.20,23.48,0.00,0.00,180.00,0.00,79DAAFB4
2026-07-07T00:35:47Z,0.00,270.00,29.28,S,0.00,0.00,1009.90,71.03,1009.90,4.20,23.48,0.00,0.00,180.00,0.00,79DAAFB4
2026-07-07T00:18:28Z,0.00,270.00,29.19,S,0.00,0.00,1009.80,70.86,1009.80,4.22,23.35,0.00,0.00,180.00,0.00,79DAAFB4
2026-07-07T00:01:09Z,0.00,270.00,29.13,S,0.00,0.00,1009.90,70.67,1009.90,4.24,23.25,0.00,0.00,180.00,0.00,79DAAFB4
2026-07-06T23:44:01Z,0.00,270.00,29.17,S,0.00,0.00,1009.90,70.35,1009.90,4.29,23.21,0.00,0.00,180.00,0.00,79DAAFB4
2026-07-06T23:26:41Z,0.00,270.00,29.16,S,0.00,0.00,1009.80,70.19,1009.80,4.32,23.17,0.00,0.00,180.00,0.00,79DAAFB4
2026-07-06T23:09:32Z,0.00,270.00,29.19,S,0.00,0.00,1009.70,70.03,1009.70,4.34,23.16,0.00,0.00,180.00,0.00,79DAAFB4
2026-07-06T22:52:24Z,0.00,270.00,29.16,S,0.00,0.00,1009.50,69.81,1009.50,4.38,23.08,0.00,0.00,180.00,0.00,79DAAFB4
2026-07-06T22:35:16Z,0.00,270.00,29.08,S,0.00,0.00,1009.30,69.51,1009.30,4.42,22.93,0.00,0.00,180.00,0.00,79DAAFB4
2026-07-06T22:18:08Z,0.00,270.00,29.15,S,0.00,0.00,1009.10,69.05,1009.10,4.49,22.89,0.00,0.00,180.00,0.00,79DAAFB4
2026-07-06T22:01:00Z,0.00,270.00,29.13,S,0.00,0.00,1009.20,68.92,1009.20,4.51,22.83,0.00,0.00,180.00,0.00,79DAAFB4
2026-07-06T21:43:52Z,0.00,270.00,29.15,S,0.00,0.00,1009.20,68.77,1009.20,4.54,22.82,0.00,0.00,180.00,0.00,79DAAFB4
2026-07-06T21:26:44Z,0.00,270.00,29.12,S,0.00,0.00,1009.10,68.65,1009.10,4.55,22.76,0.00,0.00,180.00,0.00,79DAAFB4
2026-07-06T21:09:25Z,0.00,270.00,29.09,S,0.00,0.00,1009.10,68.53,1009.10,4.57,22.70,0.00,0.00,180.00,0.00,79DAAFB4
2026-07-06T20:52:16Z,0.00,270.00,29.08,S,0.00,0.00,1009.10,68.31,1009.10,4.60,22.64,0.00,0.00,180.00,0.00,79DAAFB4
2026-07-06T20:35:08Z,0.00,270.00,29.03,S,0.00,0.00,1008.90,68.12,1008.90,4.63,22.55,0.00,0.00,180.00,0.00,79DAAFB4
2026-07-06T20:18:00Z,0.00,270.00,29.03,S,0.00,0.00,1008.90,68.09,1008.90,4.63,22.54,0.00,0.00,180.00,0.00,79DAAFB4
2026-07-06T20:00:52Z,0.00,270.00,19.36,S,0.00,0.00,672.60,45.25,672.60,6.84,7.22,0.00,0.00,180.00,0.00,79DAAFB4
2026-07-06T19:43:44Z,0.00,270.00,29.07,S,0.00,0.00,1009.00,67.61,1009.00,4.71,22.46,0.00,0.00,180.00,0.00,79DAAFB4
2026-07-06T19:26:36Z,0.00,270.00,28.98,S,0.00,0.00,1009.20,67.77,1009.20,4.68,22.41,0.00,0.00,180.00,0.00,79DAAFB4
2026-07-06T19:09:28Z,0.00,270.00,29.03,S,0.00,0.00,1009.30,67.35,1009.30,4.75,22.36,0.00,0.00,180.00,0.00,79DAAFB4
2026-07-06T18:52:20Z,0.00,270.00,28.98,S,0.00,0.00,1009.30,67.18,1009.30,4.77,22.27,0.00,0.00,180.00,0.00,79DAAFB4
2026-07-06T18:35:12Z,0.00,270.00,28.99,S,0.00,0.00,1009.30,67.12,1009.30,4.78,22.27,0.00,0.00,180.00,0.00,79DAAFB4
2026-07-06T18:14:32Z,0.00,270.00,28.98,S,0.00,0.00,1009.40,66.82,1009.40,4.82,22.18,0.00,0.00,180.00,0.00,79DAAFB4
2026-07-06T17:57:13Z,0.00,270.00,28.98,S,0.00,0.00,1009.50,66.63,1009.50,4.85,22.14,0.00,0.00,180.00,0.00,79DAAFB4
2026-07-06T17:40:04Z,0.00,270.00,28.93,S,0.00,0.00,1009.50,66.43,1009.50,4.88,22.04,0.00,0.00,180.00,0.00,79DAAFB4
2026-07-06T17:22:56Z,0.00,270.00,28.91,S,0.00,0.00,1009.60,66.25,1009.60,4.91,21.98,0.00,0.00,180.00,0.00,79DAAFB4
2026-07-06T17:05:48Z,0.00,270.00,28.90,S,0.00,0.00,1009.50,66.04,1009.50,4.94,21.91,0.00,0.00,180.00,0.00,79DAAFB4
2026-07-06T16:48:29Z,0.00,270.00,28.88,S,0.00,0.00,1009.70,65.80,1009.70,4.98,21.84,0.00,0.00,180.00,0.00,79DAAFB4
2026-07-06T16:31:21Z,0.00,270.00,28.79,S,0.00,0.00,1009.80,65.27,1009.80,5.05,21.62,0.00,0.00,180.00,0.00,79DAAFB4
2026-07-06T16:14:13Z,0.00,270.00,28.78,S,0.00,0.00,1010.10,65.05,1010.10,5.08,21.55,0.00,0.00,180.00,0.00,79DAAFB4
2026-07-06T15:57:27Z,0.00,270.00,28.79,S,0.00,0.00,1010.10,64.50,1010.10,5.17,21.42,0.00,0.00,180.00,0.00,79DAAFB4
2026-07-06T15:40:19Z,0.00,270.00,28.72,S,0.00,0.00,1010.30,64.45,1010.30,5.17,21.34,0.00,0.00,180.00,0.00,79DAAFB4
2026-07-06T15:23:11Z,0.00,270.00,28.67,S,0.00,0.00,1010.20,64.12,1010.20,5.22,21.21,0.00,0.00,180.00,0.00,79DAAFB4
2026-07-06T15:05:52Z,0.00,270.00,28.65,S,0.00,0.00,1010.20,64.04,1010.20,5.23,21.17,0.00,0.00,180.00,0.00,79DAAFB4
2026-07-06T14:48:43Z,0.00,270.00,28.61,S,0.00,0.00,1010.10,63.31,1010.10,5.34,20.95,0.00,0.00,180.00,0.00,79DAAFB4
2026-07-06T14:31:35Z,0.00,270.00,28.52,S,0.00,0.00,1010.00,62.66,1010.00,5.43,20.70,0.00,0.00,180.00,0.00,79DAAFB4
2026-07-06T14:14:26Z,0.00,270.00,28.42,S,0.00,0.00,1009.60,62.25,1009.60,5.49,20.50,0.00,0.00,180.00,0.00,79DAAFB4
2026-07-06T13:57:17Z,0.00,270.00,28.43,S,0.00,0.00,1009.50,61.69,1009.50,5.58,20.36,0.00,0.00,180.00,0.00,79DAAFB4
2026-07-06T13:40:09Z,0.00,270.00,28.35,S,0.00,0.00,1009.30,61.15,1009.30,5.66,20.14,0.00,0.00,180.00,0.00,79DAAFB4
2026-07-06T13:22:50Z,0.00,270.00,28.23,S,0.00,0.00,1009.10,60.94,1009.10,5.68,19.97,0.00,0.00,180.00,0.00,79DAAFB4
2026-07-06T13:05:42Z,0.00,270.00,28.12,S,0.00,0.00,1009.00,60.29,1009.00,5.77,19.70,0.00,0.00,180.00,0.00,79DAAFB4
2026-07-06T12:48:34Z,0.00,270.00,27.98,S,0.00,0.00,1008.80,59.23,1008.80,5.92,19.28,0.00,0.00,180.00,0.00,79DAAFB4
2026-07-06T12:31:15Z,0.00,270.00,27.82,S,0.00,0.00,1008.70,57.80,1008.70,6.13,18.74,0.00,0.00,180.00,0.00,79DAAFB4
2026-07-06T12:14:07Z,0.00,270.00,27.58,S,0.00,0.00,1008.30,57.04,1008.30,6.22,18.30,0.00,0.00,180.00,0.00,79DAAFB4
2026-07-06T11:56:47Z,0.00,270.00,27.31,S,0.00,0.00,1008.30,55.22,1008.30,6.48,17.54,0.00,0.00,180.00,0.00,79DAAFB4
2026-07-06T11:39:39Z,0.00,270.00,26.97,S,0.00,0.00,1008.30,53.34,1008.30,6.74,16.68,0.00,0.00,180.00,0.00,79DAAFB4
2026-07-06T11:22:30Z,0.00,270.00,26.37,S,0.00,0.00,1008.10,51.64,1008.10,6.93,15.62,0.00,0.00,180.00,0.00,79DAAFB4
2026-07-06T11:05:21Z,0.00,270.00,25.52,S,0.00,0.00,1007.90,50.21,1007.90,7.04,14.40,0.00,0.00,180.00,0.00,79DAAFB4
2026-07-06T10:48:13Z,0.00,270.00,24.05,S,0.00,0.00,1007.70,48.88,1007.70,7.04,12.64,0.00,0.00,180.00,0.00,79DAAFB4
2026-07-06T10:31:04Z,0.00,270.00,23.34,S,0.00,0.00,1007.50,47.47,1007.50,7.15,11.55,0.00,0.00,180.00,0.00,79DAAFB4
2026-07-06T10:13:56Z,0.00,270.00,23.32,S,0.00,0.00,1007.40,46.92,1007.40,7.23,11.35,0.00,0.00,180.00,0.00,79DAAFB4
2026-07-06T09:56:48Z,0.00,270.00,23.35,S,0.00,0.00,1007.30,46.12,1007.30,7.35,11.12,0.00,0.00,180.00,0.00,79DAAFB4
2026-07-06T09:39:40Z,0.00,270.00,23.50,S,0.00,0.00,1007.10,46.19,1007.10,7.37,11.28,0.00,0.00,180.00,0.00,79DAAFB4
2026-07-06T09:22:21Z,0.00,270.00,23.31,S,0.00,0.00,1007.10,46.46,1007.10,7.29,11.20,0.00,0.00,180.00,0.00,79DAAFB4
2026-07-06T09:05:13Z,0.00,270.00,23.39,S,0.00,0.00,1007.30,46.16,1007.30,7.35,11.17,0.00,0.00,180.00,0.00,79DAAFB4
2026-07-06T08:47:53Z,0.00,270.00,23.43,S,0.00,0.00,1007.40,46.00,1007.40,7.38,11.16,0.00,0.00,180.00,0.00,79DAAFB4
2026-07-06T08:30:44Z,0.00,270.00,23.50,S,0.00,0.00,1007.40,45.79,1007.40,7.43,11.15,0.00,0.00,180.00,0.00,79DAAFB4
2026-07-06T08:13:35Z,0.00,270.00,23.57,S,0.00,0.00,1007.50,46.09,1007.50,7.39,11.31,0.00,0.00,180.00,0.00,79DAAFB4
2026-07-06T07:56:27Z,0.00,270.00,23.68,S,0.00,0.00,1007.60,46.25,1007.60,7.38,11.46,0.00,0.00,180.00,0.00,79DAAFB4
2026-07-06T07:39:19Z,0.00,270.00,23.71,S,0.00,0.00,1007.60,46.69,1007.60,7.32,11.63,0.00,0.00,180.00,0.00,79DAAFB4
2026-07-06T07:22:00Z,0.00,270.00,23.80,S,0.00,0.00,1007.80,46.97,1007.80,7.29,11.81,0.00,0.00,180.00,0.00,79DAAFB4
2026-07-06T07:04:51Z,0.00,270.00,23.91,S,0.00,0.00,1008.20,46.48,1008.20,7.39,11.75,0.00,0.00,180.00,0.00,79DAAFB4
2026-07-06T06:47:42Z,0.00,270.00,24.09,S,0.00,0.00,1008.30,48.00,1008.30,7.18,12.40,0.00,0.00,180.00,0.00,79DAAFB4
2026-07-06T06:30:23Z,0.00,270.00,24.31,S,0.00,0.00,1008.70,51.22,1008.70,6.72,13.59,0.00,0.00,180.00,0.00,79DAAFB4
2026-07-06T06:13:14Z,0.00,270.00,24.24,S,0.00,0.00,1008.60,52.03,1008.60,6.59,13.77,0.00,0.00,180.00,0.00,79DAAFB4
2026-07-06T05:55:55Z,0.00,270.00,24.22,S,0.00,0.00,1008.50,49.86,1008.50,6.91,13.10,0.00,0.00,180.00,0.00,79DAAFB4
2026-07-06T05:38:47Z,0.00,270.00,24.37,S,0.00,0.00,1008.90,49.54,1008.90,6.98,13.14,0.00,0.00,180.00,0.00,79DAAFB4
2026-07-06T05:21:27Z,0.00,270.00,24.35,S,0.00,0.00,1009.10,47.90,1009.10,7.23,12.61,0.00,0.00,180.00,0.00,79DAAFB4
2026-07-06T05:04:08Z,0.00,270.00,24.34,S,0.00,0.00,1009.20,47.53,1009.20,7.29,12.48,0.00,0.00,180.00,0.00,79DAAFB4
2026-07-06T04:47:00Z,0.00,270.00,24.32,S,0.00,0.00,1009.40,47.61,1009.40,7.27,12.49,0.00,0.00,180.00,0.00,79DAAFB4
2026-07-06T04:29:40Z,0.00,270.00,24.45,S,0.00,0.00,1009.50,47.72,1009.50,7.28,12.64,0.00,0.00,180.00,0.00,79DAAFB4
2026-07-06T04:12:30Z,0.00,270.00,24.52,S,0.00,0.00,1009.60,47.42,1009.60,7.33,12.61,0.00,0.00,180.00,0.00,79DAAFB4
2026-07-06T03:55:22Z,0.00,270.00,24.55,S,0.00,0.00,1009.60,47.31,1009.60,7.35,12.60,0.00,0.00,180.00,0.00,79DAAFB4
2026-07-06T03:38:13Z,0.00,270.00,24.71,S,0.00,0.00,1009.80,47.41,1009.80,7.36,12.78,0.00,0.00,180.00,0.00,79DAAFB4
2026-07-06T03:21:05Z,0.00,270.00,24.85,S,0.00,0.00,1010.00,47.80,1010.00,7.32,13.03,0.00,0.00,180.00,0.00,79DAAFB4
2026-07-06T03:03:57Z,0.00,270.00,25.11,S,0.00,0.00,1010.30,48.25,1010.30,7.29,13.41,0.00,0.00,180.00,0.00,79DAAFB4
2026-07-06T02:46:48Z,0.00,270.00,25.45,S,0.00,0.00,1010.40,49.07,1010.40,7.21,13.98,0.00,0.00,180.00,0.00,79DAAFB4
2026-07-06T02:29:39Z,0.00,270.00,25.89,S,0.00,0.00,1010.50,50.49,1010.50,7.05,14.82,0.00,0.00,180.00,0.00,79DAAFB4
2026-07-06T02:12:31Z,0.00,270.00,26.70,S,0.00,0.00,1010.50,52.52,1010.50,6.84,16.18,0.00,0.00,180.00,0.00,79DAAFB4
2026-07-06T01:55:23Z,0.00,270.00,27.84,S,0.00,0.00,1010.50,57.40,1010.50,6.20,18.65,0.00,0.00,180.00,0.00,79DAAFB4
2026-07-06T01:38:04Z,0.00,270.00,29.53,S,0.00,0.00,1010.50,67.28,1010.50,4.80,22.82,0.00,0.00,180.00,0.00,79DAAFB4
2026-07-06T01:20:45Z,0.00,270.00,30.10,S,0.00,0.00,1010.30,73.12,1010.30,3.93,24.75,0.00,0.00,180.00,0.00,79DAAFB4
2026-07-06T01:03:37Z,0.00,270.00,30.10,S,0.00,0.00,1010.20,73.02,1010.20,3.94,24.72,0.00,0.00,180.00,0.00,79DAAFB4
2026-07-06T00:46:17Z,0.00,270.00,30.10,S,0.00,0.00,1010.20,73.05,1010.20,3.94,24.73,0.00,0.00,180.00,0.00,79DAAFB4
2026-07-06T00:29:08Z,0.00,270.00,30.07,S,0.00,0.00,1010.00,73.01,1010.00,3.94,24.69,0.00,0.00,180.00,0.00,79DAAFB4
2026-07-06T00:12:00Z,0.00,270.00,30.05,S,0.00,0.00,1009.90,72.92,1009.90,3.95,24.65,0.00,0.00,180.00,0.00,79DAAFB4
2026-07-05T23:54:52Z,0.00,270.00,30.09,S,0.00,0.00,1009.80,72.93,1009.80,3.95,24.69,0.00,0.00,180.00,0.00,79DAAFB4
2026-07-05T23:37:44Z,0.00,270.00,30.06,S,0.00,0.00,1009.70,72.95,1009.70,3.95,24.67,0.00,0.00,180.00,0.00,79DAAFB4
2026-07-05T23:20:36Z,0.00,270.00,30.03,S,0.00,0.00,1009.80,72.82,1009.80,3.97,24.61,0.00,0.00,180.00,0.00,79DAAFB4
2026-07-05T23:03:28Z,0.00,270.00,30.01,S,0.00,0.00,1009.70,72.81,1009.70,3.97,24.59,0.00,0.00,180.00,0.00,79DAAFB4
2026-07-05T22:46:09Z,0.00,270.00,30.02,S,0.00,0.00,1009.60,72.75,1009.60,3.98,24.59,0.00,0.00,180.00,0.00,79DAAFB4
2026-07-05T22:28:50Z,0.00,270.00,30.05,S,0.00,0.00,1009.50,72.73,1009.50,3.98,24.61,0.00,0.00,180.00,0.00,79DAAFB4
2026-07-05T22:11:42Z,0.00,270.00,30.07,S,0.00,0.00,1009.30,72.65,1009.30,4.00,24.61,0.00,0.00,180.00,0.00,79DAAFB4
2026-07-05T21:54:22Z,0.00,270.00,30.08,S,0.00,0.00,1009.20,72.71,1009.20,3.99,24.63,0.00,0.00,180.00,0.00,79DAAFB4
2026-07-05T21:37:13Z,0.00,270.00,30.09,S,0.00,0.00,1009.10,72.60,1009.10,4.01,24.62,0.00,0.00,180.00,0.00,79DAAFB4
2026-07-05T21:20:05Z,0.00,270.00,30.06,S,0.00,0.00,1009.20,72.56,1009.20,4.01,24.58,0.00,0.00,180.00,0.00,79DAAFB4
2026-07-05T21:02:57Z,0.00,270.00,30.08,S,0.00,0.00,1009.10,72.51,1009.10,4.02,24.59,0.00,0.00,180.00,0.00,79DAAFB4
2026-07-05T20:45:49Z,0.00,270.00,30.02,S,0.00,0.00,1009.10,72.46,1009.10,4.02,24.52,0.00,0.00,180.00,0.00,79DAAFB4
2026-07-05T20:28:41Z,0.00,270.00,30.09,S,0.00,0.00,1009.10,72.38,1009.10,4.04,24.57,0.00,0.00,180.00,0.00,79DAAFB4
2026-07-05T20:11:33Z,0.00,270.00,30.05,S,0.00,0.00,1009.00,72.34,1009.00,4.04,24.52,0.00,0.00,180.00,0.00,79DAAFB4
2026-07-05T19:54:14Z,0.00,270.00,30.06,S,0.00,0.00,1009.00,72.33,1009.00,4.05,24.53,0.00,0.00,180.00,0.00,79DAAFB4
2026-07-05T19:36:55Z,0.00,270.00,30.13,S,0.00,0.00,1009.10,72.26,1009.10,4.06,24.58,0.00,0.00,180.00,0.00,79DAAFB4
2026-07-05T19:19:47Z,0.00,270.00,30.10,S,0.00,0.00,1009.20,72.29,1009.20,4.05,24.56,0.00,0.00,180.00,0.00,79DAAFB4
2026-07-05T19:02:27Z,0.00,270.00,30.08,S,0.00,0.00,1009.20,72.22,1009.20,4.06,24.52,0.00,0.00,180.00,0.00,79DAAFB4
2026-07-05T18:45:18Z,0.00,270.00,30.08,S,0.00,0.00,1009.40,72.17,1009.40,4.07,24.51,0.00,0.00,180.00,0.00,79DAAFB4
2026-07-05T18:28:10Z,0.00,270.00,30.12,S,0.00,0.00,1009.50,72.11,1009.50,4.08,24.53,0.00,0.00,180.00,0.00,79DAAFB4
2026-07-05T18:11:02Z,0.00,270.00,30.10,S,0.00,0.00,1009.70,72.11,1009.70,4.08,24.51,0.00,0.00,180.00,0.00,79DAAFB4
2026-07-05T17:53:54Z,0.00,270.00,30.10,S,0.00,0.00,1009.80,72.04,1009.80,4.09,24.50,0.00,0.00,180.00,0.00,79DAAFB4
2026-07-05T17:36:46Z,0.00,270.00,30.13,S,0.00,0.00,1009.90,72.06,1009.90,4.09,24.53,0.00,0.00,180.00,0.00,79DAAFB4
2026-07-05T17:19:38Z,0.00,270.00,30.12,S,0.00,0.00,1010.10,71.98,1010.10,4.10,24.50,0.00,0.00,180.00,0.00,79DAAFB4
2026-07-05T17:02:19Z,0.00,270.00,30.13,S,0.00,0.00,1010.10,71.93,1010.10,4.11,24.50,0.00,0.00,180.00,0.00,79DAAFB4
2026-07-05T16:45:00Z,0.00,270.00,30.15,S,0.00,0.00,1010.20,71.95,1010.20,4.11,24.53,0.00,0.00,180.00,0.00,79DAAFB4
2026-07-05T16:27:52Z,0.00,270.00,30.13,S,0.00,0.00,1010.50,71.89,1010.50,4.12,24.49,0.00,0.00,180.00,0.00,79DAAFB4
2026-07-05T16:10:33Z,0.00,270.00,30.13,S,0.00,0.00,1010.60,71.81,1010.60,4.13,24.47,0.00,0.00,180.00,0.00,79DAAFB4
2026-07-05T15:53:24Z,0.00,270.00,30.14,S,0.00,0.00,1010.80,71.70,1010.80,4.15,24.46,0.00,0.00,180.00,0.00,79DAAFB4
2026-07-05T15:36:16Z,0.00,270.00,30.17,S,0.00,0.00,1010.70,71.71,1010.70,4.15,24.49,0.00,0.00,180.00,0.00,79DAAFB4
2026-07-05T15:15:46Z,0.00,270.00,30.15,S,0.00,0.00,1010.60,71.59,1010.60,4.17,24.44,0.00,0.00,180.00,0.00,79DAAFB4
2026-07-05T14:58:37Z,0.00,270.00,30.21,S,0.00,0.00,1010.50,71.51,1010.50,4.18,24.48,0.00,0.00,180.00,0.00,79DAAFB4
2026-07-05T14:41:18Z,0.00,270.00,30.17,S,0.00,0.00,1010.40,71.40,1010.40,4.20,24.42,0.00,0.00,180.00,0.00,79DAAFB4
2026-07-05T14:24:10Z,0.00,270.00,30.17,S,0.00,0.00,1010.20,71.28,1010.20,4.22,24.39,0.00,0.00,180.00,0.00,79DAAFB4
2026-07-05T14:07:02Z,0.00,270.00,30.18,S,0.00,0.00,1010.00,71.20,1010.00,4.23,24.38,0.00,0.00,180.00,0.00,79DAAFB4
2026-07-05T13:49:43Z,0.00,270.00,30.22,S,0.00,0.00,1009.90,71.11,1009.90,4.25,24.40,0.00,0.00,180.00,0.00,79DAAFB4
2026-07-05T13:32:24Z,0.00,270.00,30.22,S,0.00,0.00,1009.90,70.99,1009.90,4.26,24.37,0.00,0.00,180.00,0.00,79DAAFB4
2026-07-05T13:15:15Z,0.00,270.00,30.18,S,0.00,0.00,1010.10,70.92,1010.10,4.27,24.31,0.00,0.00,180.00,0.00,79DAAFB4
2026-07-05T12:58:07Z,0.00,270.00,30.24,S,0.00,0.00,1010.10,70.90,1010.10,4.28,24.37,0.00,0.00,180.00,0.00,79DAAFB4
2026-07-05T12:40:59Z,0.00,270.00,30.19,S,0.00,0.00,1010.20,70.89,1010.20,4.28,24.32,0.00,0.00,180.00,0.00,79DAAFB4
2026-07-05T12:23:40Z,0.00,270.00,30.28,S,0.00,0.00,1010.00,70.87,1010.00,4.29,24.40,0.00,0.00,180.00,0.00,79DAAFB4
2026-07-05T12:06:31Z,0.00,270.00,30.31,S,0.00,0.00,1010.00,70.78,1010.00,4.30,24.40,0.00,0.00,180.00,0.00,79DAAFB4
2026-07-05T11:49:22Z,0.00,270.00,30.32,S,0.00,0.00,1009.90,70.82,1009.90,4.30,24.42,0.00,0.00,180.00,0.00,79DAAFB4
2026-07-05T11:32:03Z,0.00,270.00,30.37,S,0.00,0.00,1009.50,70.63,1009.50,4.33,24.43,0.00,0.00,180.00,0.00,79DAAFB4
2026-07-05T11:14:55Z,0.00,270.00,30.36,S,0.00,0.00,1009.20,70.54,1009.20,4.34,24.40,0.00,0.00,180.00,0.00,79DAAFB4
2026-07-05T10:57:47Z,0.00,270.00,30.46,S,0.00,0.00,1009.00,70.31,1009.00,4.39,24.44,0.00,0.00,180.00,0.00,79DAAFB4
2026-07-05T10:40:28Z,0.00,270.00,30.50,S,0.00,0.00,1008.80,70.23,1008.80,4.40,24.46,0.00,0.00,180.00,0.00,79DAAFB4
2026-07-05T10:23:09Z,0.00,270.00,30.54,S,0.00,0.00,1008.90,70.00,1008.90,4.44,24.44,0.00,0.00,180.00,0.00,79DAAFB4
2026-07-05T10:06:01Z,0.00,270.00,30.53,S,0.00,0.00,1008.50,69.92,1008.50,4.45,24.41,0.00,0.00,180.00,0.00,79DAAFB4
2026-07-05T09:48:41Z,0.00,270.00,30.53,S,0.00,0.00,1008.20,70.12,1008.20,4.42,24.46,0.00,0.00,180.00,0.00,79DAAFB4
2026-07-05T09:31:32Z,0.00,270.00,30.44,S,0.00,0.00,1007.80,70.41,1007.80,4.37,24.44,0.00,0.00,180.00,0.00,79DAAFB4
2026-07-05T09:14:24Z,0.00,270.00,30.36,S,0.00,0.00,1007.70,70.46,1007.70,4.36,24.38,0.00,0.00,180.00,0.00,79DAAFB4
2026-07-05T08:57:08Z,0.00,270.00,30.28,S,0.00,0.00,1007.60,70.50,1007.60,4.35,24.31,0.00,0.00,180.00,0.00,79DAAFB4
2026-07-05T08:39:49Z,0.00,270.00,30.21,S,0.00,0.00,1007.90,70.55,1007.90,4.33,24.25,0.00,0.00,180.00,0.00,79DAAFB4
2026-07-05T08:22:41Z,0.00,270.00,30.25,S,0.00,0.00,1007.90,70.59,1007.90,4.33,24.30,0.00,0.00,180.00,0.00,79DAAFB4
2026-07-05T08:05:33Z,0.00,270.00,30.16,S,0.00,0.00,1008.00,70.69,1008.00,4.31,24.24,0.00,0.00,180.00,0.00,79DAAFB4
2026-07-05T07:48:14Z,0.00,270.00,30.12,S,0.00,0.00,1008.10,70.74,1008.10,4.30,24.21,0.00,0.00,180.00,0.00,79DAAFB4
2026-07-05T07:30:55Z,0.00,270.00,30.16,S,0.00,0.00,1008.50,70.76,1008.50,4.30,24.26,0.00,0.00,180.00,0.00,79DAAFB4
2026-07-05T07:13:47Z,0.00,270.00,30.12,S,0.00,0.00,1008.70,70.74,1008.70,4.30,24.21,0.00,0.00,180.00,0.00,79DAAFB4
2026-07-05T06:56:27Z,0.00,270.00,30.14,S,0.00,0.00,1009.00,70.69,1009.00,4.31,24.22,0.00,0.00,180.00,0.00,79DAAFB4
2026-07-05T06:39:18Z,0.00,270.00,30.12,S,0.00,0.00,1009.30,70.74,1009.30,4.30,24.21,0.00,0.00,180.00,0.00,79DAAFB4
2026-07-05T06:22:10Z,0.00,270.00,30.08,S,0.00,0.00,1009.50,70.72,1009.50,4.30,24.17,0.00,0.00,180.00,0.00,79DAAFB4
2026-07-05T06:05:02Z,0.00,270.00,30.02,S,0.00,0.00,1009.60,70.77,1009.60,4.29,24.12,0.00,0.00,180.00,0.00,79DAAFB4
2026-07-05T05:47:54Z,0.00,270.00,29.95,S,0.00,0.00,1009.80,70.79,1009.80,4.28,24.06,0.00,0.00,180.00,0.00,79DAAFB4
2026-07-05T05:30:46Z,0.00,270.00,29.97,S,0.00,0.00,1010.10,70.86,1010.10,4.27,24.10,0.00,0.00,180.00,0.00,79DAAFB4
2026-07-05T05:13:38Z,0.00,270.00,29.93,S,0.00,0.00,1010.40,70.85,1010.40,4.27,24.06,0.00,0.00,180.00,0.00,79DAAFB4
2026-07-05T04:56:30Z,0.00,270.00,29.90,S,0.00,0.00,1010.60,70.83,1010.60,4.27,24.02,0.00,0.00,180.00,0.00,79DAAFB4
2026-07-05T04:39:11Z,0.00,270.00,29.83,S,0.00,0.00,1010.70,70.84,1010.70,4.26,23.96,0.00,0.00,180.00,0.00,79DAAFB4
2026-07-05T04:22:02Z,0.00,270.00,29.85,S,0.00,0.00,1010.90,70.84,1010.90,4.26,23.98,0.00,0.00,180.00,0.00,79DAAFB4
2026-07-05T04:04:54Z,0.00,270.00,29.86,S,0.00,0.00,1011.00,70.76,1011.00,4.28,23.97,0.00,0.00,180.00,0.00,79DAAFB4
2026-07-05T03:47:46Z,0.00,270.00,29.87,S,0.00,0.00,1011.00,70.76,1011.00,4.28,23.98,0.00,0.00,180.00,0.00,79DAAFB4
2026-07-05T03:30:27Z,0.00,270.00,29.79,S,0.00,0.00,1011.00,70.71,1011.00,4.28,23.89,0.00,0.00,180.00,0.00,79DAAFB4
2026-07-05T03:13:18Z,0.00,270.00,29.79,S,0.00,0.00,1011.10,70.70,1011.10,4.28,23.89,0.00,0.00,180.00,0.00,79DAAFB4
2026-07-05T02:56:09Z,0.00,270.00,29.75,S,0.00,0.00,1011.20,70.76,1011.20,4.27,23.86,0.00,0.00,180.00,0.00,79DAAFB4
2026-07-05T02:38:50Z,0.00,270.00,29.74,S,0.00,0.00,1011.30,70.66,1011.30,4.28,23.83,0.00,0.00,180.00,0.00,79DAAFB4
2026-07-05T02:21:42Z,0.00,270.00,29.70,S,0.00,0.00,1011.30,70.61,1011.30,4.29,23.78,0.00,0.00,180.00,0.00,79DAAFB4
2026-07-05T02:04:34Z,0.00,270.00,29.67,S,0.00,0.00,1011.30,70.66,1011.30,4.28,23.76,0.00,0.00,180.00,0.00,79DAAFB4
2026-07-05T01:47:15Z,0.00,270.00,29.65,S,0.00,0.00,1011.30,70.75,1011.30,4.26,23.77,0.00,0.00,180.00,0.00,79DAAFB4
2026-07-05T01:29:56Z,0.00,270.00,29.62,S,0.00,0.00,1011.30,70.82,1011.30,4.25,23.75,0.00,0.00,180.00,0.00,79DAAFB4
2026-07-05T01:12:47Z,0.00,270.00,29.60,S,0.00,0.00,1011.10,70.98,1011.10,4.23,23.77,0.00,0.00,180.00,0.00,79DAAFB4
2026-07-05T00:55:39Z,0.00,270.00,29.53,S,0.00,0.00,1011.00,71.02,1011.00,4.21,23.71,0.00,0.00,180.00,0.00,79DAAFB4
2026-07-05T00:38:31Z,0.00,270.00,29.56,S,0.00,0.00,1010.80,71.02,1010.80,4.22,23.74,0.00,0.00,180.00,0.00,79DAAFB4
2026-07-05T00:21:12Z,0.00,270.00,29.56,S,0.00,0.00,1010.60,71.06,1010.60,4.21,23.75,0.00,0.00,180.00,0.00,79DAAFB4
2026-07-05T00:04:03Z,0.00,270.00,29.60,S,0.00,0.00,1010.40,71.10,1010.40,4.21,23.80,0.00,0.00,180.00,0.00,79DAAFB4
2026-07-04T23:46:54Z,0.00,270.00,29.58,S,0.00,0.00,1010.20,71.07,1010.20,4.21,23.77,0.00,0.00,180.00,0.00,79DAAFB4
2026-07-04T23:29:35Z,0.00,270.00,29.54,S,0.00,0.00,1010.20,71.05,1010.20,4.21,23.73,0.00,0.00,180.00,0.00,79DAAFB4
2026-07-04T23:12:27Z,0.00,270.00,29.50,S,0.00,0.00,1010.10,71.12,1010.10,4.20,23.71,0.00,0.00,180.00,0.00,79DAAFB4
2026-07-04T22:55:19Z,0.00,270.00,29.54,S,0.00,0.00,1009.70,71.06,1009.70,4.21,23.73,0.00,0.00,180.00,0.00,79DAAFB4
2026-07-04T22:38:00Z,0.00,270.00,29.53,S,0.00,0.00,1009.40,71.10,1009.40,4.20,23.73,0.00,0.00,180.00,0.00,79DAAFB4
2026-07-04T22:20:41Z,0.00,270.00,29.54,S,0.00,0.00,1009.20,71.03,1009.20,4.21,23.73,0.00,0.00,180.00,0.00,79DAAFB4
2026-07-04T22:03:33Z,0.00,270.00,29.46,S,0.00,0.00,1009.00,71.03,1009.00,4.21,23.65,0.00,0.00,180.00,0.00,79DAAFB4
2026-07-04T21:46:13Z,0.00,270.00,29.52,S,0.00,0.00,1009.00,70.94,1009.00,4.23,23.69,0.00,0.00,180.00,0.00,79DAAFB4
2026-07-04T21:29:04Z,0.00,270.00,29.54,S,0.00,0.00,1009.00,70.90,1009.00,4.23,23.70,0.00,0.00,180.00,0.00,79DAAFB4
2026-07-04T21:11:56Z,0.00,270.00,29.51,S,0.00,0.00,1009.00,70.86,1009.00,4.24,23.66,0.00,0.00,180.00,0.00,79DAAFB4
2026-07-04T20:54:37Z,0.00,270.00,29.55,S,0.00,0.00,1009.10,70.89,1009.10,4.24,23.70,0.00,0.00,180.00,0.00,79DAAFB4
2026-07-04T20:37:29Z,0.00,270.00,29.57,S,0.00,0.00,1009.10,70.85,1009.10,4.24,23.71,0.00,0.00,180.00,0.00,79DAAFB4
2026-07-04T20:20:21Z,0.00,270.00,29.51,S,0.00,0.00,1009.10,70.74,1009.10,4.26,23.63,0.00,0.00,180.00,0.00,79DAAFB4
2026-07-04T20:03:02Z,0.00,270.00,29.52,S,0.00,0.00,1009.20,70.74,1009.20,4.26,23.64,0.00,0.00,180.00,0.00,79DAAFB4
2026-07-04T19:45:54Z,0.00,270.00,29.55,S,0.00,0.00,1009.20,70.73,1009.20,4.26,23.67,0.00,0.00,180.00,0.00,79DAAFB4
2026-07-04T19:28:34Z,0.00,270.00,29.55,S,0.00,0.00,1009.30,70.62,1009.30,4.28,23.64,0.00,0.00,180.00,0.00,79DAAFB4
2026-07-04T19:11:26Z,0.00,270.00,29.53,S,0.00,0.00,1009.50,70.64,1009.50,4.27,23.63,0.00,0.00,180.00,0.00,79DAAFB4
2026-07-04T18:54:17Z,0.00,270.00,29.58,S,0.00,0.00,1009.60,70.62,1009.60,4.28,23.67,0.00,0.00,180.00,0.00,79DAAFB4
2026-07-04T18:37:08Z,0.00,270.00,29.56,S,0.00,0.00,1009.70,70.52,1009.70,4.29,23.63,0.00,0.00,180.00,0.00,79DAAFB4
2026-07-04T18:20:00Z,0.00,270.00,29.58,S,0.00,0.00,1009.90,70.57,1009.90,4.29,23.66,0.00,0.00,180.00,0.00,79DAAFB4
2026-07-04T18:02:51Z,0.00,270.00,29.56,S,0.00,0.00,1010.00,70.52,1010.00,4.29,23.63,0.00,0.00,180.00,0.00,79DAAFB4
2026-07-04T17:45:43Z,0.00,270.00,29.56,S,0.00,0.00,1010.20,70.54,1010.20,4.29,23.63,0.00,0.00,180.00,0.00,79DAAFB4
2026-07-04T17:28:35Z,0.00,270.00,29.56,S,0.00,0.00,1010.40,70.46,1010.40,4.30,23.61,0.00,0.00,180.00,0.00,79DAAFB4
2026-07-04T17:11:27Z,0.00,270.00,29.58,S,0.00,0.00,1010.40,70.42,1010.40,4.31,23.62,0.00,0.00,180.00,0.00,79DAAFB4
2026-07-04T16:54:08Z,0.00,270.00,29.57,S,0.00,0.00,1010.60,70.39,1010.60,4.31,23.60,0.00,0.00,180.00,0.00,79DAAFB4
2026-07-04T16:37:00Z,0.00,270.00,29.56,S,0.00,0.00,1010.80,70.33,1010.80,4.32,23.58,0.00,0.00,180.00,0.00,79DAAFB4
2026-07-04T16:19:40Z,0.00,270.00,29.59,S,0.00,0.00,1011.10,70.36,1011.10,4.32,23.62,0.00,0.00,180.00,0.00,79DAAFB4
2026-07-04T16:02:28Z,0.00,270.00,29.59,S,0.00,0.00,1011.20,70.22,1011.20,4.34,23.58,0.00,0.00,180.00,0.00,79DAAFB4
2026-07-04T15:45:42Z,0.00,270.00,29.56,S,0.00,0.00,1011.10,70.11,1011.10,4.36,23.53,0.00,0.00,180.00,0.00,79DAAFB4
2026-07-04T15:28:23Z,0.00,270.00,29.58,S,0.00,0.00,1011.10,70.08,1011.10,4.36,23.54,0.00,0.00,180.00,0.00,79DAAFB4
2026-07-04T15:11:04Z,0.00,270.00,29.59,S,0.00,0.00,1011.00,70.11,1011.00,4.36,23.56,0.00,0.00,180.00,0.00,79DAAFB4
2026-07-04T14:53:56Z,0.00,270.00,29.57,S,0.00,0.00,1010.90,70.00,1010.90,4.37,23.51,0.00,0.00,180.00,0.00,79DAAFB4
2026-07-04T14:36:36Z,0.00,270.00,29.57,S,0.00,0.00,1010.90,70.03,1010.90,4.37,23.52,0.00,0.00,180.00,0.00,79DAAFB4
2026-07-04T14:19:27Z,0.00,270.00,29.59,S,0.00,0.00,1011.00,70.03,1011.00,4.37,23.54,0.00,0.00,180.00,0.00,79DAAFB4
2026-07-04T14:02:19Z,0.00,270.00,29.60,S,0.00,0.00,1010.90,69.92,1010.90,4.39,23.52,0.00,0.00,180.00,0.00,79DAAFB4
2026-07-04T13:45:00Z,0.00,270.00,29.59,S,0.00,0.00,1010.80,69.88,1010.80,4.39,23.50,0.00,0.00,180.00,0.00,79DAAFB4
2026-07-04T13:27:52Z,0.00,270.00,29.58,S,0.00,0.00,1010.80,69.83,1010.80,4.40,23.48,0.00,0.00,180.00,0.00,79DAAFB4
2026-07-04T13:10:44Z,0.00,270.00,29.59,S,0.00,0.00,1010.60,69.81,1010.60,4.41,23.49,0.00,0.00,180.00,0.00,79DAAFB4
2026-07-04T12:53:25Z,0.00,270.00,29.55,S,0.00,0.00,1010.20,69.71,1010.20,4.42,23.42,0.00,0.00,180.00,0.00,79DAAFB4
2026-07-04T12:32:37Z,0.00,270.00,29.55,S,0.00,0.00,1010.10,69.72,1010.10,4.42,23.43,0.00,0.00,180.00,0.00,79DAAFB4
2026-07-04T12:15:28Z,0.00,270.00,29.60,S,0.00,0.00,1010.00,69.81,1010.00,4.41,23.50,0.00,0.00,180.00,0.00,79DAAFB4
2026-07-04T11:58:20Z,0.00,270.00,29.59,S,0.00,0.00,1009.60,69.43,1009.60,4.46,23.40,0.00,0.00,180.00,0.00,79DAAFB4
2026-07-04T11:41:11Z,0.00,270.00,29.59,S,0.00,0.00,1009.40,69.24,1009.40,4.49,23.35,0.00,0.00,180.00,0.00,79DAAFB4
2026-07-04T11:24:03Z,0.00,270.00,29.62,S,0.00,0.00,1009.40,69.29,1009.40,4.49,23.39,0.00,0.00,180.00,0.00,79DAAFB4
2026-07-04T11:06:55Z,0.00,270.00,29.61,S,0.00,0.00,1009.20,68.52,1009.20,4.61,23.20,0.00,0.00,180.00,0.00,79DAAFB4
2026-07-04T10:49:47Z,0.00,270.00,29.62,S,0.00,0.00,1008.70,68.16,1008.70,4.66,23.12,0.00,0.00,180.00,0.00,79DAAFB4
2026-07-04T10:32:28Z,0.00,270.00,29.58,S,0.00,0.00,1008.30,67.77,1008.30,4.72,22.99,0.00,0.00,180.00,0.00,79DAAFB4
2026-07-04T10:15:20Z,0.00,270.00,29.65,S,0.00,0.00,1008.30,67.23,1008.30,4.81,22.92,0.00,0.00,180.00,0.00,79DAAFB4
2026-07-04T09:58:00Z,0.00,270.00,29.58,S,0.00,0.00,1008.20,67.11,1008.20,4.83,22.82,0.00,0.00,180.00,0.00,79DAAFB4
2026-07-04T09:40:41Z,0.00,270.00,29.60,S,0.00,0.00,1007.90,66.77,1007.90,4.88,22.76,0.00,0.00,180.00,0.00,79DAAFB4
2026-07-04T09:23:33Z,0.00,270.00,29.59,S,0.00,0.00,1007.90,66.27,1007.90,4.96,22.63,0.00,0.00,180.00,0.00,79DAAFB4
2026-07-04T09:06:14Z,0.00,270.00,29.54,S,0.00,0.00,1007.70,65.36,1007.70,5.10,22.35,0.00,0.00,180.00,0.00,79DAAFB4
2026-07-04T08:49:05Z,0.00,270.00,29.54,S,0.00,0.00,1007.90,65.00,1007.90,5.16,22.26,0.00,0.00,180.00,0.00,79DAAFB4
2026-07-04T08:31:56Z,0.00,270.00,29.55,S,0.00,0.00,1007.90,64.50,1007.90,5.24,22.14,0.00,0.00,180.00,0.00,79DAAFB4
2026-07-04T08:14:48Z,0.00,270.00,29.49,S,0.00,0.00,1008.00,64.10,1008.00,5.29,21.98,0.00,0.00,180.00,0.00,79DAAFB4
2026-07-04T07:57:40Z,0.00,270.00,29.44,S,0.00,0.00,1008.10,63.73,1008.10,5.35,21.84,0.00,0.00,180.00,0.00,79DAAFB4
2026-07-04T07:40:32Z,0.00,270.00,29.37,S,0.00,0.00,1008.30,63.21,1008.30,5.43,21.64,0.00,0.00,180.00,0.00,79DAAFB4
2026-07-04T07:23:13Z,0.00,270.00,29.38,S,0.00,0.00,1008.30,62.20,1008.30,5.59,21.39,0.00,0.00,180.00,0.00,79DAAFB4
2026-07-04T07:06:04Z,0.00,270.00,29.23,S,0.00,0.00,1008.40,61.62,1008.40,5.67,21.09,0.00,0.00,180.00,0.00,79DAAFB4
2026-07-04T06:48:45Z,0.00,270.00,29.10,S,0.00,0.00,1008.70,60.21,1008.70,5.88,20.59,0.00,0.00,180.00,0.00,79DAAFB4
2026-07-04T06:31:26Z,0.00,270.00,28.84,S,0.00,0.00,1008.60,58.95,1008.60,6.06,20.01,0.00,0.00,180.00,0.00,79DAAFB4
2026-07-04T06:14:18Z,0.00,270.00,28.61,S,0.00,0.00,1008.70,57.48,1008.70,6.27,19.39,0.00,0.00,180.00,0.00,79DAAFB4
2026-07-04T05:56:58Z,0.00,270.00,28.41,S,0.00,0.00,1009.10,53.30,1009.10,6.93,17.99,0.00,0.00,180.00,0.00,79DAAFB4
2026-07-04T05:39:49Z,0.00,270.00,28.67,S,0.00,0.00,1009.20,52.25,1009.20,7.14,17.92,0.00,0.00,180.00,0.00,79DAAFB4
2026-07-04T05:22:41Z,0.00,270.00,29.11,S,0.00,0.00,1009.40,56.61,1009.40,6.47,19.61,0.00,0.00,180.00,0.00,79DAAFB4
2026-07-04T05:05:33Z,0.00,270.00,29.39,S,0.00,0.00,1009.60,63.81,1009.60,5.33,21.81,0.00,0.00,180.00,0.00,79DAAFB4
2026-07-04T04:48:25Z,0.00,270.00,29.41,S,0.00,0.00,1009.80,67.82,1009.80,4.70,22.84,0.00,0.00,180.00,0.00,79DAAFB4
2026-07-04T04:31:17Z,0.00,270.00,29.31,S,0.00,0.00,1009.90,67.77,1009.90,4.70,22.73,0.00,0.00,180.00,0.00,79DAAFB4
2026-07-04T04:14:09Z,0.00,270.00,29.28,S,0.00,0.00,1009.90,67.71,1009.90,4.71,22.69,0.00,0.00,180.00,0.00,79DAAFB4
2026-07-04T03:57:01Z,0.00,270.00,29.17,S,0.00,0.00,1009.90,67.60,1009.90,4.72,22.55,0.00,0.00,180.00,0.00,79DAAFB4
2026-07-04T03:39:42Z,0.00,270.00,29.14,S,0.00,0.00,1010.00,67.55,1010.00,4.72,22.51,0.00,0.00,180.00,0.00,79DAAFB4
2026-07-04T03:22:33Z,0.00,270.00,29.17,S,0.00,0.00,1010.10,65.95,1010.10,4.98,22.15,0.00,0.00,180.00,0.00,79DAAFB4
2026-07-04T03:05:25Z,0.00,270.00,29.19,S,0.00,0.00,1010.40,69.47,1010.40,4.43,23.02,0.00,0.00,180.00,0.00,79DAAFB4
2026-07-04T02:48:17Z,0.00,270.00,29.14,S,0.00,0.00,1010.40,69.10,1010.40,4.48,22.89,0.00,0.00,180.00,0.00,79DAAFB4
2026-07-04T02:30:58Z,0.00,270.00,29.08,S,0.00,0.00,1010.40,68.25,1010.40,4.61,22.63,0.00,0.00,180.00,0.00,79DAAFB4
2026-07-04T02:13:49Z,0.00,270.00,29.04,S,0.00,0.00,1010.50,67.53,1010.50,4.72,22.41,0.00,0.00,180.00,0.00,79DAAFB4
2026-07-04T01:56:40Z,0.00,270.00,29.02,S,0.00,0.00,1010.60,67.35,1010.60,4.75,22.35,0.00,0.00,180.00,0.00,79DAAFB4
2026-07-04T01:39:21Z,0.00,270.00,29.02,S,0.00,0.00,1010.70,67.26,1010.70,4.76,22.33,0.00,0.00,180.00,0.00,79DAAFB4
2026-07-04T01:22:13Z,0.00,270.00,28.93,S,0.00,0.00,1010.60,66.97,1010.60,4.80,22.17,0.00,0.00,180.00,0.00,79DAAFB4
2026-07-04T01:05:05Z,0.00,270.00,28.95,S,0.00,0.00,1010.30,67.00,1010.30,4.79,22.20,0.00,0.00,180.00,0.00,79DAAFB4
2026-07-04T00:47:46Z,0.00,270.00,28.90,S,0.00,0.00,1010.00,66.90,1010.00,4.81,22.13,0.00,0.00,180.00,0.00,79DAAFB4
2026-07-04T00:30:27Z,0.00,270.00,28.91,S,0.00,0.00,1009.70,66.84,1009.70,4.82,22.12,0.00,0.00,180.00,0.00,79DAAFB4
2026-07-04T00:13:18Z,0.00,270.00,28.86,S,0.00,0.00,1009.50,66.72,1009.50,4.83,22.04,0.00,0.00,180.00,0.00,79DAAFB4
2026-07-03T23:56:09Z,0.00,270.00,28.77,S,0.00,0.00,1009.40,66.51,1009.40,4.86,21.91,0.00,0.00,180.00,0.00,79DAAFB4
2026-07-03T23:38:49Z,0.00,270.00,28.81,S,0.00,0.00,1009.30,66.38,1009.30,4.88,21.91,0.00,0.00,180.00,0.00,79DAAFB4
2026-07-03T23:21:40Z,0.00,270.00,28.80,S,0.00,0.00,1009.10,66.15,1009.10,4.91,21.85,0.00,0.00,180.00,0.00,79DAAFB4
2026-07-03T23:04:32Z,0.00,270.00,28.78,S,0.00,0.00,1009.10,66.20,1009.10,4.91,21.84,0.00,0.00,180.00,0.00,79DAAFB4
2026-07-03T22:47:24Z,0.00,270.00,28.75,S,0.00,0.00,1009.00,66.07,1009.00,4.92,21.78,0.00,0.00,180.00,0.00,79DAAFB4
2026-07-03T22:30:15Z,0.00,270.00,28.83,S,0.00,0.00,1009.00,65.80,1009.00,4.97,21.79,0.00,0.00,180.00,0.00,79DAAFB4
2026-07-03T22:13:04Z,0.00,270.00,28.73,S,0.00,0.00,1009.00,65.42,1009.00,5.02,21.60,0.00,0.00,180.00,0.00,79DAAFB4
2026-07-03T21:55:45Z,0.00,270.00,28.73,S,0.00,0.00,1008.80,65.33,1008.80,5.04,21.58,0.00,0.00,180.00,0.00,79DAAFB4
2026-07-03T21:38:37Z,0.00,270.00,28.73,S,0.00,0.00,1008.70,65.00,1008.70,5.09,21.49,0.00,0.00,180.00,0.00,79DAAFB4
2026-07-03T21:21:29Z,0.00,270.00,28.72,S,0.00,0.00,1008.40,64.80,1008.40,5.12,21.43,0.00,0.00,180.00,0.00,79DAAFB4
2026-07-03T21:04:10Z,0.00,270.00,28.69,S,0.00,0.00,1008.30,64.53,1008.30,5.16,21.34,0.00,0.00,180.00,0.00,79DAAFB4
2026-07-03T20:47:02Z,0.00,270.00,28.75,S,0.00,0.00,1008.20,64.31,1008.20,5.20,21.34,0.00,0.00,180.00,0.00,79DAAFB4
2026-07-03T20:29:42Z,0.00,270.00,28.67,S,0.00,0.00,1007.90,64.10,1007.90,5.22,21.21,0.00,0.00,180.00,0.00,79DAAFB4
2026-07-03T20:12:34Z,0.00,270.00,28.62,S,0.00,0.00,1008.00,63.96,1008.00,5.24,21.13,0.00,0.00,180.00,0.00,79DAAFB4
2026-07-03T19:55:25Z,0.00,270.00,28.58,S,0.00,0.00,1008.00,63.86,1008.00,5.25,21.06,0.00,0.00,180.00,0.00,79DAAFB4
2026-07-03T19:38:17Z,0.00,270.00,28.61,S,0.00,0.00,1008.30,63.67,1008.30,5.28,21.04,0.00,0.00,180.00,0.00,79DAAFB4
2026-07-03T19:21:09Z,0.00,270.00,28.58,S,0.00,0.00,1008.50,63.63,1008.50,5.29,21.00,0.00,0.00,180.00,0.00,79DAAFB4
2026-07-03T19:04:01Z,0.00,270.00,19.02,S,0.00,0.00,672.40,41.31,672.40,7.32,5.59,0.00,0.00,180.00,0.00,79DAAFB4
2026-07-03T18:46:53Z,0.00,270.00,28.50,S,0.00,0.00,1008.60,61.53,1008.60,5.61,20.38,0.00,0.00,180.00,0.00,79DAAFB4
2026-07-03T18:29:45Z,0.00,270.00,28.52,S,0.00,0.00,1008.80,61.31,1008.80,5.65,20.34,0.00,0.00,180.00,0.00,79DAAFB4
2026-07-03T18:12:37Z,0.00,270.00,28.45,S,0.00,0.00,1009.10,61.05,1009.10,5.68,20.21,0.00,0.00,180.00,0.00,79DAAFB4
2026-07-03T17:55:18Z,0.00,270.00,28.40,S,0.00,0.00,1009.20,60.27,1009.20,5.80,19.95,0.00,0.00,180.00,0.00,79DAAFB4
2026-07-03T17:38:10Z,0.00,270.00,28.35,S,0.00,0.00,1008.90,59.80,1008.90,5.87,19.78,0.00,0.00,180.00,0.00,79DAAFB4
2026-07-03T17:20:50Z,0.00,270.00,28.36,S,0.00,0.00,1009.20,59.62,1009.20,5.90,19.74,0.00,0.00,180.00,0.00,79DAAFB4
2026-07-03T17:03:42Z,0.00,270.00,28.30,S,0.00,0.00,1009.50,58.32,1009.50,6.10,19.33,0.00,0.00,180.00,0.00,79DAAFB4
2026-07-03T16:46:33Z,0.00,270.00,28.19,S,0.00,0.00,1009.80,57.47,1009.80,6.22,18.99,0.00,0.00,180.00,0.00,79DAAFB4
2026-07-03T16:29:24Z,0.00,270.00,28.16,S,0.00,0.00,1010.00,56.67,1010.00,6.35,18.74,0.00,0.00,180.00,0.00,79DAAFB4
2026-07-03T16:12:16Z,0.00,270.00,28.02,S,0.00,0.00,1010.10,55.87,1010.10,6.46,18.38,0.00,0.00,180.00,0.00,79DAAFB4
2026-07-03T15:55:18Z,0.00,270.00,27.96,S,0.00,0.00,1010.20,55.25,1010.20,6.55,18.15,0.00,0.00,180.00,0.00,79DAAFB4
2026-07-03T15:38:09Z,0.00,270.00,27.86,S,0.00,0.00,1010.30,53.98,1010.30,6.75,17.69,0.00,0.00,180.00,0.00,79DAAFB4
2026-07-03T15:20:50Z,0.00,270.00,27.75,S,0.00,0.00,1010.30,52.64,1010.30,6.95,17.19,0.00,0.00,180.00,0.00,79DAAFB4
2026-07-03T15:03:42Z,0.00,270.00,27.58,S,0.00,0.00,1010.00,51.19,1010.00,7.17,16.59,0.00,0.00,180.00,0.00,79DAAFB4
2026-07-03T14:46:34Z,0.00,270.00,27.37,S,0.00,0.00,1009.90,49.20,1009.90,7.47,15.78,0.00,0.00,180.00,0.00,79DAAFB4
2026-07-03T14:29:15Z,0.00,270.00,27.16,S,0.00,0.00,1009.60,46.71,1009.60,7.85,14.78,0.00,0.00,180.00,0.00,79DAAFB4
2026-07-03T14:11:56Z,0.00,270.00,26.75,S,0.00,0.00,1009.50,44.10,1009.50,8.23,13.52,0.00,0.00,180.00,0.00,79DAAFB4
2026-07-03T13:54:47Z,0.00,270.00,26.27,S,0.00,0.00,1009.20,42.61,1009.20,8.40,12.56,0.00,0.00,180.00,0.00,79DAAFB4
2026-07-03T13:37:39Z,0.00,270.00,25.66,S,0.00,0.00,1009.10,40.33,1009.10,8.68,11.18,0.00,0.00,180.00,0.00,79DAAFB4
2026-07-03T13:20:31Z,0.00,270.00,25.38,S,0.00,0.00,1008.80,37.63,1008.80,9.10,9.89,0.00,0.00,180.00,0.00,79DAAFB4
2026-07-03T13:03:12Z,0.00,270.00,25.32,S,0.00,0.00,1008.50,38.51,1008.50,8.93,10.19,0.00,0.00,180.00,0.00,79DAAFB4
2026-07-03T12:46:03Z,0.00,270.00,25.14,S,0.00,0.00,1008.30,39.38,1008.30,8.75,10.36,0.00,0.00,180.00,0.00,79DAAFB4
2026-07-03T12:28:54Z,0.00,270.00,24.93,S,0.00,0.00,1008.10,40.20,1008.10,8.57,10.48,0.00,0.00,180.00,0.00,79DAAFB4
2026-07-03T12:11:46Z,0.00,270.00,24.59,S,0.00,0.00,1008.10,41.26,1008.10,8.33,10.57,0.00,0.00,180.00,0.00,79DAAFB4
2026-07-03T11:54:38Z,0.00,270.00,23.84,S,0.00,0.00,1008.00,42.64,1008.00,7.97,10.39,0.00,0.00,180.00,0.00,79DAAFB4
2026-07-03T11:37:29Z,0.00,270.00,22.91,S,0.00,0.00,1007.70,45.04,1007.70,7.45,10.37,0.00,0.00,180.00,0.00,79DAAFB4
2026-07-03T11:20:21Z,0.00,270.00,22.21,S,0.00,0.00,1007.50,45.08,1007.50,7.33,9.75,0.00,0.00,180.00,0.00,79DAAFB4
2026-07-03T11:03:12Z,0.00,270.00,22.47,S,0.00,0.00,1007.20,45.40,1007.20,7.32,10.09,0.00,0.00,180.00,0.00,79DAAFB4
2026-07-03T10:45:53Z,0.00,270.00,22.79,S,0.00,0.00,1007.20,46.32,1007.20,7.23,10.68,0.00,0.00,180.00,0.00,79DAAFB4
2026-07-03T10:28:44Z,0.00,270.00,23.06,S,0.00,0.00,1007.30,47.99,1007.30,7.03,11.46,0.00,0.00,180.00,0.00,79DAAFB4
2026-07-03T10:11:36Z,0.00,270.00,23.31,S,0.00,0.00,1007.10,51.23,1007.10,6.58,12.68,0.00,0.00,180.00,0.00,79DAAFB4
2026-07-03T09:54:27Z,0.00,270.00,23.45,S,0.00,0.00,1007.00,54.24,1007.00,6.16,13.68,0.00,0.00,180.00,0.00,79DAAFB4
2026-07-03T09:33:57Z,0.00,270.00,23.07,S,0.00,0.00,1006.70,47.21,1006.70,7.14,11.22,0.00,0.00,180.00,0.00,79DAAFB4
2026-07-03T09:16:37Z,0.00,270.00,23.17,S,0.00,0.00,1006.60,47.28,1006.60,7.15,11.33,0.00,0.00,180.00,0.00,79DAAFB4
2026-07-03T08:59:28Z,0.00,270.00,23.23,S,0.00,0.00,1006.40,46.60,1006.40,7.26,11.17,0.00,0.00,180.00,0.00,79DAAFB4
2026-07-03T08:42:20Z,0.00,270.00,23.37,S,0.00,0.00,1006.30,46.74,1006.30,7.26,11.34,0.00,0.00,180.00,0.00,79DAAFB4
2026-07-03T08:25:01Z,0.00,270.00,23.47,S,0.00,0.00,1006.20,47.68,1006.20,7.13,11.73,0.00,0.00,180.00,0.00,79DAAFB4
2026-07-03T08:07:52Z,0.00,270.00,23.60,S,0.00,0.00,1006.20,48.10,1006.20,7.09,11.98,0.00,0.00,180.00,0.00,79DAAFB4
2026-07-03T07:50:43Z,0.00,270.00,23.61,S,0.00,0.00,1006.30,49.08,1006.30,6.94,12.30,0.00,0.00,180.00,0.00,79DAAFB4
2026-07-03T07:33:33Z,0.00,270.00,23.62,S,0.00,0.00,1006.30,48.69,1006.30,7.00,12.19,0.00,0.00,180.00,0.00,79DAAFB4
2026-07-03T07:16:14Z,0.00,270.00,23.55,S,0.00,0.00,1006.20,48.89,1006.20,6.96,12.19,0.00,0.00,180.00,0.00,79DAAFB4
2026-07-03T06:59:06Z,0.00,270.00,23.55,S,0.00,0.00,1006.50,49.78,1006.50,6.83,12.46,0.00,0.00,180.00,0.00,79DAAFB4
2026-07-03T06:41:58Z,0.00,270.00,23.43,S,0.00,0.00,1006.50,50.78,1006.50,6.67,12.65,0.00,0.00,180.00,0.00,79DAAFB4
2026-07-03T06:24:39Z,0.00,270.00,23.44,S,0.00,0.00,1006.80,49.51,1006.80,6.86,12.28,0.00,0.00,180.00,0.00,79DAAFB4
2026-07-03T06:07:20Z,0.00,270.00,23.44,S,0.00,0.00,1007.00,49.43,1007.00,6.87,12.25,0.00,0.00,180.00,0.00,79DAAFB4
2026-07-03T05:50:12Z,0.00,270.00,23.64,S,0.00,0.00,1007.10,49.96,1007.10,6.82,12.60,0.00,0.00,180.00,0.00,79DAAFB4
2026-07-03T05:32:52Z,0.00,270.00,23.68,S,0.00,0.00,1007.20,47.88,1007.20,7.14,11.99,0.00,0.00,180.00,0.00,79DAAFB4
2026-07-03T05:15:43Z,0.00,270.00,23.76,S,0.00,0.00,1007.40,48.49,1007.40,7.06,12.25,0.00,0.00,180.00,0.00,79DAAFB4
2026-07-03T04:58:34Z,0.00,270.00,23.83,S,0.00,0.00,1007.90,48.33,1007.90,7.09,12.27,0.00,0.00,180.00,0.00,79DAAFB4
2026-07-03T04:41:25Z,0.00,270.00,23.93,S,0.00,0.00,1008.10,48.83,1008.10,7.03,12.52,0.00,0.00,180.00,0.00,79DAAFB4
2026-07-03T04:24:16Z,0.00,270.00,24.08,S,0.00,0.00,1008.30,48.64,1008.30,7.08,12.59,0.00,0.00,180.00,0.00,79DAAFB4
2026-07-03T04:06:57Z,0.00,270.00,24.22,S,0.00,0.00,1008.60,49.09,1008.60,7.03,12.86,0.00,0.00,180.00,0.00,79DAAFB4
2026-07-03T03:49:49Z,0.00,270.00,24.37,S,0.00,0.00,1008.70,49.73,1008.70,6.95,13.20,0.00,0.00,180.00,0.00,79DAAFB4
2026-07-03T03:32:40Z,0.00,270.00,24.51,S,0.00,0.00,1008.70,49.84,1008.70,6.96,13.36,0.00,0.00,180.00,0.00,79DAAFB4
2026-07-03T03:15:32Z,0.00,270.00,24.57,S,0.00,0.00,1008.70,49.24,1008.70,7.06,13.23,0.00,0.00,180.00,0.00,79DAAFB4
2026-07-03T02:58:12Z,0.00,270.00,24.89,S,0.00,0.00,1008.70,49.44,1008.70,7.07,13.58,0.00,0.00,180.00,0.00,79DAAFB4
2026-07-03T02:41:04Z,0.00,270.00,25.34,S,0.00,0.00,1008.70,50.28,1008.70,7.01,14.26,0.00,0.00,180.00,0.00,79DAAFB4
2026-07-03T02:24:00Z,0.00,270.00,26.29,S,0.00,0.00,1008.70,52.37,1008.70,6.81,15.76,0.00,0.00,180.00,0.00,79DAAFB4
2026-07-03T02:06:52Z,0.00,270.00,27.72,S,0.00,0.00,1008.60,57.38,1008.60,6.19,18.53,0.00,0.00,180.00,0.00,79DAAFB4
2026-07-03T01:49:44Z,0.00,270.00,29.77,S,0.00,0.00,1008.50,69.53,1008.50,4.46,23.59,0.00,0.00,180.00,0.00,79DAAFB4
2026-07-03T01:32:25Z,0.00,270.00,29.80,S,0.00,0.00,1008.50,69.96,1008.50,4.40,23.72,0.00,0.00,180.00,0.00,79DAAFB4
2026-07-03T01:15:17Z,0.00,270.00,29.75,S,0.00,0.00,1008.30,69.85,1008.30,4.41,23.65,0.00,0.00,180.00,0.00,79DAAFB4
2026-07-03T00:57:57Z,0.00,270.00,29.75,S,0.00,0.00,1008.30,69.63,1008.30,4.44,23.60,0.00,0.00,180.00,0.00,79DAAFB4
2026-07-03T00:40:38Z,0.00,270.00,29.70,S,0.00,0.00,1008.30,69.38,1008.30,4.48,23.49,0.00,0.00,180.00,0.00,79DAAFB4
2026-07-03T00:23:30Z,0.00,270.00,29.67,S,0.00,0.00,1008.30,69.34,1008.30,4.48,23.45,0.00,0.00,180.00,0.00,79DAAFB4
2026-07-03T00:06:21Z,0.00,270.00,29.68,S,0.00,0.00,1008.20,69.25,1008.20,4.50,23.44,0.00,0.00,180.00,0.00,79DAAFB4
2026-07-02T23:49:13Z,0.00,270.00,29.57,S,0.00,0.00,1008.20,69.08,1008.20,4.52,23.29,0.00,0.00,180.00,0.00,79DAAFB4
2026-07-02T23:32:04Z,0.00,270.00,29.62,S,0.00,0.00,1008.10,68.92,1008.10,4.55,23.30,0.00,0.00,180.00,0.00,79DAAFB4
2026-07-02T23:14:53Z,0.00,270.00,29.63,S,0.00,0.00,1008.00,68.76,1008.00,4.57,23.27,0.00,0.00,180.00,0.00,79DAAFB4
2026-07-02T22:57:34Z,0.00,270.00,29.66,S,0.00,0.00,1007.90,68.63,1007.90,4.59,23.27,0.00,0.00,180.00,0.00,79DAAFB4
2026-07-02T22:40:26Z,0.00,270.00,29.59,S,0.00,0.00,1007.70,68.47,1007.70,4.61,23.17,0.00,0.00,180.00,0.00,79DAAFB4
2026-07-02T22:23:17Z,0.00,270.00,29.58,S,0.00,0.00,1007.60,68.26,1007.60,4.65,23.10,0.00,0.00,180.00,0.00,79DAAFB4
2026-07-02T22:06:09Z,0.00,270.00,29.57,S,0.00,0.00,1007.30,68.06,1007.30,4.68,23.05,0.00,0.00,180.00,0.00,79DAAFB4
2026-07-02T21:49:01Z,0.00,270.00,29.57,S,0.00,0.00,1007.40,67.91,1007.40,4.70,23.01,0.00,0.00,180.00,0.00,79DAAFB4
2026-07-02T21:31:42Z,0.00,270.00,29.55,S,0.00,0.00,1007.30,67.73,1007.30,4.73,22.95,0.00,0.00,180.00,0.00,79DAAFB4
2026-07-02T21:14:34Z,0.00,270.00,29.54,S,0.00,0.00,1007.10,67.59,1007.10,4.75,22.90,0.00,0.00,180.00,0.00,79DAAFB4
2026-07-02T20:57:14Z,0.00,270.00,29.52,S,0.00,0.00,1007.00,67.30,1007.00,4.79,22.81,0.00,0.00,180.00,0.00,79DAAFB4
2026-07-02T20:39:55Z,0.00,270.00,29.49,S,0.00,0.00,1007.00,67.15,1007.00,4.81,22.75,0.00,0.00,180.00,0.00,79DAAFB4
2026-07-02T20:22:47Z,0.00,270.00,29.52,S,0.00,0.00,1007.10,66.91,1007.10,4.85,22.72,0.00,0.00,180.00,0.00,79DAAFB4
2026-07-02T20:05:28Z,0.00,270.00,29.47,S,0.00,0.00,1007.10,66.70,1007.10,4.88,22.62,0.00,0.00,180.00,0.00,79DAAFB4
2026-07-02T19:48:19Z,0.00,270.00,29.48,S,0.00,0.00,1007.20,66.43,1007.20,4.93,22.56,0.00,0.00,180.00,0.00,79DAAFB4
2026-07-02T19:31:10Z,0.00,270.00,29.47,S,0.00,0.00,1007.40,66.18,1007.40,4.96,22.49,0.00,0.00,180.00,0.00,79DAAFB4
2026-07-02T19:14:02Z,0.00,270.00,29.49,S,0.00,0.00,1007.40,65.86,1007.40,5.02,22.43,0.00,0.00,180.00,0.00,79DAAFB4
2026-07-02T18:56:54Z,0.00,270.00,29.47,S,0.00,0.00,1007.50,65.48,1007.50,5.07,22.31,0.00,0.00,180.00,0.00,79DAAFB4
2026-07-02T18:39:45Z,0.00,270.00,29.45,S,0.00,0.00,1007.70,65.07,1007.70,5.14,22.19,0.00,0.00,180.00,0.00,79DAAFB4
2026-07-02T18:22:37Z,0.00,270.00,29.38,S,0.00,0.00,1007.90,64.71,1007.90,5.19,22.03,0.00,0.00,180.00,0.00,79DAAFB4
2026-07-02T18:05:18Z,0.00,270.00,29.37,S,0.00,0.00,1008.00,64.32,1008.00,5.25,21.93,0.00,0.00,180.00,0.00,79DAAFB4
2026-07-02T17:48:10Z,0.00,270.00,29.32,S,0.00,0.00,1008.20,64.00,1008.20,5.30,21.80,0.00,0.00,180.00,0.00,79DAAFB4
2026-07-02T17:31:01Z,0.00,270.00,29.31,S,0.00,0.00,1008.40,63.67,1008.40,5.35,21.70,0.00,0.00,180.00,0.00,79DAAFB4
2026-07-02T17:13:42Z,0.00,270.00,29.27,S,0.00,0.00,1008.50,63.34,1008.50,5.40,21.58,0.00,0.00,180.00,0.00,79DAAFB4
2026-07-02T16:56:33Z,0.00,270.00,29.26,S,0.00,0.00,1008.50,62.98,1008.50,5.45,21.48,0.00,0.00,180.00,0.00,79DAAFB4
2026-07-02T16:39:24Z,0.00,270.00,29.15,S,0.00,0.00,1008.70,62.62,1008.70,5.50,21.28,0.00,0.00,180.00,0.00,79DAAFB4
2026-07-02T16:22:04Z,0.00,270.00,29.19,S,0.00,0.00,1008.70,62.45,1008.70,5.53,21.27,0.00,0.00,180.00,0.00,79DAAFB4
2026-07-02T16:04:55Z,0.00,270.00,29.14,S,0.00,0.00,1008.80,61.76,1008.80,5.63,21.05,0.00,0.00,180.00,0.00,79DAAFB4
2026-07-02T15:48:09Z,0.00,270.00,29.13,S,0.00,0.00,1008.80,61.28,1008.80,5.71,20.91,0.00,0.00,180.00,0.00,79DAAFB4
2026-07-02T15:30:48Z,0.00,270.00,29.06,S,0.00,0.00,1009.00,60.62,1009.00,5.81,20.67,0.00,0.00,180.00,0.00,79DAAFB4
2026-07-02T15:13:39Z,0.00,270.00,29.03,S,0.00,0.00,1008.80,59.75,1008.80,5.95,20.40,0.00,0.00,180.00,0.00,79DAAFB4
2026-07-02T14:56:30Z,0.00,270.00,29.00,S,0.00,0.00,1008.60,59.27,1008.60,6.02,20.25,0.00,0.00,180.00,0.00,79DAAFB4
2026-07-02T14:39:11Z,0.00,270.00,28.90,S,0.00,0.00,1008.40,58.32,1008.40,6.16,19.89,0.00,0.00,180.00,0.00,79DAAFB4
2026-07-02T14:22:03Z,0.00,270.00,28.85,S,0.00,0.00,1008.20,57.62,1008.20,6.27,19.65,0.00,0.00,180.00,0.00,79DAAFB4
2026-07-02T14:04:53Z,0.00,270.00,28.86,S,0.00,0.00,1007.90,56.95,1007.90,6.38,19.47,0.00,0.00,180.00,0.00,79DAAFB4
2026-07-02T13:47:45Z,0.00,270.00,28.71,S,0.00,0.00,1007.70,56.27,1007.70,6.48,19.14,0.00,0.00,180.00,0.00,79DAAFB4
2026-07-02T13:30:26Z,0.00,270.00,28.61,S,0.00,0.00,1007.40,55.67,1007.40,6.56,18.87,0.00,0.00,180.00,0.00,79DAAFB4
2026-07-02T13:13:07Z,0.00,270.00,28.58,S,0.00,0.00,1007.20,54.66,1007.20,6.72,18.55,0.00,0.00,180.00,0.00,79DAAFB4
2026-07-02T12:55:59Z,0.00,270.00,28.41,S,0.00,0.00,1007.10,53.56,1007.10,6.88,18.07,0.00,0.00,180.00,0.00,79DAAFB4
2026-07-02T12:38:50Z,0.00,270.00,28.26,S,0.00,0.00,1006.90,52.72,1006.90,7.00,17.68,0.00,0.00,180.00,0.00,79DAAFB4
2026-07-02T12:21:42Z,0.00,270.00,28.07,S,0.00,0.00,1006.70,51.73,1006.70,7.14,17.21,0.00,0.00,180.00,0.00,79DAAFB4
2026-07-02T12:04:23Z,0.00,270.00,27.88,S,0.00,0.00,1006.70,51.15,1006.70,7.21,16.85,0.00,0.00,180.00,0.00,79DAAFB4
2026-07-02T11:47:14Z,0.00,270.00,27.58,S,0.00,0.00,1006.80,50.48,1006.80,7.28,16.37,0.00,0.00,180.00,0.00,79DAAFB4
2026-07-02T11:30:05Z,0.00,270.00,27.15,S,0.00,0.00,1006.90,50.47,1006.90,7.23,15.97,0.00,0.00,180.00,0.00,79DAAFB4
2026-07-02T11:12:46Z,0.00,270.00,26.50,S,0.00,0.00,1006.60,50.46,1006.60,7.14,15.38,0.00,0.00,180.00,0.00,79DAAFB4
2026-07-02T10:55:38Z,0.00,270.00,25.42,S,0.00,0.00,1006.80,48.49,1006.80,7.30,13.77,0.00,0.00,180.00,0.00,79DAAFB4
2026-07-02T10:38:30Z,0.00,270.00,23.68,S,0.00,0.00,1006.70,48.61,1006.70,7.03,12.22,0.00,0.00,180.00,0.00,79DAAFB4
2026-07-02T10:21:11Z,0.00,270.00,22.86,S,0.00,0.00,1006.40,47.86,1006.40,7.02,11.23,0.00,0.00,180.00,0.00,79DAAFB4
2026-07-02T10:03:52Z,0.00,270.00,22.99,S,0.00,0.00,1006.30,46.98,1006.30,7.17,11.07,0.00,0.00,180.00,0.00,79DAAFB4
2026-07-02T09:46:43Z,0.00,270.00,23.06,S,0.00,0.00,1006.10,46.81,1006.10,7.20,11.08,0.00,0.00,180.00,0.00,79DAAFB4
2026-07-02T09:29:35Z,0.00,270.00,23.15,S,0.00,0.00,1005.80,46.41,1005.80,7.28,11.03,0.00,0.00,180.00,0.00,79DAAFB4
2026-07-02T09:12:27Z,0.00,270.00,23.23,S,0.00,0.00,1005.60,46.38,1005.60,7.29,11.10,0.00,0.00,180.00,0.00,79DAAFB4
2026-07-02T08:55:08Z,0.00,270.00,23.19,S,0.00,0.00,1005.30,45.34,1005.30,7.45,10.72,0.00,0.00,180.00,0.00,79DAAFB4
2026-07-02T08:37:59Z,0.00,270.00,23.34,S,0.00,0.00,1005.30,45.68,1005.30,7.42,10.97,0.00,0.00,180.00,0.00,79DAAFB4
2026-07-02T08:20:50Z,0.00,270.00,23.51,S,0.00,0.00,1005.80,46.13,1005.80,7.38,11.27,0.00,0.00,180.00,0.00,79DAAFB4
2026-07-02T08:03:42Z,0.00,270.00,23.81,S,0.00,0.00,1006.10,46.52,1006.10,7.36,11.67,0.00,0.00,180.00,0.00,79DAAFB4
2026-07-02T07:46:34Z,0.00,270.00,24.22,S,0.00,0.00,1005.70,47.01,1005.70,7.35,12.20,0.00,0.00,180.00,0.00,79DAAFB4
2026-07-02T07:29:26Z,0.00,270.00,24.99,S,0.00,0.00,1005.60,46.15,1005.60,7.61,12.62,0.00,0.00,180.00,0.00,79DAAFB4
2026-07-02T07:12:17Z,0.00,270.00,25.38,S,0.00,0.00,1005.60,45.32,1005.60,7.80,12.70,0.00,0.00,180.00,0.00,79DAAFB4
2026-07-02T06:54:57Z,1.80,270.00,25.85,S,0.00,0.00,1005.80,45.08,1005.80,7.92,13.04,0.00,0.00,180.00,0.00,79DAAFB4
2026-07-02T06:34:33Z,0.00,268.20,29.28,S,0.00,0.00,1006.40,53.97,1006.40,6.92,19.00,0.00,0.00,180.00,0.00,79DAAFB4
2026-07-02T06:17:24Z,0.00,268.20,30.66,S,0.00,0.00,1006.90,72.08,1006.90,4.12,25.04,0.00,0.00,180.00,0.00,79DAAFB4
2026-07-02T06:00:05Z,0.00,268.20,32.46,S,0.00,0.00,1006.10,65.12,1006.10,5.38,25.05,0.00,0.00,180.00,0.00,79DAAFB4
2026-07-02T05:42:57Z,0.00,268.20,32.20,S,0.00,0.00,1006.50,68.59,1006.50,4.79,25.68,0.00,0.00,180.00,0.00,79DAAFB4
2026-07-02T05:25:49Z,0.00,268.20,31.98,S,0.00,0.00,1006.60,68.34,1006.60,4.81,25.41,0.00,0.00,180.00,0.00,79DAAFB4
2026-07-02T05:08:30Z,0.00,268.20,31.62,S,0.00,0.00,1006.80,70.66,1006.80,4.41,25.63,0.00,0.00,180.00,0.00,79DAAFB4
2026-07-02T04:51:11Z,0.00,268.20,31.40,S,0.00,0.00,1007.00,70.38,1007.00,4.44,25.35,0.00,0.00,180.00,0.00,79DAAFB4
2026-07-02T04:34:02Z,0.00,268.20,31.14,S,0.00,0.00,1007.10,72.05,1007.10,4.16,25.50,0.00,0.00,180.00,0.00,79DAAFB4
2026-07-02T04:16:53Z,0.00,268.20,30.79,S,0.00,0.00,1007.40,71.90,1007.40,4.16,25.13,0.00,0.00,180.00,0.00,79DAAFB4
2026-07-02T03:59:34Z,0.00,268.20,30.59,S,0.00,0.00,1007.50,73.14,1007.50,3.95,25.22,0.00,0.00,180.00,0.00,79DAAFB4
2026-07-02T03:42:25Z,0.00,268.20,30.48,S,0.00,0.00,1007.50,73.44,1007.50,3.90,25.19,0.00,0.00,180.00,0.00,79DAAFB4
2026-07-02T03:25:16Z,0.00,268.20,30.38,S,0.00,0.00,1007.70,72.70,1007.70,4.01,24.92,0.00,0.00,180.00,0.00,79DAAFB4
2026-07-02T03:08:07Z,0.00,268.20,30.30,S,0.00,0.00,1007.80,72.63,1007.80,4.01,24.83,0.00,0.00,180.00,0.00,79DAAFB4
2026-07-02T02:50:58Z,0.00,268.20,29.97,S,0.00,0.00,1007.90,74.51,1007.90,3.70,24.94,0.00,0.00,180.00,0.00,79DAAFB4
2026-07-02T02:33:50Z,0.00,268.20,29.79,S,0.00,0.00,1008.00,75.48,1008.00,3.55,24.98,0.00,0.00,180.00,0.00,79DAAFB4
2026-07-02T02:16:41Z,0.00,268.20,29.50,S,0.00,0.00,1008.00,76.06,1008.00,3.44,24.83,0.00,0.00,180.00,0.00,79DAAFB4
2026-07-02T01:59:33Z,0.00,268.20,29.13,S,0.00,0.00,1007.80,79.11,1007.80,2.97,25.13,0.00,0.00,180.00,0.00,79DAAFB4
2026-07-02T01:42:25Z,0.00,268.20,28.78,S,0.00,0.00,1007.80,82.23,1007.80,2.49,25.44,0.00,0.00,180.00,0.00,79DAAFB4
2026-07-02T01:25:05Z,0.00,268.20,28.54,S,0.00,0.00,1007.90,58.89,1007.90,6.03,19.71,0.00,0.00,180.00,0.00,79DAAFB4
2026-07-02T01:07:45Z,0.00,268.20,28.52,S,0.00,0.00,1007.90,83.06,1007.90,2.36,25.36,0.00,0.00,180.00,0.00,79DAAFB4
2026-07-02T00:50:37Z,0.00,268.20,28.36,S,0.00,0.00,1007.80,83.55,1007.80,2.29,25.30,0.00,0.00,180.00,0.00,79DAAFB4
2026-07-02T00:33:28Z,0.00,268.20,28.17,S,0.00,0.00,1007.60,84.86,1007.60,2.09,25.38,0.00,0.00,180.00,0.00,79DAAFB4
2026-07-02T00:16:19Z,0.00,268.20,27.96,S,0.00,0.00,1007.20,85.27,1007.20,2.03,25.25,0.00,0.00,180.00,0.00,79DAAFB4
2026-07-01T23:59:09Z,0.00,268.20,27.98,S,0.00,0.00,1007.00,85.61,1007.00,1.98,25.34,0.00,0.00,180.00,0.00,79DAAFB4
2026-07-01T23:42:00Z,0.00,268.20,27.81,S,0.00,0.00,1006.80,85.97,1006.80,1.92,25.24,0.00,0.00,180.00,0.00,79DAAFB4
2026-07-01T23:24:52Z,0.00,268.20,27.78,S,0.00,0.00,1006.60,85.97,1006.60,1.92,25.21,0.00,0.00,180.00,0.00,79DAAFB4
2026-07-01T23:07:44Z,0.00,268.20,27.76,S,0.00,0.00,1006.50,86.19,1006.50,1.89,25.24,0.00,0.00,180.00,0.00,79DAAFB4
2026-07-01T22:50:36Z,0.00,268.20,27.72,S,0.00,0.00,1006.30,86.19,1006.30,1.89,25.20,0.00,0.00,180.00,0.00,79DAAFB4
2026-07-01T22:33:28Z,0.00,268.20,27.66,S,0.00,0.00,1006.30,85.84,1006.30,1.94,25.07,0.00,0.00,180.00,0.00,79DAAFB4
2026-07-01T22:16:20Z,0.00,268.20,27.74,S,0.00,0.00,1006.20,85.43,1006.20,2.00,25.07,0.00,0.00,180.00,0.00,79DAAFB4
2026-07-01T21:59:12Z,0.00,268.20,27.78,S,0.00,0.00,1006.10,84.83,1006.10,2.09,24.99,0.00,0.00,180.00,0.00,79DAAFB4
2026-07-01T21:41:53Z,0.00,268.20,27.83,S,0.00,0.00,1006.10,84.36,1006.10,2.15,24.94,0.00,0.00,180.00,0.00,79DAAFB4
2026-07-01T21:24:44Z,0.00,268.20,27.77,S,0.00,0.00,1006.20,84.19,1006.20,2.18,24.85,0.00,0.00,180.00,0.00,79DAAFB4
2026-07-01T21:07:36Z,0.00,268.20,27.93,S,0.00,0.00,1006.20,84.01,1006.20,2.21,24.97,0.00,0.00,180.00,0.00,79DAAFB4
2026-07-01T20:50:28Z,0.00,268.20,27.96,S,0.00,0.00,1006.40,83.41,1006.40,2.29,24.88,0.00,0.00,180.00,0.00,79DAAFB4
2026-07-01T20:33:09Z,0.00,268.20,27.98,S,0.00,0.00,1006.60,82.86,1006.60,2.37,24.79,0.00,0.00,180.00,0.00,79DAAFB4
2026-07-01T20:16:01Z,0.00,268.20,28.00,S,0.00,0.00,1006.70,82.71,1006.70,2.40,24.78,0.00,0.00,180.00,0.00,79DAAFB4
2026-07-01T19:58:53Z,0.00,268.20,27.93,S,0.00,0.00,1006.80,82.47,1006.80,2.43,24.66,0.00,0.00,180.00,0.00,79DAAFB4
2026-07-01T19:41:47Z,0.00,268.20,27.90,S,0.00,0.00,1006.70,82.37,1006.70,2.44,24.61,0.00,0.00,180.00,0.00,79DAAFB4
2026-07-01T19:24:28Z,0.00,268.20,28.03,S,0.00,0.00,1006.90,82.22,1006.90,2.47,24.71,0.00,0.00,180.00,0.00,79DAAFB4
2026-07-01T19:07:09Z,0.00,268.20,28.10,S,0.00,0.00,1007.00,81.87,1007.00,2.52,24.71,0.00,0.00,180.00,0.00,79DAAFB4
2026-07-01T18:50:01Z,0.00,268.20,28.05,S,0.00,0.00,1007.00,81.93,1007.00,2.51,24.67,0.00,0.00,180.00,0.00,79DAAFB4
2026-07-01T18:32:41Z,0.00,268.20,28.01,S,0.00,0.00,1006.80,81.87,1006.80,2.52,24.62,0.00,0.00,180.00,0.00,79DAAFB4
2026-07-01T18:15:32Z,0.00,268.20,28.05,S,0.00,0.00,1006.90,81.03,1006.90,2.64,24.48,0.00,0.00,180.00,0.00,79DAAFB4
2026-07-01T17:58:24Z,0.00,268.20,28.27,S,0.00,0.00,1006.80,80.40,1006.80,2.74,24.57,0.00,0.00,180.00,0.00,79DAAFB4
2026-07-01T17:40:35Z,0.00,268.20,28.37,S,0.00,0.00,1007.00,79.68,1007.00,2.85,24.51,0.00,0.00,180.00,0.00,79DAAFB4
2026-07-01T17:23:25Z,0.00,268.20,28.54,S,0.00,0.00,1007.00,79.09,1007.00,2.95,24.56,0.00,0.00,180.00,0.00,79DAAFB4
2026-07-01T17:06:16Z,0.00,268.20,28.56,S,0.00,0.00,1007.10,78.97,1007.10,2.96,24.55,0.00,0.00,180.00,0.00,79DAAFB4
2026-07-01T16:49:08Z,0.00,268.20,28.66,S,0.00,0.00,1007.40,78.56,1007.40,3.03,24.56,0.00,0.00,180.00,0.00,79DAAFB4
2026-07-01T16:31:58Z,0.00,268.20,28.76,S,0.00,0.00,1007.60,78.00,1007.60,3.12,24.54,0.00,0.00,180.00,0.00,79DAAFB4
2026-07-01T16:14:39Z,0.00,268.20,28.93,S,0.00,0.00,1008.00,76.76,1008.00,3.31,24.43,0.00,0.00,180.00,0.00,79DAAFB4
2026-07-01T15:57:53Z,0.00,268.20,29.09,S,0.00,0.00,1008.30,75.31,1008.30,3.54,24.27,0.00,0.00,180.00,0.00,79DAAFB4
2026-07-01T15:40:45Z,0.00,268.20,29.16,S,0.00,0.00,1008.20,75.17,1008.20,3.56,24.31,0.00,0.00,180.00,0.00,79DAAFB4
2026-07-01T15:23:37Z,0.00,268.20,29.37,S,0.00,0.00,1008.10,75.24,1008.10,3.56,24.52,0.00,0.00,180.00,0.00,79DAAFB4
2026-07-01T15:06:18Z,0.00,268.20,29.51,S,0.00,0.00,1008.10,75.71,1008.10,3.50,24.76,0.00,0.00,180.00,0.00,79DAAFB4
2026-07-01T14:48:59Z,0.00,268.20,29.65,S,0.00,0.00,1008.00,75.31,1008.00,3.56,24.81,0.00,0.00,180.00,0.00,79DAAFB4
2026-07-01T14:31:50Z,0.00,268.20,29.79,S,0.00,0.00,1007.80,75.66,1007.80,3.52,25.02,0.00,0.00,180.00,0.00,79DAAFB4
2026-07-01T14:14:42Z,0.00,268.20,29.94,S,0.00,0.00,1007.70,75.17,1007.70,3.60,25.06,0.00,0.00,180.00,0.00,79DAAFB4
2026-07-01T13:57:34Z,0.00,268.20,30.03,S,0.00,0.00,1007.50,74.59,1007.50,3.70,25.01,0.00,0.00,180.00,0.00,79DAAFB4
2026-07-01T13:40:15Z,0.00,268.20,30.13,S,0.00,0.00,1007.40,74.12,1007.40,3.77,25.00,0.00,0.00,180.00,0.00,79DAAFB4
2026-07-01T13:23:06Z,0.00,268.20,30.21,S,0.00,0.00,1007.20,73.56,1007.20,3.86,24.95,0.00,0.00,180.00,0.00,79DAAFB4
2026-07-01T13:05:57Z,0.00,268.20,30.29,S,0.00,0.00,1006.90,73.78,1006.90,3.83,25.08,0.00,0.00,180.00,0.00,79DAAFB4
2026-07-01T12:48:38Z,0.00,268.20,30.34,S,0.00,0.00,1006.80,73.61,1006.80,3.86,25.09,0.00,0.00,180.00,0.00,79DAAFB4
2026-07-01T12:31:30Z,0.00,268.20,30.42,S,0.00,0.00,1006.70,74.15,1006.70,3.78,25.29,0.00,0.00,180.00,0.00,79DAAFB4
2026-07-01T12:14:22Z,0.00,268.20,30.40,S,0.00,0.00,1006.30,75.92,1006.30,3.51,25.67,0.00,0.00,180.00,0.00,79DAAFB4
2026-07-01T11:57:03Z,0.00,268.20,30.45,S,0.00,0.00,1005.90,76.37,1005.90,3.44,25.82,0.00,0.00,180.00,0.00,79DAAFB4
2026-07-01T11:39:44Z,0.00,268.20,30.49,S,0.00,0.00,1005.50,76.46,1005.50,3.43,25.87,0.00,0.00,180.00,0.00,79DAAFB4
2026-07-01T11:22:35Z,0.00,268.20,30.57,S,0.00,0.00,1005.10,75.49,1005.10,3.59,25.74,0.00,0.00,180.00,0.00,79DAAFB4
2026-07-01T11:05:27Z,0.00,268.20,30.75,S,0.00,0.00,1004.90,74.12,1004.90,3.81,25.60,0.00,0.00,180.00,0.00,79DAAFB4
2026-07-01T10:48:19Z,0.00,268.20,31.10,S,0.00,0.00,1004.70,72.43,1004.70,4.09,25.55,0.00,0.00,180.00,0.00,79DAAFB4
2026-07-01T10:31:00Z,0.00,268.20,31.73,S,0.00,0.00,1004.50,69.29,1004.50,4.64,25.40,0.00,0.00,180.00,0.00,79DAAFB4
2026-07-01T10:13:52Z,0.00,268.20,32.36,S,0.00,0.00,1004.40,65.33,1004.40,5.34,25.01,0.00,0.00,180.00,0.00,79DAAFB4
2026-07-01T09:56:44Z,0.00,268.20,33.39,S,0.00,0.00,1004.20,60.47,1004.20,6.27,24.69,0.00,0.00,180.00,0.00,79DAAFB4
2026-07-01T09:39:35Z,0.00,268.20,33.75,S,0.00,0.00,1004.00,59.63,1004.00,6.45,24.79,0.00,0.00,180.00,0.00,79DAAFB4
2026-07-01T09:22:27Z,0.00,268.20,33.99,S,0.00,0.00,1003.90,58.79,1003.90,6.63,24.77,0.00,0.00,180.00,0.00,79DAAFB4
2026-07-01T09:05:19Z,0.00,268.20,34.02,S,0.00,0.00,1004.00,60.48,1004.00,6.33,25.28,0.00,0.00,180.00,0.00,79DAAFB4
2026-07-01T08:48:10Z,0.00,268.20,34.30,S,0.00,0.00,1004.00,61.45,1004.00,6.18,25.81,0.00,0.00,180.00,0.00,79DAAFB4
2026-07-01T08:31:02Z,0.00,268.20,34.24,S,0.00,0.00,1003.80,62.04,1003.80,6.07,25.91,0.00,0.00,180.00,0.00,79DAAFB4
2026-07-01T08:13:43Z,0.00,268.20,34.00,S,0.00,0.00,1003.80,62.72,1003.80,5.93,25.87,0.00,0.00,180.00,0.00,79DAAFB4
2026-07-01T07:56:34Z,0.00,268.20,33.52,S,0.00,0.00,1004.20,63.62,1004.20,5.73,25.66,0.00,0.00,180.00,0.00,79DAAFB4
2026-07-01T07:39:26Z,0.00,268.20,33.68,S,0.00,0.00,1004.20,60.00,1004.20,6.38,24.83,0.00,0.00,180.00,0.00,79DAAFB4
2026-07-01T07:22:18Z,0.00,268.20,33.51,S,0.00,0.00,1004.50,59.60,1004.50,6.43,24.56,0.00,0.00,180.00,0.00,79DAAFB4
2026-07-01T07:04:59Z,0.00,268.20,32.53,S,0.00,0.00,1004.80,60.58,1004.80,6.16,23.91,0.00,0.00,180.00,0.00,79DAAFB4
2026-07-01T06:47:50Z,0.00,268.20,33.06,S,0.00,0.00,1005.10,59.28,1005.10,6.44,24.04,0.00,0.00,180.00,0.00,79DAAFB4
2026-07-01T06:30:41Z,0.00,268.20,33.16,S,0.00,0.00,1005.10,57.72,1005.10,6.73,23.69,0.00,0.00,180.00,0.00,79DAAFB4
2026-07-01T06:13:22Z,0.00,268.20,32.97,S,0.00,0.00,1005.30,58.58,1005.30,6.56,23.76,0.00,0.00,180.00,0.00,79DAAFB4
2026-07-01T05:56:14Z,0.00,268.20,32.49,S,0.00,0.00,1005.50,61.53,1005.50,5.99,24.13,0.00,0.00,180.00,0.00,79DAAFB4
2026-07-01T05:39:06Z,0.00,268.20,32.40,S,0.00,0.00,1005.70,64.85,1005.70,5.42,24.93,0.00,0.00,180.00,0.00,79DAAFB4
2026-07-01T05:21:47Z,0.00,268.20,32.49,S,0.00,0.00,1005.90,61.88,1005.90,5.93,24.23,0.00,0.00,180.00,0.00,79DAAFB4
2026-07-01T05:04:39Z,0.00,268.20,32.28,S,0.00,0.00,1006.10,62.46,1006.10,5.81,24.18,0.00,0.00,180.00,0.00,79DAAFB4
2026-07-01T04:47:19Z,0.00,268.20,31.89,S,0.00,0.00,1006.30,65.33,1006.30,5.30,24.57,0.00,0.00,180.00,0.00,79DAAFB4
2026-07-01T04:30:00Z,0.00,268.20,31.60,S,0.00,0.00,1006.60,66.27,1006.60,5.12,24.53,0.00,0.00,180.00,0.00,79DAAFB4
2026-07-01T04:12:52Z,0.00,268.20,30.63,S,0.00,0.00,1006.90,69.10,1006.90,4.59,24.31,0.00,0.00,180.00,0.00,79DAAFB4
2026-07-01T03:53:01Z,0.00,268.20,27.05,S,0.00,0.00,1007.20,83.23,1007.20,2.29,23.96,0.00,0.00,180.00,0.00,79DAAFB4
2026-07-01T03:45:47Z,0.00,268.20,31.30,S,0.00,0.00,1007.20,69.73,1007.20,4.54,25.10,0.00,0.00,180.00,0.00,79DAAFB4
2026-07-01T03:28:28Z,0.00,268.20,30.99,S,0.00,0.00,1007.30,71.80,1007.30,4.19,25.29,0.00,0.00,180.00,0.00,79DAAFB4
2026-07-01T03:11:19Z,0.00,268.20,30.93,S,0.00,0.00,1007.50,72.29,1007.50,4.11,25.35,0.00,0.00,180.00,0.00,79DAAFB4
2026-07-01T02:54:11Z,0.00,268.20,30.60,S,0.00,0.00,1007.70,73.77,1007.70,3.85,25.38,0.00,0.00,180.00,0.00,79DAAFB4
2026-07-01T02:37:03Z,0.00,268.20,30.38,S,0.00,0.00,1007.80,75.20,1007.80,3.62,25.49,0.00,0.00,180.00,0.00,79DAAFB4
2026-07-01T02:19:44Z,0.00,268.20,30.23,S,0.00,0.00,1007.80,74.67,1007.80,3.69,25.22,0.00,0.00,180.00,0.00,79DAAFB4
2026-07-01T02:02:35Z,0.00,268.20,29.95,S,0.00,0.00,1007.60,77.79,1007.60,3.20,25.64,0.00,0.00,180.00,0.00,79DAAFB4
2026-07-01T01:45:26Z,0.00,268.20,29.79,S,0.00,0.00,1007.70,78.35,1007.70,3.11,25.61,0.00,0.00,180.00,0.00,79DAAFB4
2026-07-01T01:28:07Z,0.00,268.20,29.64,S,0.00,0.00,1007.80,78.70,1007.80,3.05,25.54,0.00,0.00,180.00,0.00,79DAAFB4
2026-07-01T01:10:59Z,0.00,268.20,29.42,S,0.00,0.00,1007.50,79.93,1007.50,2.86,25.59,0.00,0.00,180.00,0.00,79DAAFB4
2026-07-01T00:53:51Z,0.00,268.20,29.18,S,0.00,0.00,1007.50,82.01,1007.50,2.54,25.79,0.00,0.00,180.00,0.00,79DAAFB4
2026-07-01T00:36:32Z,0.00,268.20,28.83,S,0.00,0.00,1007.20,85.06,1007.20,2.08,26.06,0.00,0.00,180.00,0.00,79DAAFB4
2026-07-01T00:19:13Z,0.00,268.20,28.60,S,0.00,0.00,1007.20,86.49,1007.20,1.87,26.12,0.00,0.00,180.00,0.00,79DAAFB4
2026-07-01T00:02:05Z,0.00,268.20,28.39,S,0.00,0.00,1007.20,87.10,1007.20,1.77,26.03,0.00,0.00,180.00,0.00,79DAAFB4
2026-06-30T23:45:03Z,0.00,268.20,28.34,S,0.00,0.00,1007.10,87.62,1007.10,1.70,26.08,0.00,0.00,180.00,0.00,79DAAFB4
2026-06-30T23:27:44Z,0.00,268.20,28.25,S,0.00,0.00,1007.00,87.79,1007.00,1.67,26.03,0.00,0.00,180.00,0.00,79DAAFB4
2026-06-30T23:10:25Z,0.00,268.20,28.17,S,0.00,0.00,1007.10,87.79,1007.10,1.67,25.95,0.00,0.00,180.00,0.00,79DAAFB4
2026-06-30T22:53:16Z,0.00,268.20,28.24,S,0.00,0.00,1007.00,87.96,1007.00,1.65,26.05,0.00,0.00,180.00,0.00,79DAAFB4
2026-06-30T22:36:08Z,0.00,268.20,28.25,S,0.00,0.00,1006.90,87.74,1006.90,1.68,26.02,0.00,0.00,180.00,0.00,79DAAFB4
2026-06-30T22:19:00Z,0.00,268.20,28.35,S,0.00,0.00,1006.70,87.65,1006.70,1.69,26.10,0.00,0.00,180.00,0.00,79DAAFB4
2026-06-30T22:01:41Z,0.00,268.20,28.34,S,0.00,0.00,1006.30,87.54,1006.30,1.71,26.07,0.00,0.00,180.00,0.00,79DAAFB4
2026-06-30T21:44:32Z,0.00,268.20,28.33,S,0.00,0.00,1006.50,87.32,1006.50,1.74,26.02,0.00,0.00,180.00,0.00,79DAAFB4
2026-06-30T21:27:23Z,0.00,268.20,28.39,S,0.00,0.00,1006.30,86.95,1006.30,1.80,26.00,0.00,0.00,180.00,0.00,79DAAFB4
2026-06-30T21:10:15Z,0.00,268.20,28.47,S,0.00,0.00,1006.20,86.33,1006.20,1.89,25.96,0.00,0.00,180.00,0.00,79DAAFB4
2026-06-30T20:53:07Z,0.00,268.20,28.48,S,0.00,0.00,1006.00,86.24,1006.00,1.90,25.95,0.00,0.00,180.00,0.00,79DAAFB4
2026-06-30T20:35:59Z,0.00,268.20,28.52,S,0.00,0.00,1006.00,86.42,1006.00,1.87,26.03,0.00,0.00,180.00,0.00,79DAAFB4
2026-06-30T20:18:05Z,0.00,268.20,28.53,S,0.00,0.00,1006.10,86.38,1006.10,1.88,26.03,0.00,0.00,180.00,0.00,79DAAFB4
2026-06-30T20:00:57Z,0.00,268.20,28.53,S,0.00,0.00,1006.40,86.35,1006.40,1.89,26.02,0.00,0.00,180.00,0.00,79DAAFB4
2026-06-30T19:43:49Z,0.00,268.20,19.04,S,0.00,0.00,671.00,57.69,671.00,5.18,10.51,0.00,0.00,180.00,0.00,79DAAFB4
2026-06-30T19:26:41Z,0.00,268.20,28.63,S,0.00,0.00,1006.80,86.49,1006.80,1.87,26.15,0.00,0.00,180.00,0.00,79DAAFB4
2026-06-30T19:09:33Z,0.00,268.20,28.66,S,0.00,0.00,1006.90,86.74,1006.90,1.83,26.23,0.00,0.00,180.00,0.00,79DAAFB4
2026-06-30T18:52:25Z,0.00,268.20,28.67,S,0.00,0.00,1006.90,87.16,1006.90,1.77,26.32,0.00,0.00,180.00,0.00,79DAAFB4
2026-06-30T18:35:06Z,0.00,268.20,28.69,S,0.00,0.00,1007.10,87.62,1007.10,1.70,26.43,0.00,0.00,180.00,0.00,79DAAFB4
2026-06-30T18:17:58Z,0.00,268.20,28.71,S,0.00,0.00,1007.20,87.25,1007.20,1.76,26.38,0.00,0.00,180.00,0.00,79DAAFB4
2026-06-30T18:00:38Z,0.00,268.20,28.85,S,0.00,0.00,1007.20,87.04,1007.20,1.79,26.47,0.00,0.00,180.00,0.00,79DAAFB4
2026-06-30T17:43:29Z,0.00,268.20,28.87,S,0.00,0.00,1007.20,86.37,1007.20,1.89,26.36,0.00,0.00,180.00,0.00,79DAAFB4
2026-06-30T17:26:20Z,0.00,268.20,28.96,S,0.00,0.00,1007.50,85.89,1007.50,1.96,26.35,0.00,0.00,180.00,0.00,79DAAFB4
2026-06-30T17:09:12Z,0.00,268.20,29.08,S,0.00,0.00,1007.40,85.20,1007.40,2.07,26.34,0.00,0.00,180.00,0.00,79DAAFB4
2026-06-30T16:52:04Z,0.00,268.20,29.08,S,0.00,0.00,1007.50,84.63,1007.50,2.15,26.22,0.00,0.00,180.00,0.00,79DAAFB4
2026-06-30T16:34:45Z,0.00,268.20,29.14,S,0.00,0.00,1007.60,83.98,1007.60,2.25,26.15,0.00,0.00,180.00,0.00,79DAAFB4
2026-06-30T16:17:36Z,0.00,268.20,29.16,S,0.00,0.00,1007.70,83.28,1007.70,2.35,26.03,0.00,0.00,180.00,0.00,79DAAFB4
2026-06-30T16:00:27Z,0.00,268.20,29.22,S,0.00,0.00,1007.60,82.87,1007.60,2.41,26.00,0.00,0.00,180.00,0.00,79DAAFB4
2026-06-30T15:43:08Z,0.00,268.20,29.29,S,0.00,0.00,1007.70,82.23,1007.70,2.51,25.94,0.00,0.00,180.00,0.00,79DAAFB4
2026-06-30T15:26:00Z,0.00,268.20,29.30,S,0.00,0.00,1007.60,82.33,1007.60,2.50,25.97,0.00,0.00,180.00,0.00,79DAAFB4
2026-06-30T15:08:52Z,0.00,268.20,29.32,S,0.00,0.00,1007.70,82.41,1007.70,2.48,26.01,0.00,0.00,180.00,0.00,79DAAFB4
2026-06-30T14:51:33Z,0.00,268.20,29.26,S,0.00,0.00,1007.40,81.90,1007.40,2.56,25.84,0.00,0.00,180.00,0.00,79DAAFB4
2026-06-30T14:34:14Z,0.00,268.20,29.33,S,0.00,0.00,1007.50,81.63,1007.50,2.60,25.85,0.00,0.00,180.00,0.00,79DAAFB4
2026-06-30T14:17:05Z,0.00,268.20,29.26,S,0.00,0.00,1007.50,81.47,1007.50,2.62,25.75,0.00,0.00,180.00,0.00,79DAAFB4
2026-06-30T13:59:57Z,0.00,268.20,29.36,S,0.00,0.00,1007.60,81.05,1007.60,2.69,25.76,0.00,0.00,180.00,0.00,79DAAFB4
2026-06-30T13:42:49Z,0.00,268.20,29.46,S,0.00,0.00,1007.70,80.69,1007.70,2.75,25.79,0.00,0.00,180.00,0.00,79DAAFB4
2026-06-30T13:25:41Z,0.00,268.20,19.63,S,0.00,0.00,671.50,53.40,671.50,5.80,9.91,0.00,0.00,180.00,0.00,79DAAFB4
2026-06-30T13:08:33Z,0.00,268.20,29.52,S,0.00,0.00,1006.90,79.40,1006.90,2.94,25.57,0.00,0.00,180.00,0.00,79DAAFB4
2026-06-30T12:51:25Z,0.00,268.20,29.54,S,0.00,0.00,1006.70,78.98,1006.70,3.00,25.50,0.00,0.00,180.00,0.00,79DAAFB4
2026-06-30T12:34:17Z,0.00,268.20,29.53,S,0.00,0.00,1006.80,78.38,1006.80,3.09,25.36,0.00,0.00,180.00,0.00,79DAAFB4
2026-06-30T12:16:58Z,0.00,268.20,29.53,S,0.00,0.00,1006.60,77.68,1006.60,3.20,25.21,0.00,0.00,180.00,0.00,79DAAFB4
2026-06-30T11:59:50Z,0.00,268.20,29.49,S,0.00,0.00,1006.30,76.40,1006.30,3.39,24.90,0.00,0.00,180.00,0.00,79DAAFB4
2026-06-30T11:42:30Z,0.00,268.20,29.65,S,0.00,0.00,1006.10,75.02,1006.10,3.61,24.74,0.00,0.00,180.00,0.00,79DAAFB4
2026-06-30T11:25:22Z,0.00,268.20,29.70,S,0.00,0.00,1005.90,71.29,1005.90,4.18,23.94,0.00,0.00,180.00,0.00,79DAAFB4
2026-06-30T11:08:21Z,0.00,268.20,30.02,S,0.00,0.00,1005.80,69.84,1005.80,4.43,23.90,0.00,0.00,180.00,0.00,79DAAFB4
2026-06-30T10:49:03Z,0.00,268.20,30.41,S,0.00,0.00,1005.70,67.30,1005.70,4.86,23.66,0.00,0.00,180.00,0.00,79DAAFB4
2026-06-30T10:31:55Z,0.00,268.20,30.87,S,0.00,0.00,1005.80,69.12,1005.80,4.60,24.54,0.00,0.00,180.00,0.00,79DAAFB4
2026-06-30T10:14:36Z,0.00,268.20,31.34,S,0.00,0.00,1005.90,70.41,1005.90,4.43,25.30,0.00,0.00,180.00,0.00,79DAAFB4
2026-06-30T09:57:27Z,0.00,268.20,32.12,S,0.00,0.00,1005.80,72.17,1005.80,4.20,26.46,0.00,0.00,180.00,0.00,79DAAFB4
2026-06-30T09:40:18Z,0.00,268.20,32.41,S,0.00,0.00,1005.40,69.81,1005.40,4.60,26.18,0.00,0.00,180.00,0.00,79DAAFB4
2026-06-30T09:22:59Z,0.00,268.20,32.19,S,0.00,0.00,1005.40,68.79,1005.40,4.75,25.72,0.00,0.00,180.00,0.00,79DAAFB4
2026-06-30T09:05:51Z,0.00,268.20,32.17,S,0.00,0.00,1005.50,69.73,1005.50,4.60,25.93,0.00,0.00,180.00,0.00,79DAAFB4
2026-06-30T08:48:43Z,0.00,268.20,31.53,S,0.00,0.00,1005.40,69.02,1005.40,4.67,25.15,0.00,0.00,180.00,0.00,79DAAFB4
2026-06-30T08:31:24Z,0.00,268.20,30.49,S,0.00,0.00,1005.30,73.24,1005.30,3.93,25.15,0.00,0.00,180.00,0.00,79DAAFB4
2026-06-30T08:14:05Z,0.00,268.20,30.30,S,0.00,0.00,1005.60,74.51,1005.60,3.72,25.26,0.00,0.00,180.00,0.00,79DAAFB4
2026-06-30T07:56:56Z,0.00,268.20,30.83,S,0.00,0.00,1005.60,75.19,1005.60,3.65,25.92,0.00,0.00,180.00,0.00,79DAAFB4
2026-06-30T07:39:48Z,0.00,268.20,31.10,S,0.00,0.00,1005.80,76.32,1005.80,3.48,26.43,0.00,0.00,180.00,0.00,79DAAFB4
2026-06-30T07:22:40Z,0.00,268.20,31.98,S,0.00,0.00,1006.10,72.02,1006.10,4.21,26.30,0.00,0.00,180.00,0.00,79DAAFB4
2026-06-30T07:05:21Z,0.00,268.20,32.43,S,0.00,0.00,1005.80,66.58,1005.80,5.14,25.40,0.00,0.00,180.00,0.00,79DAAFB4
2026-06-30T06:48:12Z,0.00,268.20,32.50,S,0.00,0.00,1006.00,69.47,1006.00,4.66,26.18,0.00,0.00,180.00,0.00,79DAAFB4
2026-06-30T06:31:00Z,0.00,268.20,31.84,S,0.00,0.00,1006.10,71.05,1006.10,4.36,25.93,0.00,0.00,180.00,0.00,79DAAFB4
2026-06-30T06:13:51Z,0.00,268.20,31.34,S,0.00,0.00,1006.40,74.53,1006.40,3.78,26.26,0.00,0.00,180.00,0.00,79DAAFB4
2026-06-30T05:56:43Z,0.00,268.20,31.44,S,0.00,0.00,1006.60,71.49,1006.60,4.26,25.65,0.00,0.00,180.00,0.00,79DAAFB4
2026-06-30T05:39:24Z,0.00,268.20,31.07,S,0.00,0.00,1006.60,71.52,1006.60,4.24,25.31,0.00,0.00,180.00,0.00,79DAAFB4
2026-06-30T05:22:16Z,0.00,268.20,30.91,S,0.00,0.00,1006.70,74.67,1006.70,3.73,25.88,0.00,0.00,180.00,0.00,79DAAFB4
2026-06-30T05:05:08Z,0.00,268.20,31.03,S,0.00,0.00,1007.00,76.26,1007.00,3.49,26.35,0.00,0.00,180.00,0.00,79DAAFB4
2026-06-30T04:47:49Z,0.00,268.20,31.15,S,0.00,0.00,1007.20,71.75,1007.20,4.20,25.44,0.00,0.00,180.00,0.00,79DAAFB4
2026-06-30T04:30:41Z,0.00,268.20,30.90,S,0.00,0.00,1007.50,71.26,1007.50,4.27,25.08,0.00,0.00,180.00,0.00,79DAAFB4
2026-06-30T04:13:21Z,0.00,268.20,30.93,S,0.00,0.00,1007.70,73.75,1007.70,3.88,25.69,0.00,0.00,180.00,0.00,79DAAFB4
2026-06-30T03:56:13Z,0.00,268.20,30.88,S,0.00,0.00,1007.70,74.15,1007.70,3.81,25.73,0.00,0.00,180.00,0.00,79DAAFB4
2026-06-30T03:39:04Z,0.00,268.20,30.85,S,0.00,0.00,1007.90,74.21,1007.90,3.80,25.72,0.00,0.00,180.00,0.00,79DAAFB4
2026-06-30T03:21:55Z,0.00,268.20,30.59,S,0.00,0.00,1008.00,73.36,1008.00,3.92,25.27,0.00,0.00,180.00,0.00,79DAAFB4
2026-06-30T03:04:45Z,0.00,268.20,30.54,S,0.00,0.00,1008.20,74.49,1008.20,3.74,25.48,0.00,0.00,180.00,0.00,79DAAFB4
2026-06-30T02:47:36Z,0.00,268.20,30.28,S,0.00,0.00,1008.20,75.15,1008.20,3.62,25.38,0.00,0.00,180.00,0.00,79DAAFB4
2026-06-30T02:30:28Z,0.00,268.20,30.09,S,0.00,0.00,1008.30,76.59,1008.30,3.39,25.52,0.00,0.00,180.00,0.00,79DAAFB4
2026-06-30T02:13:20Z,0.00,268.20,29.85,S,0.00,0.00,1008.40,78.05,1008.40,3.16,25.60,0.00,0.00,180.00,0.00,79DAAFB4
2026-06-30T01:56:12Z,0.00,268.20,29.63,S,0.00,0.00,1008.20,78.92,1008.20,3.02,25.58,0.00,0.00,180.00,0.00,79DAAFB4
2026-06-30T01:39:04Z,0.00,268.20,29.41,S,0.00,0.00,1008.20,80.40,1008.20,2.79,25.68,0.00,0.00,180.00,0.00,79DAAFB4
2026-06-30T01:21:56Z,0.00,268.20,29.26,S,0.00,0.00,1008.20,83.14,1008.20,2.38,26.10,0.00,0.00,180.00,0.00,79DAAFB4
2026-06-30T01:04:48Z,0.00,268.20,29.09,S,0.00,0.00,1008.20,83.48,1008.20,2.32,26.00,0.00,0.00,180.00,0.00,79DAAFB4
2026-06-30T00:47:29Z,0.00,268.20,28.83,S,0.00,0.00,1008.00,85.06,1008.00,2.08,26.06,0.00,0.00,180.00,0.00,79DAAFB4
2026-06-30T00:30:20Z,0.00,268.20,28.78,S,0.00,0.00,1007.80,86.11,1007.80,1.93,26.22,0.00,0.00,180.00,0.00,79DAAFB4
2026-06-30T00:13:12Z,0.00,268.20,28.62,S,0.00,0.00,1007.70,86.55,1007.70,1.86,26.15,0.00,0.00,180.00,0.00,79DAAFB4
2026-06-29T23:56:04Z,0.00,268.20,28.61,S,0.00,0.00,1007.70,87.61,1007.70,1.70,26.35,0.00,0.00,180.00,0.00,79DAAFB4
2026-06-29T23:38:45Z,0.00,268.20,28.51,S,0.00,0.00,1007.70,87.48,1007.70,1.72,26.22,0.00,0.00,180.00,0.00,79DAAFB4
2026-06-29T23:21:36Z,0.00,268.20,28.54,S,0.00,0.00,1007.60,87.20,1007.60,1.76,26.20,0.00,0.00,180.00,0.00,79DAAFB4
2026-06-29T23:04:27Z,0.00,268.20,28.52,S,0.00,0.00,1007.50,86.65,1007.50,1.84,26.07,0.00,0.00,180.00,0.00,79DAAFB4
2026-06-29T22:47:08Z,0.00,268.20,28.47,S,0.00,0.00,1007.20,86.61,1007.20,1.85,26.02,0.00,0.00,180.00,0.00,79DAAFB4
2026-06-29T22:30:00Z,0.00,268.20,28.51,S,0.00,0.00,1007.10,86.54,1007.10,1.86,26.04,0.00,0.00,180.00,0.00,79DAAFB4
2026-06-29T22:12:52Z,0.00,268.20,28.49,S,0.00,0.00,1006.90,86.44,1006.90,1.87,26.00,0.00,0.00,180.00,0.00,79DAAFB4
2026-06-29T21:55:33Z,0.00,268.20,28.48,S,0.00,0.00,1006.90,86.65,1006.90,1.84,26.03,0.00,0.00,180.00,0.00,79DAAFB4
2026-06-29T21:38:14Z,0.00,268.20,28.42,S,0.00,0.00,1006.90,86.76,1006.90,1.82,26.00,0.00,0.00,180.00,0.00,79DAAFB4
2026-06-29T21:21:06Z,0.00,268.20,28.47,S,0.00,0.00,1006.70,86.73,1006.70,1.83,26.04,0.00,0.00,180.00,0.00,79DAAFB4
2026-06-29T21:03:46Z,0.00,268.20,28.53,S,0.00,0.00,1006.60,86.98,1006.60,1.79,26.15,0.00,0.00,180.00,0.00,79DAAFB4
2026-06-29T20:46:37Z,0.00,268.20,28.47,S,0.00,0.00,1006.70,87.00,1006.70,1.79,26.09,0.00,0.00,180.00,0.00,79DAAFB4
2026-06-29T20:29:29Z,0.00,268.20,28.41,S,0.00,0.00,1006.80,86.89,1006.80,1.80,26.01,0.00,0.00,180.00,0.00,79DAAFB4
2026-06-29T20:12:21Z,0.00,268.20,28.40,S,0.00,0.00,1006.50,87.05,1006.50,1.78,26.03,0.00,0.00,180.00,0.00,79DAAFB4
2026-06-29T19:55:13Z,0.00,268.20,28.47,S,0.00,0.00,1006.50,87.08,1006.50,1.78,26.11,0.00,0.00,180.00,0.00,79DAAFB4
2026-06-29T19:38:05Z,0.00,268.20,28.52,S,0.00,0.00,1006.40,86.79,1006.40,1.82,26.10,0.00,0.00,180.00,0.00,79DAAFB4
2026-06-29T19:20:57Z,0.00,268.20,28.52,S,0.00,0.00,1006.60,87.40,1006.60,1.73,26.22,0.00,0.00,180.00,0.00,79DAAFB4
2026-06-29T19:03:49Z,0.00,268.20,28.50,S,0.00,0.00,1006.80,87.01,1006.80,1.79,26.12,0.00,0.00,180.00,0.00,79DAAFB4
2026-06-29T18:46:30Z,0.00,268.20,28.45,S,0.00,0.00,1007.10,87.40,1007.10,1.73,26.15,0.00,0.00,180.00,0.00,79DAAFB4
2026-06-29T18:29:21Z,0.00,268.20,28.50,S,0.00,0.00,1007.40,87.55,1007.40,1.71,26.23,0.00,0.00,180.00,0.00,79DAAFB4
2026-06-29T18:12:13Z,0.00,268.20,28.50,S,0.00,0.00,1007.60,87.33,1007.60,1.74,26.18,0.00,0.00,180.00,0.00,79DAAFB4
2026-06-29T17:55:05Z,0.00,268.20,28.55,S,0.00,0.00,1007.70,87.14,1007.70,1.77,26.20,0.00,0.00,180.00,0.00,79DAAFB4
2026-06-29T17:37:56Z,0.00,268.20,28.54,S,0.00,0.00,1007.90,87.41,1007.90,1.73,26.24,0.00,0.00,180.00,0.00,79DAAFB4
2026-06-29T17:17:25Z,0.00,268.20,28.52,S,0.00,0.00,1008.20,86.89,1008.20,1.81,26.12,0.00,0.00,180.00,0.00,79DAAFB4
2026-06-29T17:00:17Z,0.00,268.20,28.52,S,0.00,0.00,1008.30,87.46,1008.30,1.72,26.23,0.00,0.00,180.00,0.00,79DAAFB4
2026-06-29T16:42:58Z,0.00,268.20,28.62,S,0.00,0.00,1008.30,87.37,1008.30,1.74,26.31,0.00,0.00,180.00,0.00,79DAAFB4
2026-06-29T16:25:50Z,0.00,268.20,28.81,S,0.00,0.00,1008.30,86.61,1008.30,1.85,26.35,0.00,0.00,180.00,0.00,79DAAFB4
2026-06-29T16:08:42Z,0.00,268.20,28.96,S,0.00,0.00,1008.40,86.43,1008.40,1.88,26.46,0.00,0.00,180.00,0.00,79DAAFB4
2026-06-29T15:51:23Z,0.00,268.20,29.09,S,0.00,0.00,1008.50,86.61,1008.50,1.86,26.62,0.00,0.00,180.00,0.00,79DAAFB4
2026-06-29T15:34:15Z,0.00,268.20,29.13,S,0.00,0.00,1008.60,86.77,1008.60,1.84,26.69,0.00,0.00,180.00,0.00,79DAAFB4
2026-06-29T15:16:55Z,0.00,268.20,29.12,S,0.00,0.00,1008.70,86.57,1008.70,1.87,26.65,0.00,0.00,180.00,0.00,79DAAFB4
2026-06-29T14:59:47Z,0.00,268.20,29.09,S,0.00,0.00,1008.70,85.50,1008.70,2.02,26.40,0.00,0.00,180.00,0.00,79DAAFB4
2026-06-29T14:42:38Z,0.00,268.20,29.17,S,0.00,0.00,1008.50,85.19,1008.50,2.07,26.42,0.00,0.00,180.00,0.00,79DAAFB4
2026-06-29T14:25:29Z,0.00,268.20,29.18,S,0.00,0.00,1008.20,84.39,1008.20,2.19,26.27,0.00,0.00,180.00,0.00,79DAAFB4
2026-06-29T14:08:19Z,0.00,268.20,29.18,S,0.00,0.00,1008.20,84.42,1008.20,2.18,26.28,0.00,0.00,180.00,0.00,79DAAFB4
2026-06-29T13:51:10Z,0.00,268.20,29.19,S,0.00,0.00,1008.00,83.10,1008.00,2.38,26.02,0.00,0.00,180.00,0.00,79DAAFB4
2026-06-29T13:34:02Z,0.00,268.20,29.32,S,0.00,0.00,1007.80,84.10,1007.80,2.24,26.35,0.00,0.00,180.00,0.00,79DAAFB4
2026-06-29T13:16:54Z,0.00,268.20,29.27,S,0.00,0.00,1007.50,83.88,1007.50,2.27,26.26,0.00,0.00,180.00,0.00,79DAAFB4
2026-06-29T12:59:46Z,0.00,268.20,29.39,S,0.00,0.00,1007.40,84.20,1007.40,2.22,26.44,0.00,0.00,180.00,0.00,79DAAFB4
2026-06-29T12:42:38Z,0.00,268.20,29.36,S,0.00,0.00,1006.90,83.99,1006.90,2.25,26.37,0.00,0.00,180.00,0.00,79DAAFB4
2026-06-29T12:25:30Z,0.00,268.20,29.49,S,0.00,0.00,1006.70,82.26,1006.70,2.51,26.14,0.00,0.00,180.00,0.00,79DAAFB4
2026-06-29T12:08:22Z,0.00,268.20,29.58,S,0.00,0.00,1006.50,81.13,1006.50,2.68,25.99,0.00,0.00,180.00,0.00,79DAAFB4
2026-06-29T11:51:03Z,0.00,268.20,29.62,S,0.00,0.00,1006.40,80.73,1006.40,2.75,25.95,0.00,0.00,180.00,0.00,79DAAFB4
2026-06-29T11:33:54Z,0.00,268.20,29.68,S,0.00,0.00,1006.60,78.84,1006.60,3.03,25.61,0.00,0.00,180.00,0.00,79DAAFB4
2026-06-29T11:16:46Z,0.00,268.20,29.90,S,0.00,0.00,1006.20,78.37,1006.20,3.11,25.72,0.00,0.00,180.00,0.00,79DAAFB4
2026-06-29T10:59:38Z,0.00,268.20,30.05,S,0.00,0.00,1005.60,78.07,1005.60,3.16,25.80,0.00,0.00,180.00,0.00,79DAAFB4
2026-06-29T10:42:19Z,0.00,268.20,30.12,S,0.00,0.00,1005.30,78.68,1005.30,3.08,26.00,0.00,0.00,180.00,0.00,79DAAFB4
2026-06-29T10:25:10Z,0.00,268.20,30.38,S,0.00,0.00,1005.00,77.00,1005.00,3.34,25.89,0.00,0.00,180.00,0.00,79DAAFB4
2026-06-29T10:08:01Z,0.00,268.20,30.61,S,0.00,0.00,1005.00,75.94,1005.00,3.52,25.87,0.00,0.00,180.00,0.00,79DAAFB4
2026-06-29T09:50:40Z,0.00,268.20,30.90,S,0.00,0.00,1004.90,75.02,1004.90,3.68,25.95,0.00,0.00,180.00,0.00,79DAAFB4
2026-06-29T09:33:32Z,0.00,268.20,31.25,S,0.00,0.00,1004.90,72.76,1004.90,4.05,25.77,0.00,0.00,180.00,0.00,79DAAFB4
2026-06-29T09:16:24Z,0.00,268.20,31.82,S,0.00,0.00,1004.80,69.63,1004.80,4.59,25.57,0.00,0.00,180.00,0.00,79DAAFB4
2026-06-29T08:59:05Z,0.00,268.20,32.03,S,0.00,0.00,1004.90,73.30,1004.90,4.01,26.64,0.00,0.00,180.00,0.00,79DAAFB4
2026-06-29T08:41:55Z,0.00,268.20,31.98,S,0.00,0.00,1004.80,73.89,1004.80,3.91,26.73,0.00,0.00,180.00,0.00,79DAAFB4
2026-06-29T08:24:36Z,0.00,268.20,32.04,S,0.00,0.00,1004.40,73.96,1004.40,3.91,26.80,0.00,0.00,180.00,0.00,79DAAFB4
2026-06-29T08:07:28Z,0.00,268.20,32.24,S,0.00,0.00,1004.20,72.68,1004.20,4.12,26.70,0.00,0.00,180.00,0.00,79DAAFB4
2026-06-29T07:50:08Z,0.00,268.20,32.72,S,0.00,0.00,1004.30,70.34,1004.30,4.53,26.60,0.00,0.00,180.00,0.00,79DAAFB4
2026-06-29T07:33:00Z,0.00,268.20,33.27,S,0.00,0.00,1004.50,71.06,1004.50,4.45,27.30,0.00,0.00,180.00,0.00,79DAAFB4
2026-06-29T07:15:51Z,0.00,268.20,34.02,S,0.00,0.00,1004.70,59.89,1004.70,6.43,25.11,0.00,0.00,180.00,0.00,79DAAFB4
2026-06-29T06:58:42Z,0.00,268.20,33.57,S,0.00,0.00,1004.80,62.92,1004.80,5.85,25.52,0.00,0.00,180.00,0.00,79DAAFB4
2026-06-29T06:41:34Z,0.00,268.20,33.46,S,0.00,0.00,1005.10,62.26,1005.10,5.96,25.24,0.00,0.00,180.00,0.00,79DAAFB4
2026-06-29T06:24:25Z,0.00,268.20,33.62,S,0.00,0.00,1005.30,62.41,1005.30,5.95,25.43,0.00,0.00,180.00,0.00,79DAAFB4
2026-06-29T06:07:16Z,0.00,268.20,33.23,S,0.00,0.00,1005.60,62.75,1005.60,5.85,25.16,0.00,0.00,180.00,0.00,79DAAFB4
2026-06-29T05:50:07Z,0.00,268.20,33.02,S,0.00,0.00,1005.90,63.82,1005.90,5.65,25.24,0.00,0.00,180.00,0.00,79DAAFB4
2026-06-29T05:32:59Z,0.00,268.20,32.88,S,0.00,0.00,1006.20,66.39,1006.20,5.20,25.78,0.00,0.00,180.00,0.00,79DAAFB4
2026-06-29T05:15:51Z,0.00,268.20,32.48,S,0.00,0.00,1006.50,68.35,1006.50,4.85,25.89,0.00,0.00,180.00,0.00,79DAAFB4
2026-06-29T04:58:32Z,0.00,268.20,32.38,S,0.00,0.00,1006.60,66.43,1006.60,5.16,25.31,0.00,0.00,180.00,0.00,79DAAFB4
2026-06-29T04:41:24Z,0.00,268.20,32.19,S,0.00,0.00,1007.00,66.02,1007.00,5.21,25.03,0.00,0.00,180.00,0.00,79DAAFB4
2026-06-29T04:24:04Z,0.00,268.20,31.94,S,0.00,0.00,1007.00,69.35,1007.00,4.64,25.62,0.00,0.00,180.00,0.00,79DAAFB4
2026-06-29T04:06:55Z,0.00,268.20,31.57,S,0.00,0.00,1007.40,70.48,1007.40,4.43,25.54,0.00,0.00,180.00,0.00,79DAAFB4
2026-06-29T03:49:46Z,0.00,268.20,31.46,S,0.00,0.00,1007.70,71.36,1007.70,4.29,25.64,0.00,0.00,180.00,0.00,79DAAFB4
2026-06-29T03:32:38Z,0.00,268.20,31.26,S,0.00,0.00,1007.80,72.12,1007.80,4.15,25.63,0.00,0.00,180.00,0.00,79DAAFB4
2026-06-29T03:15:30Z,0.00,268.20,31.21,S,0.00,0.00,1008.00,72.45,1008.00,4.10,25.66,0.00,0.00,180.00,0.00,79DAAFB4
2026-06-29T02:58:11Z,0.00,268.20,31.06,S,0.00,0.00,1008.20,72.69,1008.20,4.05,25.57,0.00,0.00,180.00,0.00,79DAAFB4
2026-06-29T02:41:01Z,0.00,268.20,30.88,S,0.00,0.00,1008.30,75.67,1008.30,3.57,26.08,0.00,0.00,180.00,0.00,79DAAFB4
2026-06-29T02:23:48Z,0.00,268.20,30.68,S,0.00,0.00,1008.20,76.23,1008.20,3.48,26.01,0.00,0.00,180.00,0.00,79DAAFB4
2026-06-29T02:06:40Z,0.00,268.20,30.41,S,0.00,0.00,1008.10,76.56,1008.10,3.41,25.82,0.00,0.00,180.00,0.00,79DAAFB4
2026-06-29T01:49:31Z,0.00,268.20,30.16,S,0.00,0.00,1008.20,79.37,1008.20,2.97,26.19,0.00,0.00,180.00,0.00,79DAAFB4
2026-06-29T01:32:22Z,0.00,268.20,30.00,S,0.00,0.00,1008.10,80.87,1008.10,2.74,26.35,0.00,0.00,180.00,0.00,79DAAFB4
2026-06-29T01:15:14Z,0.00,268.20,29.85,S,0.00,0.00,1008.00,82.71,1008.00,2.46,26.58,0.00,0.00,180.00,0.00,79DAAFB4
2026-06-29T00:58:05Z,0.00,268.20,29.50,S,0.00,0.00,1008.10,83.51,1008.10,2.33,26.41,0.00,0.00,180.00,0.00,79DAAFB4
2026-06-29T00:40:57Z,0.00,268.20,29.29,S,0.00,0.00,1007.80,84.51,1007.80,2.17,26.40,0.00,0.00,180.00,0.00,79DAAFB4
2026-06-29T00:23:49Z,0.00,268.20,29.02,S,0.00,0.00,1007.40,85.16,1007.40,2.07,26.27,0.00,0.00,180.00,0.00,79DAAFB4
2026-06-29T00:06:41Z,0.00,268.20,28.95,S,0.00,0.00,1007.30,85.43,1007.30,2.03,26.25,0.00,0.00,180.00,0.00,79DAAFB4
2026-06-28T23:49:22Z,0.00,268.20,28.81,S,0.00,0.00,1007.30,85.51,1007.30,2.01,26.13,0.00,0.00,180.00,0.00,79DAAFB4
2026-06-28T23:32:14Z,0.00,268.20,28.68,S,0.00,0.00,1007.30,85.79,1007.30,1.97,26.06,0.00,0.00,180.00,0.00,79DAAFB4
2026-06-28T23:14:54Z,0.00,268.20,28.72,S,0.00,0.00,1007.10,85.67,1007.10,1.99,26.08,0.00,0.00,180.00,0.00,79DAAFB4
2026-06-28T22:57:35Z,0.00,268.20,28.58,S,0.00,0.00,1006.90,85.58,1006.90,2.00,25.92,0.00,0.00,180.00,0.00,79DAAFB4
2026-06-28T22:40:27Z,0.00,268.20,28.62,S,0.00,0.00,1006.80,85.62,1006.80,1.99,25.97,0.00,0.00,180.00,0.00,79DAAFB4
2026-06-28T22:23:08Z,0.00,268.20,28.68,S,0.00,0.00,1006.60,85.22,1006.60,2.05,25.95,0.00,0.00,180.00,0.00,79DAAFB4
2026-06-28T22:05:59Z,0.00,268.20,28.68,S,0.00,0.00,1006.50,84.75,1006.50,2.12,25.85,0.00,0.00,180.00,0.00,79DAAFB4
2026-06-28T21:48:50Z,0.00,268.20,28.79,S,0.00,0.00,1006.40,83.94,1006.40,2.24,25.80,0.00,0.00,180.00,0.00,79DAAFB4
2026-06-28T21:31:42Z,0.00,268.20,28.93,S,0.00,0.00,1006.40,83.55,1006.40,2.30,25.86,0.00,0.00,180.00,0.00,79DAAFB4
2026-06-28T21:14:34Z,0.00,268.20,28.95,S,0.00,0.00,1006.20,83.46,1006.20,2.32,25.86,0.00,0.00,180.00,0.00,79DAAFB4
2026-06-28T20:57:26Z,0.00,268.20,28.99,S,0.00,0.00,1006.10,83.69,1006.10,2.29,25.94,0.00,0.00,180.00,0.00,79DAAFB4
2026-06-28T20:40:07Z,0.00,268.20,28.93,S,0.00,0.00,1006.00,83.79,1006.00,2.27,25.91,0.00,0.00,180.00,0.00,79DAAFB4
2026-06-28T20:22:59Z,0.00,268.20,29.02,S,0.00,0.00,1006.20,83.59,1006.20,2.30,25.95,0.00,0.00,180.00,0.00,79DAAFB4
2026-06-28T20:05:50Z,0.00,268.20,29.07,S,0.00,0.00,1006.20,83.27,1006.20,2.35,25.94,0.00,0.00,180.00,0.00,79DAAFB4
2026-06-28T19:48:31Z,0.00,268.20,29.10,S,0.00,0.00,1006.10,82.86,1006.10,2.41,25.88,0.00,0.00,180.00,0.00,79DAAFB4
2026-06-28T19:31:23Z,0.00,268.20,29.27,S,0.00,0.00,1006.30,82.26,1006.30,2.51,25.93,0.00,0.00,180.00,0.00,79DAAFB4
2026-06-28T19:14:03Z,0.00,268.20,29.36,S,0.00,0.00,1006.50,81.60,1006.50,2.61,25.88,0.00,0.00,180.00,0.00,79DAAFB4
2026-06-28T18:56:54Z,0.00,268.20,29.40,S,0.00,0.00,1006.70,80.82,1006.70,2.72,25.75,0.00,0.00,180.00,0.00,79DAAFB4
2026-06-28T18:39:46Z,0.00,268.20,29.43,S,0.00,0.00,1006.90,80.21,1006.90,2.82,25.66,0.00,0.00,180.00,0.00,79DAAFB4
2026-06-28T18:22:38Z,0.00,268.20,29.47,S,0.00,0.00,1007.10,79.72,1007.10,2.89,25.59,0.00,0.00,180.00,0.00,79DAAFB4
2026-06-28T18:05:30Z,0.00,268.20,29.56,S,0.00,0.00,1007.40,79.19,1007.40,2.97,25.57,0.00,0.00,180.00,0.00,79DAAFB4
2026-06-28T17:48:22Z,0.00,268.20,29.59,S,0.00,0.00,1007.80,78.82,1007.80,3.03,25.52,0.00,0.00,180.00,0.00,79DAAFB4
2026-06-28T17:31:14Z,0.00,268.20,29.65,S,0.00,0.00,1008.10,78.19,1008.10,3.13,25.44,0.00,0.00,180.00,0.00,79DAAFB4
2026-06-28T17:14:06Z,0.00,268.20,29.68,S,0.00,0.00,1008.20,77.54,1008.20,3.23,25.33,0.00,0.00,180.00,0.00,79DAAFB4
2026-06-28T16:56:47Z,0.00,268.20,29.65,S,0.00,0.00,1008.40,76.95,1008.40,3.32,25.17,0.00,0.00,180.00,0.00,79DAAFB4
2026-06-28T16:39:38Z,0.00,268.20,29.67,S,0.00,0.00,1008.40,75.38,1008.40,3.56,24.84,0.00,0.00,180.00,0.00,79DAAFB4
2026-06-28T16:22:30Z,0.00,268.20,29.80,S,0.00,0.00,1008.40,73.45,1008.40,3.86,24.53,0.00,0.00,180.00,0.00,79DAAFB4
2026-06-28T16:05:22Z,0.00,268.20,29.90,S,0.00,0.00,1008.70,71.17,1008.70,4.22,24.10,0.00,0.00,180.00,0.00,79DAAFB4
2026-06-28T15:48:14Z,0.00,268.20,19.93,S,0.00,0.00,672.40,46.55,672.40,6.76,8.15,0.00,0.00,180.00,0.00,79DAAFB4
2026-06-28T15:31:06Z,0.00,268.20,29.82,S,0.00,0.00,1008.60,71.71,1008.60,4.13,24.15,0.00,0.00,180.00,0.00,79DAAFB4
2026-06-28T15:13:58Z,0.00,268.20,29.77,S,0.00,0.00,1008.60,72.38,1008.60,4.02,24.26,0.00,0.00,180.00,0.00,79DAAFB4
2026-06-28T14:56:50Z,0.00,268.20,29.82,S,0.00,0.00,1008.40,74.95,1008.40,3.63,24.89,0.00,0.00,180.00,0.00,79DAAFB4
2026-06-28T14:36:21Z,0.00,268.20,30.03,S,0.00,0.00,1008.30,75.28,1008.30,3.59,25.17,0.00,0.00,180.00,0.00,79DAAFB4
2026-06-28T14:19:13Z,0.00,268.20,30.06,S,0.00,0.00,1008.10,75.27,1008.10,3.59,25.20,0.00,0.00,180.00,0.00,79DAAFB4
2026-06-28T14:01:54Z,0.00,268.20,30.24,S,0.00,0.00,1008.00,75.56,1008.00,3.56,25.43,0.00,0.00,180.00,0.00,79DAAFB4
2026-06-28T13:44:35Z,0.00,268.20,30.40,S,0.00,0.00,1007.50,75.06,1007.50,3.64,25.48,0.00,0.00,180.00,0.00,79DAAFB4
2026-06-28T13:27:27Z,0.00,268.20,30.67,S,0.00,0.00,1007.20,73.89,1007.20,3.84,25.47,0.00,0.00,180.00,0.00,79DAAFB4
2026-06-28T13:10:07Z,0.00,268.20,30.88,S,0.00,0.00,1007.50,73.80,1007.50,3.87,25.65,0.00,0.00,180.00,0.00,79DAAFB4
2026-06-28T12:52:58Z,0.00,268.20,31.13,S,0.00,0.00,1007.30,73.07,1007.30,3.99,25.72,0.00,0.00,180.00,0.00,79DAAFB4
2026-06-28T12:35:50Z,0.00,268.20,31.51,S,0.00,0.00,1006.90,71.89,1006.90,4.20,25.81,0.00,0.00,180.00,0.00,79DAAFB4
2026-06-28T12:18:42Z,0.00,268.20,31.68,S,0.00,0.00,1006.90,71.69,1006.90,4.25,25.93,0.00,0.00,180.00,0.00,79DAAFB4
2026-06-28T12:01:34Z,0.00,268.20,32.02,S,0.00,0.00,1006.60,70.95,1006.60,4.39,26.08,0.00,0.00,180.00,0.00,79DAAFB4
2026-06-28T11:44:26Z,0.00,268.20,32.31,S,0.00,0.00,1006.10,67.78,1006.10,4.93,25.58,0.00,0.00,180.00,0.00,79DAAFB4
2026-06-28T11:27:18Z,0.00,268.20,32.80,S,0.00,0.00,1005.60,66.55,1005.60,5.17,25.74,0.00,0.00,180.00,0.00,79DAAFB4
2026-06-28T11:09:59Z,0.00,268.20,32.98,S,0.00,0.00,1005.10,65.78,1005.10,5.31,25.71,0.00,0.00,180.00,0.00,79DAAFB4
2026-06-28T10:52:40Z,0.00,268.20,33.27,S,0.00,0.00,1005.00,64.49,1005.00,5.56,25.65,0.00,0.00,180.00,0.00,79DAAFB4
2026-06-28T10:35:32Z,0.00,268.20,33.55,S,0.00,0.00,1004.80,62.35,1004.80,5.95,25.35,0.00,0.00,180.00,0.00,79DAAFB4
2026-06-28T10:18:20Z,0.00,268.20,33.83,S,0.00,0.00,1004.70,61.59,1004.70,6.11,25.41,0.00,0.00,180.00,0.00,79DAAFB4
2026-06-28T10:01:10Z,0.00,268.20,34.09,S,0.00,0.00,1004.80,60.48,1004.80,6.33,25.34,0.00,0.00,180.00,0.00,79DAAFB4
2026-06-28T09:43:51Z,0.00,268.20,34.53,S,0.00,0.00,1004.50,60.81,1004.50,6.32,25.85,0.00,0.00,180.00,0.00,79DAAFB4
2026-06-28T09:26:32Z,0.00,268.20,35.07,S,0.00,0.00,1004.30,57.23,1004.30,7.03,25.33,0.00,0.00,180.00,0.00,79DAAFB4
2026-06-28T09:09:24Z,0.00,268.20,35.36,S,0.00,0.00,1004.30,55.86,1004.30,7.32,25.19,0.00,0.00,180.00,0.00,79DAAFB4
2026-06-28T08:52:04Z,0.00,268.20,35.82,S,0.00,0.00,1004.20,53.98,1004.20,7.73,25.04,0.00,0.00,180.00,0.00,79DAAFB4
2026-06-28T08:34:55Z,0.00,268.20,35.95,S,0.00,0.00,1004.20,54.31,1004.20,7.69,25.26,0.00,0.00,180.00,0.00,79DAAFB4
2026-06-28T08:17:47Z,0.00,268.20,35.61,S,0.00,0.00,1004.50,56.44,1004.50,7.24,25.60,0.00,0.00,180.00,0.00,79DAAFB4
2026-06-28T08:00:39Z,0.00,268.20,35.54,S,0.00,0.00,1004.60,55.24,1004.60,7.46,25.17,0.00,0.00,180.00,0.00,79DAAFB4
2026-06-28T07:43:31Z,0.00,268.20,35.31,S,0.00,0.00,1004.80,57.91,1004.80,6.93,25.75,0.00,0.00,180.00,0.00,79DAAFB4
2026-06-28T07:26:23Z,0.00,268.20,35.04,S,0.00,0.00,1005.10,57.47,1005.10,6.98,25.37,0.00,0.00,180.00,0.00,79DAAFB4
2026-06-28T07:09:15Z,0.00,268.20,34.29,S,0.00,0.00,1005.40,59.72,1005.40,6.49,25.32,0.00,0.00,180.00,0.00,79DAAFB4
2026-06-28T06:52:07Z,0.00,268.20,33.95,S,0.00,0.00,1005.70,61.66,1005.70,6.11,25.54,0.00,0.00,180.00,0.00,79DAAFB4
2026-06-28T06:34:48Z,0.00,268.20,33.40,S,0.00,0.00,1006.00,64.39,1006.00,5.59,25.75,0.00,0.00,180.00,0.00,79DAAFB4
2026-06-28T06:17:39Z,0.00,268.20,32.65,S,0.00,0.00,1006.30,65.79,1006.30,5.28,25.40,0.00,0.00,180.00,0.00,79DAAFB4
2026-06-28T06:00:31Z,0.00,268.20,32.20,S,0.00,0.00,1006.60,66.17,1006.60,5.18,25.08,0.00,0.00,180.00,0.00,79DAAFB4
2026-06-28T05:43:23Z,0.00,268.20,32.33,S,0.00,0.00,1006.80,65.82,1006.80,5.25,25.11,0.00,0.00,180.00,0.00,79DAAFB4
2026-06-28T05:26:04Z,0.00,268.20,32.53,S,0.00,0.00,1007.10,66.36,1007.10,5.18,25.44,0.00,0.00,180.00,0.00,79DAAFB4
2026-06-28T05:08:55Z,0.00,268.20,32.26,S,0.00,0.00,1007.00,67.93,1007.00,4.90,25.57,0.00,0.00,180.00,0.00,79DAAFB4
2026-06-28T04:51:46Z,0.00,268.20,31.87,S,0.00,0.00,1007.30,69.62,1007.30,4.59,25.62,0.00,0.00,180.00,0.00,79DAAFB4
2026-06-28T04:34:27Z,0.00,268.20,31.87,S,0.00,0.00,1007.40,70.29,1007.40,4.49,25.78,0.00,0.00,180.00,0.00,79DAAFB4
2026-06-28T04:17:19Z,0.00,268.20,31.50,S,0.00,0.00,1007.40,71.33,1007.40,4.29,25.67,0.00,0.00,180.00,0.00,79DAAFB4
2026-06-28T04:00:11Z,0.00,268.20,31.57,S,0.00,0.00,1007.70,71.84,1007.70,4.22,25.86,0.00,0.00,180.00,0.00,79DAAFB4
2026-06-28T03:42:52Z,0.00,268.20,31.64,S,0.00,0.00,1008.00,72.39,1008.00,4.13,26.06,0.00,0.00,180.00,0.00,79DAAFB4
2026-06-28T03:25:33Z,0.00,268.20,31.27,S,0.00,0.00,1008.10,73.99,1008.10,3.86,26.07,0.00,0.00,180.00,0.00,79DAAFB4
2026-06-28T03:08:24Z,0.00,268.20,30.93,S,0.00,0.00,1008.50,75.44,1008.50,3.61,26.07,0.00,0.00,180.00,0.00,79DAAFB4
2026-06-28T02:51:16Z,0.00,268.20,30.71,S,0.00,0.00,1008.60,76.51,1008.60,3.43,26.10,0.00,0.00,180.00,0.00,79DAAFB4
2026-06-28T02:34:08Z,0.00,268.20,30.40,S,0.00,0.00,1008.80,75.60,1008.80,3.56,25.60,0.00,0.00,180.00,0.00,79DAAFB4
2026-06-28T02:16:49Z,0.00,268.20,30.17,S,0.00,0.00,1008.80,79.19,1008.80,3.00,26.16,0.00,0.00,180.00,0.00,79DAAFB4
2026-06-28T01:59:40Z,0.00,268.20,29.89,S,0.00,0.00,1008.90,79.57,1008.90,2.93,25.97,0.00,0.00,180.00,0.00,79DAAFB4
2026-06-28T01:42:31Z,0.00,268.20,29.56,S,0.00,0.00,1008.70,80.42,1008.70,2.79,25.83,0.00,0.00,180.00,0.00,79DAAFB4
2026-06-28T01:25:12Z,0.00,268.20,29.29,S,0.00,0.00,1008.60,82.02,1008.60,2.54,25.90,0.00,0.00,180.00,0.00,79DAAFB4
2026-06-28T01:08:04Z,0.00,268.20,28.94,S,0.00,0.00,1008.50,83.39,1008.50,2.33,25.83,0.00,0.00,180.00,0.00,79DAAFB4
2026-06-28T00:50:56Z,0.00,268.20,28.74,S,0.00,0.00,1008.40,84.08,1008.40,2.22,25.78,0.00,0.00,180.00,0.00,79DAAFB4
2026-06-28T00:33:37Z,0.00,268.20,28.65,S,0.00,0.00,1008.30,84.34,1008.30,2.18,25.74,0.00,0.00,180.00,0.00,79DAAFB4
2026-06-28T00:16:18Z,0.00,268.20,28.58,S,0.00,0.00,1008.20,85.08,1008.20,2.07,25.82,0.00,0.00,180.00,0.00,79DAAFB4
2026-06-27T23:59:10Z,0.00,268.20,28.55,S,0.00,0.00,1008.20,85.35,1008.20,2.03,25.85,0.00,0.00,180.00,0.00,79DAAFB4
2026-06-27T23:41:50Z,0.00,268.20,28.44,S,0.00,0.00,1008.10,85.69,1008.10,1.98,25.81,0.00,0.00,180.00,0.00,79DAAFB4
2026-06-27T23:24:41Z,0.00,268.20,28.41,S,0.00,0.00,1007.90,85.73,1007.90,1.97,25.78,0.00,0.00,180.00,0.00,79DAAFB4
2026-06-27T23:07:33Z,0.00,268.20,28.44,S,0.00,0.00,1007.60,86.02,1007.60,1.93,25.87,0.00,0.00,180.00,0.00,79DAAFB4
2026-06-27T22:50:14Z,0.00,268.20,28.43,S,0.00,0.00,1007.30,85.79,1007.30,1.96,25.82,0.00,0.00,180.00,0.00,79DAAFB4
2026-06-27T22:33:06Z,0.00,268.20,28.49,S,0.00,0.00,1007.20,85.10,1007.20,2.07,25.74,0.00,0.00,180.00,0.00,79DAAFB4
2026-06-27T22:15:58Z,0.00,268.20,28.54,S,0.00,0.00,1007.30,84.36,1007.30,2.17,25.64,0.00,0.00,180.00,0.00,79DAAFB4
2026-06-27T21:58:39Z,0.00,268.20,28.60,S,0.00,0.00,1007.20,83.83,1007.20,2.25,25.59,0.00,0.00,180.00,0.00,79DAAFB4
2026-06-27T21:41:31Z,0.00,268.20,28.62,S,0.00,0.00,1006.90,83.95,1006.90,2.24,25.64,0.00,0.00,180.00,0.00,79DAAFB4
2026-06-27T21:24:11Z,0.00,268.20,28.64,S,0.00,0.00,1006.60,83.89,1006.60,2.25,25.64,0.00,0.00,180.00,0.00,79DAAFB4
2026-06-27T21:07:03Z,0.00,268.20,28.69,S,0.00,0.00,1006.90,83.59,1006.90,2.29,25.63,0.00,0.00,180.00,0.00,79DAAFB4
2026-06-27T20:49:54Z,0.00,268.20,28.69,S,0.00,0.00,1007.10,82.98,1007.10,2.38,25.51,0.00,0.00,180.00,0.00,79DAAFB4
2026-06-27T20:32:45Z,0.00,268.20,28.72,S,0.00,0.00,1006.90,82.53,1006.90,2.45,25.45,0.00,0.00,180.00,0.00,79DAAFB4
2026-06-27T20:15:37Z,0.00,268.20,28.80,S,0.00,0.00,1006.90,81.70,1006.90,2.57,25.35,0.00,0.00,180.00,0.00,79DAAFB4
2026-06-27T19:58:28Z,0.00,268.20,28.80,S,0.00,0.00,1006.70,81.10,1006.70,2.66,25.23,0.00,0.00,180.00,0.00,79DAAFB4
2026-06-27T19:41:20Z,0.00,268.20,28.83,S,0.00,0.00,1006.70,81.95,1006.70,2.54,25.43,0.00,0.00,180.00,0.00,79DAAFB4
2026-06-27T19:24:12Z,0.00,268.20,28.74,S,0.00,0.00,1007.00,82.59,1007.00,2.44,25.48,0.00,0.00,180.00,0.00,79DAAFB4
2026-06-27T19:07:04Z,0.00,268.20,28.79,S,0.00,0.00,1007.10,82.73,1007.10,2.42,25.55,0.00,0.00,180.00,0.00,79DAAFB4
2026-06-27T18:49:45Z,0.00,268.20,28.85,S,0.00,0.00,1007.00,82.20,1007.00,2.50,25.50,0.00,0.00,180.00,0.00,79DAAFB4
2026-06-27T18:32:37Z,0.00,268.20,28.80,S,0.00,0.00,1007.30,82.33,1007.30,2.48,25.48,0.00,0.00,180.00,0.00,79DAAFB4
2026-06-27T18:15:17Z,0.00,268.20,28.83,S,0.00,0.00,1007.80,82.26,1007.80,2.49,25.50,0.00,0.00,180.00,0.00,79DAAFB4
2026-06-27T17:57:58Z,0.00,268.20,28.89,S,0.00,0.00,1008.20,82.07,1008.20,2.52,25.52,0.00,0.00,180.00,0.00,79DAAFB4
2026-06-27T17:40:50Z,0.00,268.20,28.93,S,0.00,0.00,1008.40,82.64,1008.40,2.44,25.67,0.00,0.00,180.00,0.00,79DAAFB4
2026-06-27T17:23:48Z,0.00,268.20,28.93,S,0.00,0.00,1008.60,83.07,1008.60,2.37,25.76,0.00,0.00,180.00,0.00,79DAAFB4
2026-06-27T17:06:40Z,0.00,268.20,28.95,S,0.00,0.00,1008.70,82.64,1008.70,2.44,25.69,0.00,0.00,180.00,0.00,79DAAFB4
2026-06-27T16:49:21Z,0.00,268.20,28.95,S,0.00,0.00,1008.80,82.39,1008.80,2.48,25.64,0.00,0.00,180.00,0.00,79DAAFB4
2026-06-27T16:32:12Z,0.00,268.20,29.00,S,0.00,0.00,1008.80,82.02,1008.80,2.53,25.61,0.00,0.00,180.00,0.00,79DAAFB4
2026-06-27T16:15:04Z,0.00,268.20,29.02,S,0.00,0.00,1008.90,81.69,1008.90,2.58,25.57,0.00,0.00,180.00,0.00,79DAAFB4
2026-06-27T15:57:56Z,0.00,268.20,29.09,S,0.00,0.00,1009.00,81.43,1009.00,2.62,25.58,0.00,0.00,180.00,0.00,79DAAFB4
2026-06-27T15:40:37Z,0.00,268.20,29.13,S,0.00,0.00,1008.80,81.93,1008.80,2.55,25.72,0.00,0.00,180.00,0.00,79DAAFB4
2026-06-27T15:23:28Z,0.00,268.20,29.11,S,0.00,0.00,1008.80,82.78,1008.80,2.42,25.88,0.00,0.00,180.00,0.00,79DAAFB4
2026-06-27T15:06:19Z,0.00,268.20,29.07,S,0.00,0.00,1008.70,82.94,1008.70,2.40,25.87,0.00,0.00,180.00,0.00,79DAAFB4
2026-06-27T14:49:00Z,0.00,268.20,29.07,S,0.00,0.00,1008.60,83.47,1008.60,2.32,25.98,0.00,0.00,180.00,0.00,79DAAFB4
2026-06-27T14:31:52Z,0.00,268.20,29.04,S,0.00,0.00,1008.60,83.54,1008.60,2.31,25.96,0.00,0.00,180.00,0.00,79DAAFB4
2026-06-27T14:14:43Z,0.00,268.20,29.06,S,0.00,0.00,1008.40,83.49,1008.40,2.32,25.97,0.00,0.00,180.00,0.00,79DAAFB4
2026-06-27T13:57:35Z,0.00,268.20,29.04,S,0.00,0.00,1008.30,83.74,1008.30,2.28,26.00,0.00,0.00,180.00,0.00,79DAAFB4
2026-06-27T13:40:16Z,0.00,268.20,29.03,S,0.00,0.00,1007.90,84.06,1007.90,2.23,26.06,0.00,0.00,180.00,0.00,79DAAFB4
2026-06-27T13:22:57Z,0.00,268.20,29.01,S,0.00,0.00,1007.70,83.45,1007.70,2.32,25.92,0.00,0.00,180.00,0.00,79DAAFB4
2026-06-27T13:05:48Z,0.00,268.20,29.04,S,0.00,0.00,1007.70,83.34,1007.70,2.34,25.92,0.00,0.00,180.00,0.00,79DAAFB4
2026-06-27T12:48:40Z,0.00,268.20,29.05,S,0.00,0.00,1007.70,84.12,1007.70,2.22,26.09,0.00,0.00,180.00,0.00,79DAAFB4
2026-06-27T12:31:32Z,0.00,268.20,28.93,S,0.00,0.00,1007.70,84.15,1007.70,2.22,25.98,0.00,0.00,180.00,0.00,79DAAFB4
2026-06-27T12:14:24Z,0.00,268.20,19.21,S,0.00,0.00,671.80,56.14,671.80,5.40,10.26,0.00,0.00,180.00,0.00,79DAAFB4
2026-06-27T11:57:16Z,0.00,268.20,28.73,S,0.00,0.00,1007.50,87.03,1007.50,1.79,26.35,0.00,0.00,180.00,0.00,79DAAFB4
2026-06-27T11:36:47Z,0.00,268.20,28.64,S,0.00,0.00,1007.40,88.94,1007.40,1.51,26.63,0.00,0.00,180.00,0.00,79DAAFB4
2026-06-27T11:19:39Z,0.00,268.20,28.48,S,0.00,0.00,1006.90,87.11,1006.90,1.77,26.12,0.00,0.00,180.00,0.00,79DAAFB4
2026-06-27T11:02:31Z,0.00,268.20,28.20,S,0.00,0.00,1006.90,87.39,1006.90,1.73,25.90,0.00,0.00,180.00,0.00,79DAAFB4
2026-06-27T10:45:23Z,0.00,268.20,27.94,S,0.00,0.00,1006.30,86.19,1006.30,1.89,25.41,0.00,0.00,180.00,0.00,79DAAFB4
2026-06-27T10:28:04Z,0.00,268.20,28.04,S,0.00,0.00,1006.60,82.05,1006.60,2.49,24.68,0.00,0.00,180.00,0.00,79DAAFB4
2026-06-27T10:10:45Z,0.00,268.20,30.08,S,0.00,0.00,1006.30,79.94,1006.30,2.88,26.23,0.00,0.00,180.00,0.00,79DAAFB4
2026-06-27T09:53:37Z,0.00,268.20,32.92,S,0.00,0.00,1005.30,65.77,1005.30,5.31,25.66,0.00,0.00,180.00,0.00,79DAAFB4
2026-06-27T09:36:17Z,0.00,268.20,33.38,S,0.00,0.00,1004.90,62.87,1004.90,5.85,25.33,0.00,0.00,180.00,0.00,79DAAFB4
2026-06-27T09:19:08Z,0.00,268.20,33.78,S,0.00,0.00,1004.70,61.28,1004.70,6.16,25.27,0.00,0.00,180.00,0.00,79DAAFB4
2026-06-27T09:02:00Z,0.00,268.20,34.46,S,0.00,0.00,1004.70,59.81,1004.70,6.49,25.50,0.00,0.00,180.00,0.00,79DAAFB4
2026-06-27T08:44:52Z,0.00,268.20,35.01,S,0.00,0.00,1004.70,57.18,1004.70,7.03,25.26,0.00,0.00,180.00,0.00,79DAAFB4
2026-06-27T08:27:44Z,0.00,268.20,34.93,S,0.00,0.00,1004.90,59.76,1004.90,6.55,25.93,0.00,0.00,180.00,0.00,79DAAFB4
2026-06-27T08:10:36Z,0.00,268.20,34.55,S,0.00,0.00,1005.40,60.94,1005.40,6.30,25.90,0.00,0.00,180.00,0.00,79DAAFB4
2026-06-27T07:53:28Z,0.00,268.20,33.58,S,0.00,0.00,1005.10,62.91,1005.10,5.86,25.53,0.00,0.00,180.00,0.00,79DAAFB4
2026-06-27T07:36:09Z,0.00,268.20,32.99,S,0.00,0.00,1005.50,63.97,1005.50,5.62,25.25,0.00,0.00,180.00,0.00,79DAAFB4
2026-06-27T07:18:50Z,0.00,268.20,33.00,S,0.00,0.00,1005.60,64.24,1005.60,5.58,25.33,0.00,0.00,180.00,0.00,79DAAFB4
2026-06-27T07:01:42Z,0.00,268.20,33.32,S,0.00,0.00,1006.00,66.43,1006.00,5.23,26.20,0.00,0.00,180.00,0.00,79DAAFB4
2026-06-27T06:44:22Z,0.00,268.20,33.50,S,0.00,0.00,1006.00,62.96,1006.00,5.84,25.47,0.00,0.00,180.00,0.00,79DAAFB4
2026-06-27T06:27:13Z,0.00,268.20,33.82,S,0.00,0.00,1006.20,62.58,1006.20,5.94,25.67,0.00,0.00,180.00,0.00,79DAAFB4
2026-06-27T06:10:05Z,0.00,268.20,33.49,S,0.00,0.00,1006.30,62.35,1006.30,5.95,25.29,0.00,0.00,180.00,0.00,79DAAFB4
2026-06-27T05:52:57Z,0.00,268.20,32.96,S,0.00,0.00,1006.60,65.18,1006.60,5.41,25.54,0.00,0.00,180.00,0.00,79DAAFB4
2026-06-27T05:35:49Z,0.00,268.20,32.31,S,0.00,0.00,1007.00,69.10,1007.00,4.71,25.91,0.00,0.00,180.00,0.00,79DAAFB4
2026-06-27T05:18:41Z,0.00,268.20,32.23,S,0.00,0.00,1007.50,67.60,1007.50,4.95,25.46,0.00,0.00,180.00,0.00,79DAAFB4
2026-06-27T05:01:33Z,0.00,268.20,32.15,S,0.00,0.00,1007.70,67.00,1007.70,5.04,25.24,0.00,0.00,180.00,0.00,79DAAFB4
2026-06-27T04:44:14Z,0.00,268.20,32.09,S,0.00,0.00,1008.00,67.23,1008.00,5.00,25.24,0.00,0.00,180.00,0.00,79DAAFB4
2026-06-27T04:26:55Z,0.00,268.20,31.98,S,0.00,0.00,1008.40,68.56,1008.40,4.77,25.46,0.00,0.00,180.00,0.00,79DAAFB4
2026-06-27T04:09:46Z,0.00,268.20,32.03,S,0.00,0.00,1008.50,68.10,1008.50,4.85,25.40,0.00,0.00,180.00,0.00,79DAAFB4
2026-06-27T03:52:36Z,0.00,268.20,31.64,S,0.00,0.00,1008.60,69.91,1008.60,4.53,25.47,0.00,0.00,180.00,0.00,79DAAFB4
2026-06-27T03:35:28Z,0.00,268.20,31.52,S,0.00,0.00,1008.90,71.27,1008.90,4.30,25.68,0.00,0.00,180.00,0.00,79DAAFB4
2026-06-27T03:18:08Z,0.00,268.20,31.40,S,0.00,0.00,1009.00,72.20,1009.00,4.15,25.78,0.00,0.00,180.00,0.00,79DAAFB4
2026-06-27T03:00:59Z,0.00,268.20,31.01,S,0.00,0.00,1009.40,72.73,1009.40,4.04,25.53,0.00,0.00,180.00,0.00,79DAAFB4
2026-06-27T02:43:51Z,0.00,268.20,30.75,S,0.00,0.00,1009.40,74.47,1009.40,3.75,25.68,0.00,0.00,180.00,0.00,79DAAFB4
2026-06-27T02:26:43Z,0.00,268.20,30.47,S,0.00,0.00,1009.50,75.20,1009.50,3.62,25.57,0.00,0.00,180.00,0.00,79DAAFB4
2026-06-27T02:09:35Z,0.00,268.20,30.09,S,0.00,0.00,1009.50,78.67,1009.50,3.08,25.97,0.00,0.00,180.00,0.00,79DAAFB4
2026-06-27T01:52:27Z,0.00,268.20,29.84,S,0.00,0.00,1009.50,79.29,1009.50,2.97,25.86,0.00,0.00,180.00,0.00,79DAAFB4
2026-06-27T01:35:19Z,0.00,268.20,29.54,S,0.00,0.00,1009.40,80.17,1009.40,2.83,25.75,0.00,0.00,180.00,0.00,79DAAFB4
2026-06-27T01:18:11Z,0.00,268.20,29.29,S,0.00,0.00,1009.30,81.96,1009.30,2.55,25.88,0.00,0.00,180.00,0.00,79DAAFB4
2026-06-27T01:00:52Z,0.00,268.20,29.05,S,0.00,0.00,1009.30,83.72,1009.30,2.28,26.01,0.00,0.00,180.00,0.00,79DAAFB4
2026-06-27T00:43:43Z,0.00,268.20,28.80,S,0.00,0.00,1009.20,84.59,1009.20,2.15,25.94,0.00,0.00,180.00,0.00,79DAAFB4
2026-06-27T00:26:35Z,0.00,268.20,28.62,S,0.00,0.00,1009.10,85.79,1009.10,1.97,26.00,0.00,0.00,180.00,0.00,79DAAFB4
2026-06-27T00:09:27Z,0.00,268.20,28.42,S,0.00,0.00,1009.00,86.21,1009.00,1.90,25.89,0.00,0.00,180.00,0.00,79DAAFB4
2026-06-26T23:52:08Z,0.00,268.20,28.32,S,0.00,0.00,1008.90,87.04,1008.90,1.78,25.95,0.00,0.00,180.00,0.00,79DAAFB4
2026-06-26T23:34:59Z,0.00,268.20,28.28,S,0.00,0.00,1008.80,87.05,1008.80,1.78,25.91,0.00,0.00,180.00,0.00,79DAAFB4
2026-06-26T23:17:50Z,0.00,268.20,28.28,S,0.00,0.00,1008.50,86.99,1008.50,1.79,25.90,0.00,0.00,180.00,0.00,79DAAFB4
2026-06-26T23:00:31Z,0.00,268.20,28.19,S,0.00,0.00,1008.40,87.25,1008.40,1.75,25.86,0.00,0.00,180.00,0.00,79DAAFB4
2026-06-26T22:43:23Z,0.00,268.20,28.20,S,0.00,0.00,1008.10,87.25,1008.10,1.75,25.87,0.00,0.00,180.00,0.00,79DAAFB4
2026-06-26T22:26:15Z,0.00,268.20,28.19,S,0.00,0.00,1007.90,87.24,1007.90,1.75,25.86,0.00,0.00,180.00,0.00,79DAAFB4
2026-06-26T22:08:56Z,0.00,268.20,28.27,S,0.00,0.00,1007.80,86.81,1007.80,1.81,25.86,0.00,0.00,180.00,0.00,79DAAFB4
2026-06-26T21:51:37Z,0.00,268.20,28.39,S,0.00,0.00,1007.70,86.37,1007.70,1.88,25.89,0.00,0.00,180.00,0.00,79DAAFB4
2026-06-26T21:34:29Z,0.00,268.20,28.40,S,0.00,0.00,1007.70,85.98,1007.70,1.94,25.82,0.00,0.00,180.00,0.00,79DAAFB4
2026-06-26T21:17:09Z,0.00,268.20,28.40,S,0.00,0.00,1007.60,85.82,1007.60,1.96,25.79,0.00,0.00,180.00,0.00,79DAAFB4
2026-06-26T21:00:00Z,0.00,268.20,28.35,S,0.00,0.00,1007.60,85.53,1007.60,2.00,25.69,0.00,0.00,180.00,0.00,79DAAFB4
2026-06-26T20:42:52Z,0.00,268.20,28.38,S,0.00,0.00,1007.50,85.15,1007.50,2.06,25.64,0.00,0.00,180.00,0.00,79DAAFB4
2026-06-26T20:25:44Z,0.00,268.20,28.44,S,0.00,0.00,1007.60,84.95,1007.60,2.09,25.66,0.00,0.00,180.00,0.00,79DAAFB4
2026-06-26T20:08:36Z,0.00,268.20,28.38,S,0.00,0.00,1007.60,84.47,1007.60,2.15,25.50,0.00,0.00,180.00,0.00,79DAAFB4
2026-06-26T19:51:28Z,0.00,268.20,28.46,S,0.00,0.00,1007.50,84.06,1007.50,2.22,25.50,0.00,0.00,180.00,0.00,79DAAFB4
2026-06-26T19:34:20Z,0.00,268.20,28.56,S,0.00,0.00,1007.60,83.56,1007.60,2.29,25.50,0.00,0.00,180.00,0.00,79DAAFB4
2026-06-26T19:17:12Z,0.00,268.20,28.55,S,0.00,0.00,1007.70,83.01,1007.70,2.37,25.38,0.00,0.00,180.00,0.00,79DAAFB4
2026-06-26T18:59:53Z,0.00,268.20,28.64,S,0.00,0.00,1007.80,82.68,1007.80,2.42,25.40,0.00,0.00,180.00,0.00,79DAAFB4
2026-06-26T18:42:44Z,0.00,268.20,28.69,S,0.00,0.00,1008.00,82.16,1008.00,2.50,25.34,0.00,0.00,180.00,0.00,79DAAFB4
2026-06-26T18:25:36Z,0.00,268.20,28.71,S,0.00,0.00,1008.30,81.82,1008.30,2.55,25.29,0.00,0.00,180.00,0.00,79DAAFB4
2026-06-26T18:08:28Z,0.00,268.20,28.72,S,0.00,0.00,1008.50,81.36,1008.50,2.62,25.20,0.00,0.00,180.00,0.00,79DAAFB4
2026-06-26T17:51:09Z,0.00,268.20,28.87,S,0.00,0.00,1008.40,80.94,1008.40,2.69,25.26,0.00,0.00,180.00,0.00,79DAAFB4
2026-06-26T17:34:00Z,0.00,268.20,28.93,S,0.00,0.00,1008.50,80.55,1008.50,2.75,25.24,0.00,0.00,180.00,0.00,79DAAFB4
2026-06-26T17:16:51Z,0.00,268.20,29.02,S,0.00,0.00,1008.70,79.81,1008.70,2.86,25.17,0.00,0.00,180.00,0.00,79DAAFB4
2026-06-26T16:59:32Z,0.00,268.20,29.16,S,0.00,0.00,1009.20,79.13,1009.20,2.97,25.17,0.00,0.00,180.00,0.00,79DAAFB4
2026-06-26T16:42:24Z,0.00,268.20,29.20,S,0.00,0.00,1009.50,78.40,1009.50,3.08,25.05,0.00,0.00,180.00,0.00,79DAAFB4
2026-06-26T16:25:16Z,0.00,268.20,29.22,S,0.00,0.00,1009.80,77.71,1009.80,3.18,24.92,0.00,0.00,180.00,0.00,79DAAFB4
2026-06-26T16:07:57Z,0.00,268.20,29.35,S,0.00,0.00,1010.00,77.01,1010.00,3.29,24.89,0.00,0.00,180.00,0.00,79DAAFB4
2026-06-26T15:50:38Z,0.00,268.20,29.41,S,0.00,0.00,1010.10,76.40,1010.10,3.39,24.82,0.00,0.00,180.00,0.00,79DAAFB4
2026-06-26T15:33:29Z,0.00,268.20,29.52,S,0.00,0.00,1009.90,75.83,1009.90,3.48,24.80,0.00,0.00,180.00,0.00,79DAAFB4
2026-06-26T15:16:21Z,0.00,268.20,29.69,S,0.00,0.00,1009.80,75.58,1009.80,3.53,24.91,0.00,0.00,180.00,0.00,79DAAFB4
2026-06-26T14:59:13Z,0.00,268.20,29.78,S,0.00,0.00,1009.60,73.86,1009.60,3.79,24.61,0.00,0.00,180.00,0.00,79DAAFB4
2026-06-26T14:41:54Z,0.00,268.20,29.83,S,0.00,0.00,1009.50,73.80,1009.50,3.81,24.64,0.00,0.00,180.00,0.00,79DAAFB4
2026-06-26T14:24:45Z,0.00,268.20,29.90,S,0.00,0.00,1009.30,72.81,1009.30,3.96,24.48,0.00,0.00,180.00,0.00,79DAAFB4
2026-06-26T14:07:36Z,0.00,268.20,29.98,S,0.00,0.00,1008.90,72.35,1008.90,4.04,24.45,0.00,0.00,180.00,0.00,79DAAFB4
2026-06-26T13:50:17Z,0.00,268.20,30.11,S,0.00,0.00,1008.70,72.97,1008.70,3.95,24.72,0.00,0.00,180.00,0.00,79DAAFB4
2026-06-26T13:33:09Z,0.00,268.20,30.23,S,0.00,0.00,1008.60,74.17,1008.60,3.77,25.11,0.00,0.00,180.00,0.00,79DAAFB4
2026-06-26T13:16:01Z,0.00,268.20,30.35,S,0.00,0.00,1008.60,75.24,1008.60,3.61,25.47,0.00,0.00,180.00,0.00,79DAAFB4
2026-06-26T12:58:42Z,0.00,268.20,30.47,S,0.00,0.00,1008.30,75.67,1008.30,3.55,25.68,0.00,0.00,180.00,0.00,79DAAFB4
2026-06-26T12:41:23Z,0.00,268.20,30.66,S,0.00,0.00,1007.90,75.40,1007.90,3.60,25.80,0.00,0.00,180.00,0.00,79DAAFB4
2026-06-26T12:24:15Z,0.00,268.20,30.86,S,0.00,0.00,1007.40,74.95,1007.40,3.68,25.89,0.00,0.00,180.00,0.00,79DAAFB4
2026-06-26T12:06:55Z,0.00,268.20,31.12,S,0.00,0.00,1007.00,73.57,1007.00,3.92,25.83,0.00,0.00,180.00,0.00,79DAAFB4
2026-06-26T11:49:46Z,0.00,268.20,31.24,S,0.00,0.00,1006.70,74.57,1006.70,3.76,26.17,0.00,0.00,180.00,0.00,79DAAFB4
2026-06-26T11:32:38Z,0.00,268.20,31.37,S,0.00,0.00,1006.60,73.73,1006.60,3.90,26.11,0.00,0.00,180.00,0.00,79DAAFB4
2026-06-26T11:15:19Z,0.00,268.20,31.54,S,0.00,0.00,1006.60,71.61,1006.60,4.25,25.78,0.00,0.00,180.00,0.00,79DAAFB4
2026-06-26T10:58:11Z,0.00,268.20,31.91,S,0.00,0.00,1006.30,70.97,1006.30,4.38,25.98,0.00,0.00,180.00,0.00,79DAAFB4
2026-06-26T10:41:03Z,0.00,268.20,32.28,S,0.00,0.00,1006.40,69.87,1006.40,4.58,26.07,0.00,0.00,180.00,0.00,79DAAFB4
2026-06-26T10:23:44Z,0.00,268.20,32.67,S,0.00,0.00,1006.20,68.87,1006.20,4.77,26.20,0.00,0.00,180.00,0.00,79DAAFB4
2026-06-26T10:06:36Z,0.00,268.20,32.84,S,0.00,0.00,1006.10,67.32,1006.10,5.04,25.97,0.00,0.00,180.00,0.00,79DAAFB4
2026-06-26T09:49:16Z,0.00,268.20,33.19,S,0.00,0.00,1006.10,64.87,1006.10,5.49,25.68,0.00,0.00,180.00,0.00,79DAAFB4
2026-06-26T09:32:08Z,0.00,268.20,33.70,S,0.00,0.00,1005.80,63.00,1005.80,5.85,25.67,0.00,0.00,180.00,0.00,79DAAFB4
2026-06-26T09:14:59Z,0.00,268.20,33.81,S,0.00,0.00,1005.90,60.82,1005.90,6.25,25.18,0.00,0.00,180.00,0.00,79DAAFB4
2026-06-26T08:57:50Z,0.00,268.20,33.54,S,0.00,0.00,1005.70,59.61,1005.70,6.43,24.59,0.00,0.00,180.00,0.00,79DAAFB4
2026-06-26T08:37:21Z,0.00,268.20,33.73,S,0.00,0.00,1005.70,59.84,1005.70,6.41,24.83,0.00,0.00,180.00,0.00,79DAAFB4
2026-06-26T08:20:02Z,0.00,268.20,33.67,S,0.00,0.00,1005.70,59.63,1005.70,6.44,24.71,0.00,0.00,180.00,0.00,79DAAFB4
2026-06-26T08:02:53Z,0.00,268.20,33.17,S,0.00,0.00,1005.80,60.20,1005.80,6.29,24.40,0.00,0.00,180.00,0.00,79DAAFB4
2026-06-26T07:45:44Z,0.00,268.20,32.21,S,0.00,0.00,1006.20,64.20,1006.20,5.51,24.58,0.00,0.00,180.00,0.00,79DAAFB4
2026-06-26T07:28:35Z,0.00,268.20,31.45,S,0.00,0.00,1006.30,66.16,1006.30,5.13,24.36,0.00,0.00,180.00,0.00,79DAAFB4
2026-06-26T07:11:27Z,0.00,268.20,31.03,S,0.00,0.00,1006.60,68.71,1006.60,4.68,24.59,0.00,0.00,180.00,0.00,79DAAFB4
2026-06-26T06:54:19Z,0.00,268.20,30.92,S,0.00,0.00,1006.90,71.85,1006.90,4.17,25.24,0.00,0.00,180.00,0.00,79DAAFB4
2026-06-26T06:37:09Z,0.00,268.20,31.47,S,0.00,0.00,1007.20,69.44,1007.20,4.60,25.19,0.00,0.00,180.00,0.00,79DAAFB4
2026-06-26T06:20:01Z,0.00,268.20,32.42,S,0.00,0.00,1007.30,66.81,1007.30,5.10,25.45,0.00,0.00,180.00,0.00,79DAAFB4
2026-06-26T06:02:42Z,0.00,268.20,32.71,S,0.00,0.00,1007.40,66.36,1007.40,5.19,25.61,0.00,0.00,180.00,0.00,79DAAFB4
2026-06-26T05:45:33Z,0.00,268.20,33.29,S,0.00,0.00,1007.60,61.45,1007.60,6.08,24.86,0.00,0.00,180.00,0.00,79DAAFB4
2026-06-26T05:28:25Z,0.00,268.20,32.73,S,0.00,0.00,1007.90,63.37,1007.90,5.70,24.85,0.00,0.00,180.00,0.00,79DAAFB4
2026-06-26T05:11:17Z,0.00,268.20,32.18,S,0.00,0.00,1008.00,66.29,1008.00,5.16,25.09,0.00,0.00,180.00,0.00,79DAAFB4
2026-06-26T04:53:58Z,0.00,268.20,32.13,S,0.00,0.00,1008.40,65.80,1008.40,5.24,24.91,0.00,0.00,180.00,0.00,79DAAFB4
2026-06-26T04:36:49Z,0.00,268.20,32.10,S,0.00,0.00,1008.70,66.44,1008.70,5.13,25.05,0.00,0.00,180.00,0.00,79DAAFB4
2026-06-26T04:19:40Z,0.00,268.20,31.92,S,0.00,0.00,1008.90,68.71,1008.90,4.75,25.44,0.00,0.00,180.00,0.00,79DAAFB4
2026-06-26T04:02:21Z,0.00,268.20,31.83,S,0.00,0.00,1009.10,67.05,1009.10,5.01,24.95,0.00,0.00,180.00,0.00,79DAAFB4
2026-06-26T03:45:13Z,0.00,268.20,31.39,S,0.00,0.00,1009.30,72.08,1009.30,4.17,25.74,0.00,0.00,180.00,0.00,79DAAFB4
2026-06-26T03:28:05Z,0.00,268.20,31.08,S,0.00,0.00,1009.50,72.82,1009.50,4.03,25.62,0.00,0.00,180.00,0.00,79DAAFB4
2026-06-26T03:10:46Z,0.00,268.20,31.00,S,0.00,0.00,1009.60,71.98,1009.60,4.16,25.35,0.00,0.00,180.00,0.00,79DAAFB4
2026-06-26T02:53:27Z,0.00,268.20,30.59,S,0.00,0.00,1009.80,75.15,1009.80,3.64,25.68,0.00,0.00,180.00,0.00,79DAAFB4
2026-06-26T02:36:18Z,0.00,268.20,30.39,S,0.00,0.00,1010.00,75.00,1010.00,3.65,25.45,0.00,0.00,180.00,0.00,79DAAFB4
2026-06-26T02:19:10Z,0.00,268.20,30.05,S,0.00,0.00,1010.00,77.53,1010.00,3.25,25.68,0.00,0.00,180.00,0.00,79DAAFB4
2026-06-26T02:02:02Z,0.00,268.20,29.60,S,0.00,0.00,1009.90,80.92,1009.90,2.72,25.97,0.00,0.00,180.00,0.00,79DAAFB4
2026-06-26T01:44:43Z,0.00,268.20,29.29,S,0.00,0.00,1009.70,82.47,1009.70,2.48,25.99,0.00,0.00,180.00,0.00,79DAAFB4
2026-06-26T01:27:34Z,0.00,268.20,29.01,S,0.00,0.00,1009.60,84.11,1009.60,2.22,26.05,0.00,0.00,180.00,0.00,79DAAFB4
2026-06-26T01:10:25Z,0.00,268.20,28.75,S,0.00,0.00,1009.40,85.71,1009.40,1.98,26.11,0.00,0.00,180.00,0.00,79DAAFB4
2026-06-26T00:53:05Z,0.00,268.20,28.51,S,0.00,0.00,1009.10,87.46,1009.10,1.72,26.22,0.00,0.00,180.00,0.00,79DAAFB4
2026-06-26T00:35:57Z,0.00,268.20,28.31,S,0.00,0.00,1009.00,88.49,1009.00,1.57,26.22,0.00,0.00,180.00,0.00,79DAAFB4
2026-06-26T00:18:37Z,0.00,268.20,28.26,S,0.00,0.00,1009.00,88.86,1009.00,1.52,26.24,0.00,0.00,180.00,0.00,79DAAFB4
2026-06-26T00:01:29Z,0.00,268.20,28.04,S,0.00,0.00,1008.90,89.37,1008.90,1.44,26.12,0.00,0.00,180.00,0.00,79DAAFB4
2026-06-25T23:44:10Z,0.00,268.20,27.93,S,0.00,0.00,1008.90,89.91,1008.90,1.36,26.12,0.00,0.00,180.00,0.00,79DAAFB4
2026-06-25T23:26:51Z,0.00,268.20,27.85,S,0.00,0.00,1008.90,89.81,1008.90,1.38,26.02,0.00,0.00,180.00,0.00,79DAAFB4
2026-06-25T23:09:43Z,0.00,268.20,27.80,S,0.00,0.00,1008.70,89.89,1008.70,1.36,25.98,0.00,0.00,180.00,0.00,79DAAFB4
2026-06-25T22:52:23Z,0.00,268.20,27.82,S,0.00,0.00,1008.80,89.53,1008.80,1.41,25.94,0.00,0.00,180.00,0.00,79DAAFB4
2026-06-25T22:35:14Z,0.00,268.20,27.77,S,0.00,0.00,1008.60,89.45,1008.60,1.43,25.87,0.00,0.00,180.00,0.00,79DAAFB4
2026-06-25T22:18:06Z,0.00,268.20,27.81,S,0.00,0.00,1008.50,89.42,1008.50,1.43,25.91,0.00,0.00,180.00,0.00,79DAAFB4
2026-06-25T22:00:58Z,0.00,268.20,27.81,S,0.00,0.00,1008.40,89.33,1008.40,1.44,25.89,0.00,0.00,180.00,0.00,79DAAFB4
2026-06-25T21:43:50Z,0.00,268.20,27.87,S,0.00,0.00,1008.10,88.96,1008.10,1.50,25.88,0.00,0.00,180.00,0.00,79DAAFB4
2026-06-25T21:26:42Z,0.00,268.20,27.91,S,0.00,0.00,1007.90,88.82,1007.90,1.52,25.89,0.00,0.00,180.00,0.00,79DAAFB4
2026-06-25T21:09:34Z,0.00,268.20,27.94,S,0.00,0.00,1008.00,88.33,1008.00,1.59,25.83,0.00,0.00,180.00,0.00,79DAAFB4
2026-06-25T20:52:15Z,0.00,268.20,27.92,S,0.00,0.00,1007.90,88.21,1007.90,1.60,25.78,0.00,0.00,180.00,0.00,79DAAFB4
2026-06-25T20:34:56Z,0.00,268.20,27.99,S,0.00,0.00,1007.70,88.11,1007.70,1.62,25.83,0.00,0.00,180.00,0.00,79DAAFB4
2026-06-25T20:17:48Z,0.00,268.20,28.01,S,0.00,0.00,1007.50,88.21,1007.50,1.61,25.87,0.00,0.00,180.00,0.00,79DAAFB4
2026-06-25T20:00:28Z,0.00,268.20,28.06,S,0.00,0.00,1007.50,87.49,1007.50,1.71,25.78,0.00,0.00,180.00,0.00,79DAAFB4
2026-06-25T19:43:19Z,0.00,268.20,28.13,S,0.00,0.00,1007.70,87.31,1007.70,1.74,25.82,0.00,0.00,180.00,0.00,79DAAFB4
2026-06-25T19:26:11Z,0.00,268.20,28.13,S,0.00,0.00,1008.10,86.86,1008.10,1.80,25.73,0.00,0.00,180.00,0.00,79DAAFB4
2026-06-25T19:09:03Z,0.00,268.20,28.19,S,0.00,0.00,1008.20,87.03,1008.20,1.78,25.82,0.00,0.00,180.00,0.00,79DAAFB4
2026-06-25T18:51:55Z,0.00,268.20,28.21,S,0.00,0.00,1008.40,86.61,1008.40,1.84,25.76,0.00,0.00,180.00,0.00,79DAAFB4
2026-06-25T18:34:47Z,0.00,268.20,28.17,S,0.00,0.00,1008.60,86.96,1008.60,1.79,25.79,0.00,0.00,180.00,0.00,79DAAFB4
2026-06-25T18:17:39Z,0.00,268.20,28.15,S,0.00,0.00,1008.80,86.79,1008.80,1.81,25.74,0.00,0.00,180.00,0.00,79DAAFB4
2026-06-25T18:00:20Z,0.00,268.20,28.11,S,0.00,0.00,1009.00,86.59,1009.00,1.84,25.66,0.00,0.00,180.00,0.00,79DAAFB4
2026-06-25T17:43:01Z,0.00,268.20,28.14,S,0.00,0.00,1009.40,86.28,1009.40,1.89,25.63,0.00,0.00,180.00,0.00,79DAAFB4
2026-06-25T17:25:53Z,0.00,268.20,28.18,S,0.00,0.00,1009.60,85.79,1009.60,1.96,25.57,0.00,0.00,180.00,0.00,79DAAFB4
2026-06-25T17:08:33Z,0.00,268.20,28.19,S,0.00,0.00,1009.70,85.26,1009.70,2.03,25.48,0.00,0.00,180.00,0.00,79DAAFB4
2026-06-25T16:51:25Z,0.00,268.20,28.16,S,0.00,0.00,1009.80,84.84,1009.80,2.09,25.36,0.00,0.00,180.00,0.00,79DAAFB4
2026-06-25T16:34:06Z,0.00,268.20,28.23,S,0.00,0.00,1009.90,84.77,1009.90,2.11,25.42,0.00,0.00,180.00,0.00,79DAAFB4
2026-06-25T16:16:57Z,0.00,268.20,28.32,S,0.00,0.00,1010.00,84.73,1010.00,2.11,25.50,0.00,0.00,180.00,0.00,79DAAFB4
2026-06-25T15:59:49Z,0.00,268.20,28.43,S,0.00,0.00,1010.20,84.49,1010.20,2.15,25.56,0.00,0.00,180.00,0.00,79DAAFB4
2026-06-25T15:42:41Z,0.00,268.20,28.41,S,0.00,0.00,1010.40,85.09,1010.40,2.06,25.66,0.00,0.00,180.00,0.00,79DAAFB4
2026-06-25T15:25:33Z,0.00,268.20,28.40,S,0.00,0.00,1010.30,84.95,1010.30,2.08,25.62,0.00,0.00,180.00,0.00,79DAAFB4
2026-06-25T15:08:25Z,0.00,268.20,28.41,S,0.00,0.00,1010.20,84.53,1010.20,2.15,25.55,0.00,0.00,180.00,0.00,79DAAFB4
2026-06-25T14:51:06Z,0.00,268.20,28.44,S,0.00,0.00,1010.00,84.61,1010.00,2.14,25.59,0.00,0.00,180.00,0.00,79DAAFB4
2026-06-25T14:33:47Z,0.00,268.20,28.46,S,0.00,0.00,1010.00,84.94,1010.00,2.09,25.68,0.00,0.00,180.00,0.00,79DAAFB4
2026-06-25T14:16:39Z,0.00,268.20,28.38,S,0.00,0.00,1010.00,84.86,1010.00,2.10,25.58,0.00,0.00,180.00,0.00,79DAAFB4
2026-06-25T13:59:19Z,0.00,268.20,28.33,S,0.00,0.00,1009.80,85.63,1009.80,1.98,25.69,0.00,0.00,180.00,0.00,79DAAFB4
2026-06-25T13:42:10Z,0.00,268.20,28.26,S,0.00,0.00,1009.60,86.18,1009.60,1.90,25.73,0.00,0.00,180.00,0.00,79DAAFB4
2026-06-25T13:25:02Z,0.00,268.20,28.19,S,0.00,0.00,1009.40,86.12,1009.40,1.91,25.64,0.00,0.00,180.00,0.00,79DAAFB4
2026-06-25T13:07:54Z,0.00,268.20,28.23,S,0.00,0.00,1009.10,86.45,1009.10,1.86,25.75,0.00,0.00,180.00,0.00,79DAAFB4
2026-06-25T12:50:46Z,0.00,268.20,28.16,S,0.00,0.00,1008.80,86.43,1008.80,1.86,25.68,0.00,0.00,180.00,0.00,79DAAFB4
2026-06-25T12:33:38Z,0.00,268.20,28.14,S,0.00,0.00,1008.20,86.82,1008.20,1.81,25.73,0.00,0.00,180.00,0.00,79DAAFB4
2026-06-25T12:16:30Z,0.00,268.20,28.06,S,0.00,0.00,1007.90,86.73,1007.90,1.82,25.64,0.00,0.00,180.00,0.00,79DAAFB4
2026-06-25T11:59:11Z,0.00,268.20,27.99,S,0.00,0.00,1007.60,86.86,1007.60,1.80,25.59,0.00,0.00,180.00,0.00,79DAAFB4
2026-06-25T11:41:52Z,0.00,268.20,27.97,S,0.00,0.00,1007.30,87.05,1007.30,1.77,25.61,0.00,0.00,180.00,0.00,79DAAFB4
2026-06-25T11:24:44Z,0.00,268.20,27.99,S,0.00,0.00,1007.00,86.33,1007.00,1.88,25.49,0.00,0.00,180.00,0.00,79DAAFB4
2026-06-25T11:07:24Z,0.00,268.20,28.07,S,0.00,0.00,1006.70,86.36,1006.70,1.87,25.57,0.00,0.00,180.00,0.00,79DAAFB4
2026-06-25T10:50:15Z,0.00,268.20,28.38,S,0.00,0.00,1006.70,85.08,1006.70,2.07,25.63,0.00,0.00,180.00,0.00,79DAAFB4
2026-06-25T10:33:07Z,0.00,268.20,28.51,S,0.00,0.00,1006.90,85.53,1006.90,2.00,25.84,0.00,0.00,180.00,0.00,79DAAFB4
2026-06-25T10:15:57Z,0.00,268.20,28.72,S,0.00,0.00,1006.80,85.51,1006.80,2.01,26.04,0.00,0.00,180.00,0.00,79DAAFB4
2026-06-25T09:58:49Z,0.00,268.20,28.74,S,0.00,0.00,1006.70,83.11,1006.70,2.36,25.58,0.00,0.00,180.00,0.00,79DAAFB4
2026-06-25T09:41:41Z,0.00,268.20,29.14,S,0.00,0.00,1006.70,82.14,1006.70,2.52,25.77,0.00,0.00,180.00,0.00,79DAAFB4
2026-06-25T09:24:33Z,0.00,268.20,29.42,S,0.00,0.00,1007.00,81.86,1007.00,2.57,25.99,0.00,0.00,180.00,0.00,79DAAFB4
2026-06-25T09:07:25Z,0.00,268.20,29.51,S,0.00,0.00,1006.80,80.25,1006.80,2.81,25.74,0.00,0.00,180.00,0.00,79DAAFB4
2026-06-25T08:50:17Z,0.00,268.20,29.67,S,0.00,0.00,1006.10,79.73,1006.10,2.90,25.79,0.00,0.00,180.00,0.00,79DAAFB4
2026-06-25T08:32:58Z,0.00,268.20,29.80,S,0.00,0.00,1005.90,80.78,1005.90,2.75,26.14,0.00,0.00,180.00,0.00,79DAAFB4
2026-06-25T08:15:49Z,0.00,268.20,29.88,S,0.00,0.00,1006.10,80.79,1006.10,2.75,26.22,0.00,0.00,180.00,0.00,79DAAFB4
2026-06-25T07:58:41Z,0.00,268.20,29.97,S,0.00,0.00,1006.10,81.72,1006.10,2.61,26.50,0.00,0.00,180.00,0.00,79DAAFB4
2026-06-25T07:41:33Z,0.00,268.20,30.11,S,0.00,0.00,1006.00,84.40,1006.00,2.21,27.18,0.00,0.00,180.00,0.00,79DAAFB4
2026-06-25T07:24:14Z,0.00,268.20,30.33,S,0.00,0.00,1006.30,83.60,1006.30,2.34,27.24,0.00,0.00,180.00,0.00,79DAAFB4
2026-06-25T07:07:05Z,0.00,268.20,30.87,S,0.00,0.00,1006.00,78.71,1006.00,3.10,26.73,0.00,0.00,180.00,0.00,79DAAFB4
2026-06-25T06:49:56Z,0.00,268.20,32.04,S,0.00,0.00,1005.90,71.31,1005.90,4.33,26.18,0.00,0.00,180.00,0.00,79DAAFB4
2026-06-25T06:32:48Z,0.00,268.20,33.00,S,0.00,0.00,1006.10,67.51,1006.10,5.02,26.17,0.00,0.00,180.00,0.00,79DAAFB4
2026-06-25T06:15:39Z,0.00,268.20,33.75,S,0.00,0.00,1006.40,60.45,1006.40,6.31,25.02,0.00,0.00,180.00,0.00,79DAAFB4
2026-06-25T05:55:09Z,0.00,268.20,33.05,S,0.00,0.00,1006.50,62.70,1006.50,5.85,24.97,0.00,0.00,180.00,0.00,79DAAFB4
2026-06-25T05:38:01Z,0.00,268.20,32.86,S,0.00,0.00,1006.70,64.52,1006.70,5.52,25.28,0.00,0.00,180.00,0.00,79DAAFB4
2026-06-25T05:20:53Z,0.00,268.20,32.91,S,0.00,0.00,1007.10,64.63,1007.10,5.50,25.35,0.00,0.00,180.00,0.00,79DAAFB4
2026-06-25T05:03:34Z,0.00,268.20,32.96,S,0.00,0.00,1007.40,64.94,1007.40,5.45,25.48,0.00,0.00,180.00,0.00,79DAAFB4
2026-06-25T04:46:15Z,0.00,268.20,33.09,S,0.00,0.00,1007.60,64.75,1007.60,5.50,25.55,0.00,0.00,180.00,0.00,79DAAFB4
2026-06-25T04:29:06Z,0.00,268.20,32.69,S,0.00,0.00,1007.90,63.70,1007.90,5.64,24.90,0.00,0.00,180.00,0.00,79DAAFB4
2026-06-25T04:11:58Z,0.00,268.20,32.14,S,0.00,0.00,1008.10,67.56,1008.10,4.95,25.37,0.00,0.00,180.00,0.00,79DAAFB4
2026-06-25T03:54:50Z,0.00,268.20,31.77,S,0.00,0.00,1008.20,70.72,1008.20,4.41,25.79,0.00,0.00,180.00,0.00,79DAAFB4
2026-06-25T03:37:40Z,0.00,268.20,31.39,S,0.00,0.00,1008.70,71.49,1008.70,4.26,25.61,0.00,0.00,180.00,0.00,79DAAFB4
2026-06-25T03:20:31Z,0.00,268.20,31.50,S,0.00,0.00,1008.80,71.06,1008.80,4.34,25.61,0.00,0.00,180.00,0.00,79DAAFB4
2026-06-25T03:03:23Z,0.00,268.20,31.21,S,0.00,0.00,1009.10,72.66,1009.10,4.06,25.71,0.00,0.00,180.00,0.00,79DAAFB4
2026-06-25T02:46:15Z,0.00,268.20,30.70,S,0.00,0.00,1009.10,76.45,1009.10,3.44,26.07,0.00,0.00,180.00,0.00,79DAAFB4
2026-06-25T02:29:07Z,0.00,268.20,30.48,S,0.00,0.00,1009.00,77.85,1009.00,3.22,26.17,0.00,0.00,180.00,0.00,79DAAFB4
2026-06-25T02:11:59Z,0.00,268.20,30.40,S,0.00,0.00,1009.10,79.07,1009.10,3.03,26.36,0.00,0.00,180.00,0.00,79DAAFB4
2026-06-25T01:54:51Z,0.00,268.20,30.14,S,0.00,0.00,1009.10,80.88,1009.10,2.74,26.49,0.00,0.00,180.00,0.00,79DAAFB4
2026-06-25T01:37:43Z,0.00,268.20,29.88,S,0.00,0.00,1009.20,81.95,1009.20,2.57,26.46,0.00,0.00,180.00,0.00,79DAAFB4
2026-06-25T01:20:24Z,0.00,268.20,29.83,S,0.00,0.00,1009.20,82.73,1009.20,2.45,26.57,0.00,0.00,180.00,0.00,79DAAFB4
2026-06-25T01:03:15Z,0.00,268.20,29.68,S,0.00,0.00,1009.20,83.58,1009.20,2.32,26.60,0.00,0.00,180.00,0.00,79DAAFB4
2026-06-25T00:46:07Z,0.00,268.20,29.41,S,0.00,0.00,1009.20,84.36,1009.20,2.20,26.49,0.00,0.00,180.00,0.00,79DAAFB4
2026-06-25T00:28:59Z,0.00,268.20,29.31,S,0.00,0.00,1009.10,85.54,1009.10,2.02,26.63,0.00,0.00,180.00,0.00,79DAAFB4
2026-06-25T00:11:40Z,0.00,268.20,29.11,S,0.00,0.00,1009.10,87.22,1009.10,1.77,26.76,0.00,0.00,180.00,0.00,79DAAFB4
2026-06-24T23:54:31Z,0.00,268.20,28.93,S,0.00,0.00,1008.90,87.53,1008.90,1.72,26.65,0.00,0.00,180.00,0.00,79DAAFB4
2026-06-24T23:37:22Z,0.00,268.20,28.89,S,0.00,0.00,1008.80,87.63,1008.80,1.71,26.63,0.00,0.00,180.00,0.00,79DAAFB4
2026-06-24T23:20:03Z,0.00,268.20,28.84,S,0.00,0.00,1008.60,87.50,1008.60,1.73,26.55,0.00,0.00,180.00,0.00,79DAAFB4
2026-06-24T23:02:55Z,0.00,268.20,28.85,S,0.00,0.00,1008.30,87.27,1008.30,1.76,26.52,0.00,0.00,180.00,0.00,79DAAFB4
2026-06-24T22:45:47Z,0.00,268.20,28.86,S,0.00,0.00,1008.00,87.15,1008.00,1.78,26.50,0.00,0.00,180.00,0.00,79DAAFB4
2026-06-24T22:28:28Z,0.00,268.20,28.83,S,0.00,0.00,1007.90,86.83,1007.90,1.82,26.41,0.00,0.00,180.00,0.00,79DAAFB4
2026-06-24T22:11:09Z,0.00,268.20,28.91,S,0.00,0.00,1007.60,86.49,1007.60,1.87,26.42,0.00,0.00,180.00,0.00,79DAAFB4
2026-06-24T21:54:00Z,0.00,268.20,28.84,S,0.00,0.00,1007.50,86.19,1007.50,1.92,26.30,0.00,0.00,180.00,0.00,79DAAFB4
2026-06-24T21:36:52Z,0.00,268.20,28.91,S,0.00,0.00,1007.20,85.93,1007.20,1.96,26.31,0.00,0.00,180.00,0.00,79DAAFB4
2026-06-24T21:19:44Z,0.00,268.20,29.00,S,0.00,0.00,1007.20,85.58,1007.20,2.01,26.33,0.00,0.00,180.00,0.00,79DAAFB4
2026-06-24T21:02:25Z,0.00,268.20,29.03,S,0.00,0.00,1007.20,85.43,1007.20,2.03,26.33,0.00,0.00,180.00,0.00,79DAAFB4
2026-06-24T20:45:16Z,0.00,268.20,28.97,S,0.00,0.00,1007.30,85.15,1007.30,2.07,26.22,0.00,0.00,180.00,0.00,79DAAFB4
2026-06-24T20:28:07Z,0.00,268.20,29.02,S,0.00,0.00,1007.40,85.06,1007.40,2.09,26.25,0.00,0.00,180.00,0.00,79DAAFB4
2026-06-24T20:10:48Z,0.00,268.20,29.03,S,0.00,0.00,1007.40,84.87,1007.40,2.11,26.22,0.00,0.00,180.00,0.00,79DAAFB4
2026-06-24T19:53:40Z,0.00,268.20,29.09,S,0.00,0.00,1007.20,84.37,1007.20,2.19,26.18,0.00,0.00,180.00,0.00,79DAAFB4
2026-06-24T19:36:32Z,0.00,268.20,29.08,S,0.00,0.00,1007.10,83.81,1007.10,2.27,26.06,0.00,0.00,180.00,0.00,79DAAFB4
2026-06-24T19:19:13Z,0.00,268.20,29.17,S,0.00,0.00,1007.10,83.30,1007.10,2.35,26.04,0.00,0.00,180.00,0.00,79DAAFB4
2026-06-24T19:01:54Z,0.00,268.20,29.12,S,0.00,0.00,1007.30,82.77,1007.30,2.43,25.88,0.00,0.00,180.00,0.00,79DAAFB4
2026-06-24T18:44:45Z,0.00,268.20,29.13,S,0.00,0.00,1007.30,82.00,1007.30,2.54,25.74,0.00,0.00,180.00,0.00,79DAAFB4
2026-06-24T18:27:37Z,0.00,268.20,29.11,S,0.00,0.00,1007.40,81.17,1007.40,2.66,25.55,0.00,0.00,180.00,0.00,79DAAFB4
2026-06-24T18:10:29Z,0.00,268.20,29.20,S,0.00,0.00,1007.40,80.32,1007.40,2.79,25.46,0.00,0.00,180.00,0.00,79DAAFB4
2026-06-24T17:53:10Z,0.00,268.20,29.15,S,0.00,0.00,1007.40,79.32,1007.40,2.94,25.20,0.00,0.00,180.00,0.00,79DAAFB4
2026-06-24T17:36:01Z,0.00,268.20,29.25,S,0.00,0.00,1007.60,78.17,1007.60,3.11,25.05,0.00,0.00,180.00,0.00,79DAAFB4
2026-06-24T17:18:52Z,0.00,268.20,29.37,S,0.00,0.00,1007.70,77.29,1007.70,3.25,24.97,0.00,0.00,180.00,0.00,79DAAFB4
2026-06-24T17:01:44Z,0.00,268.20,29.40,S,0.00,0.00,1007.80,77.08,1007.80,3.28,24.96,0.00,0.00,180.00,0.00,79DAAFB4
2026-06-24T16:44:36Z,0.00,268.20,29.42,S,0.00,0.00,1008.00,76.68,1008.00,3.35,24.89,0.00,0.00,180.00,0.00,79DAAFB4
2026-06-24T16:27:28Z,0.00,268.20,29.53,S,0.00,0.00,1008.20,75.74,1008.20,3.49,24.79,0.00,0.00,180.00,0.00,79DAAFB4
2026-06-24T16:10:16Z,0.00,268.20,29.62,S,0.00,0.00,1008.60,76.54,1008.60,3.38,25.05,0.00,0.00,180.00,0.00,79DAAFB4
2026-06-24T15:53:08Z,0.00,268.20,29.67,S,0.00,0.00,1008.60,76.12,1008.60,3.44,25.01,0.00,0.00,180.00,0.00,79DAAFB4
2026-06-24T15:35:49Z,0.00,268.20,29.70,S,0.00,0.00,1008.70,75.50,1008.70,3.54,24.90,0.00,0.00,180.00,0.00,79DAAFB4
2026-06-24T15:18:41Z,0.00,268.20,29.84,S,0.00,0.00,1008.30,74.73,1008.30,3.66,24.86,0.00,0.00,180.00,0.00,79DAAFB4
2026-06-24T15:01:21Z,0.00,268.20,29.99,S,0.00,0.00,1007.90,73.40,1007.90,3.88,24.71,0.00,0.00,180.00,0.00,79DAAFB4
2026-06-24T14:44:13Z,0.00,268.20,30.11,S,0.00,0.00,1007.80,71.29,1007.80,4.21,24.33,0.00,0.00,180.00,0.00,79DAAFB4
2026-06-24T14:27:04Z,0.00,268.20,30.21,S,0.00,0.00,1007.40,69.64,1007.40,4.48,24.04,0.00,0.00,180.00,0.00,79DAAFB4
2026-06-24T14:09:55Z,0.00,268.20,30.25,S,0.00,0.00,1007.10,69.11,1007.10,4.56,23.95,0.00,0.00,180.00,0.00,79DAAFB4
2026-06-24T13:52:47Z,0.00,268.20,30.32,S,0.00,0.00,1007.30,68.25,1007.30,4.70,23.81,0.00,0.00,180.00,0.00,79DAAFB4
2026-06-24T13:35:38Z,0.00,268.20,30.57,S,0.00,0.00,1007.10,70.50,1007.10,4.36,24.59,0.00,0.00,180.00,0.00,79DAAFB4
2026-06-24T13:18:30Z,0.00,268.20,30.89,S,0.00,0.00,1006.70,72.33,1006.70,4.10,25.32,0.00,0.00,180.00,0.00,79DAAFB4
2026-06-24T13:01:22Z,0.00,268.20,31.06,S,0.00,0.00,1006.70,71.63,1006.70,4.22,25.32,0.00,0.00,180.00,0.00,79DAAFB4
2026-06-24T12:44:14Z,0.00,268.20,31.23,S,0.00,0.00,1006.70,72.75,1006.70,4.05,25.75,0.00,0.00,180.00,0.00,79DAAFB4
2026-06-24T12:26:52Z,0.00,268.20,31.65,S,0.00,0.00,1006.80,72.45,1006.80,4.12,26.08,0.00,0.00,180.00,0.00,79DAAFB4
2026-06-24T12:09:33Z,0.00,268.20,32.15,S,0.00,0.00,1006.60,70.77,1006.60,4.43,26.16,0.00,0.00,180.00,0.00,79DAAFB4
2026-06-24T11:52:25Z,0.00,268.20,32.49,S,0.00,0.00,1006.00,66.31,1006.00,5.18,25.39,0.00,0.00,180.00,0.00,79DAAFB4
2026-06-24T11:35:17Z,0.00,268.20,32.67,S,0.00,0.00,1006.00,64.05,1006.00,5.58,24.97,0.00,0.00,180.00,0.00,79DAAFB4
2026-06-24T11:17:58Z,0.00,268.20,32.84,S,0.00,0.00,1005.90,63.02,1005.90,5.77,24.86,0.00,0.00,180.00,0.00,79DAAFB4
2026-06-24T11:00:39Z,0.00,268.20,33.14,S,0.00,0.00,1005.20,62.30,1005.20,5.92,24.95,0.00,0.00,180.00,0.00,79DAAFB4
2026-06-24T10:43:30Z,0.00,268.20,33.45,S,0.00,0.00,1005.20,61.86,1005.20,6.03,25.12,0.00,0.00,180.00,0.00,79DAAFB4
2026-06-24T10:26:22Z,0.00,268.20,33.81,S,0.00,0.00,1005.10,61.15,1005.10,6.19,25.27,0.00,0.00,180.00,0.00,79DAAFB4
2026-06-24T10:09:14Z,0.00,268.20,34.38,S,0.00,0.00,1004.70,58.51,1004.70,6.72,25.06,0.00,0.00,180.00,0.00,79DAAFB4
2026-06-24T09:51:55Z,0.00,268.20,34.85,S,0.00,0.00,1004.60,51.82,1004.60,8.03,23.47,0.00,0.00,180.00,0.00,79DAAFB4
2026-06-24T09:34:46Z,0.00,268.20,35.50,S,0.00,0.00,1004.50,52.17,1004.50,8.05,24.17,0.00,0.00,180.00,0.00,79DAAFB4
2026-06-24T09:17:37Z,0.00,268.20,35.89,S,0.00,0.00,1004.50,50.17,1004.50,8.50,23.88,0.00,0.00,180.00,0.00,79DAAFB4
2026-06-24T09:00:27Z,0.00,268.20,35.88,ESE,0.00,0.00,1004.60,50.96,1004.60,8.34,24.13,0.00,0.00,120.00,0.00,79DAAFB4
2026-06-24T08:43:18Z,0.00,268.20,35.98,S,0.00,0.00,1004.70,51.71,1004.70,8.20,24.47,0.00,0.00,180.00,0.00,79DAAFB4
2026-06-24T08:25:59Z,0.00,268.20,35.69,S,0.00,0.00,1004.60,49.64,1004.60,8.57,23.52,0.00,0.00,180.00,0.00,79DAAFB4
2026-06-24T08:08:51Z,0.00,268.20,35.09,S,0.00,0.00,1004.60,53.44,1004.60,7.75,24.20,0.00,0.00,180.00,0.00,79DAAFB4
2026-06-24T07:51:43Z,0.00,268.20,34.86,S,0.00,0.00,1004.80,54.30,1004.80,7.55,24.25,0.00,0.00,180.00,0.00,79DAAFB4
2026-06-24T07:34:24Z,0.00,268.20,34.77,S,0.00,0.00,1004.80,56.68,1004.80,7.10,24.89,0.00,0.00,180.00,0.00,79DAAFB4
2026-06-24T07:17:05Z,0.00,268.20,34.68,S,0.00,0.00,1005.00,57.08,1005.00,7.01,24.92,0.00,0.00,180.00,0.00,79DAAFB4
2026-06-24T06:59:57Z,0.00,268.20,34.41,S,0.00,0.00,1005.30,56.16,1005.30,7.15,24.40,0.00,0.00,180.00,0.00,79DAAFB4
2026-06-24T06:42:48Z,0.00,268.20,34.08,S,0.00,0.00,1005.50,57.16,1005.50,6.93,24.39,0.00,0.00,180.00,0.00,79DAAFB4
2026-06-24T06:25:28Z,0.00,268.20,33.61,S,0.00,0.00,1005.70,59.02,1005.70,6.54,24.49,0.00,0.00,180.00,0.00,79DAAFB4
2026-06-24T06:08:19Z,0.00,268.20,33.48,S,0.00,0.00,1005.70,60.69,1005.70,6.24,24.83,0.00,0.00,180.00,0.00,79DAAFB4
2026-06-24T05:51:11Z,0.00,268.20,33.22,S,0.00,0.00,1006.10,61.65,1006.10,6.04,24.85,0.00,0.00,180.00,0.00,79DAAFB4
2026-06-24T05:34:03Z,0.00,268.20,33.31,S,0.00,0.00,1006.30,61.41,1006.30,6.09,24.87,0.00,0.00,180.00,0.00,79DAAFB4
2026-06-24T05:16:55Z,0.00,268.20,33.10,S,0.00,0.00,1006.60,63.08,1006.60,5.78,25.12,0.00,0.00,180.00,0.00,79DAAFB4
2026-06-24T04:59:47Z,0.00,268.20,32.49,S,0.00,0.00,1006.90,65.91,1006.90,5.25,25.28,0.00,0.00,180.00,0.00,79DAAFB4
2026-06-24T04:42:39Z,0.00,268.20,32.25,S,0.00,0.00,1007.10,66.87,1007.10,5.07,25.30,0.00,0.00,180.00,0.00,79DAAFB4
2026-06-24T04:25:20Z,0.00,268.20,31.82,S,0.00,0.00,1007.30,68.55,1007.30,4.76,25.31,0.00,0.00,180.00,0.00,79DAAFB4
2026-06-24T04:08:01Z,0.00,268.20,31.46,S,0.00,0.00,1007.50,68.41,1007.50,4.76,24.93,0.00,0.00,180.00,0.00,79DAAFB4
2026-06-24T03:50:52Z,0.00,268.20,31.46,S,0.00,0.00,1007.70,72.17,1007.70,4.16,25.83,0.00,0.00,180.00,0.00,79DAAFB4
2026-06-24T03:33:44Z,0.00,268.20,31.08,S,0.00,0.00,1008.00,74.56,1008.00,3.76,26.02,0.00,0.00,180.00,0.00,79DAAFB4
2026-06-24T03:16:25Z,0.00,268.20,30.89,S,0.00,0.00,1008.20,73.64,1008.20,3.89,25.63,0.00,0.00,180.00,0.00,79DAAFB4
2026-06-24T02:55:44Z,0.00,268.20,30.49,S,0.00,0.00,1008.30,75.54,1008.30,3.57,25.67,0.00,0.00,180.00,0.00,79DAAFB4
2026-06-24T02:38:35Z,0.00,268.20,30.33,S,0.00,0.00,1008.60,77.50,1008.60,3.26,25.95,0.00,0.00,180.00,0.00,79DAAFB4
2026-06-24T02:21:27Z,0.00,268.20,30.18,S,0.00,0.00,1008.60,78.35,1008.60,3.13,25.99,0.00,0.00,180.00,0.00,79DAAFB4
2026-06-24T02:04:19Z,0.00,268.20,29.96,S,0.00,0.00,1008.90,80.66,1008.90,2.77,26.27,0.00,0.00,180.00,0.00,79DAAFB4
2026-06-24T01:47:11Z,0.00,268.20,29.71,S,0.00,0.00,1008.90,82.53,1008.90,2.48,26.41,0.00,0.00,180.00,0.00,79DAAFB4
2026-06-24T01:30:03Z,0.00,268.20,29.51,S,0.00,0.00,1008.80,77.27,1008.80,3.26,25.10,0.00,0.00,180.00,0.00,79DAAFB4
2026-06-24T01:12:55Z,0.00,268.20,29.54,S,0.00,0.00,1008.90,84.21,1008.90,2.23,26.59,0.00,0.00,180.00,0.00,79DAAFB4
2026-06-24T00:55:47Z,0.00,268.20,29.30,S,0.00,0.00,1008.80,84.63,1008.80,2.16,26.44,0.00,0.00,180.00,0.00,79DAAFB4
2026-06-24T00:38:28Z,0.00,268.20,29.25,S,0.00,0.00,1008.70,84.85,1008.70,2.12,26.43,0.00,0.00,180.00,0.00,79DAAFB4
2026-06-24T00:21:19Z,0.00,268.20,29.14,S,0.00,0.00,1008.50,86.03,1008.50,1.95,26.56,0.00,0.00,180.00,0.00,79DAAFB4
2026-06-24T00:04:11Z,0.00,268.20,29.05,S,0.00,0.00,1008.30,86.28,1008.30,1.91,26.52,0.00,0.00,180.00,0.00,79DAAFB4
2026-06-23T23:47:03Z,0.00,268.20,28.97,S,0.00,0.00,1008.10,86.35,1008.10,1.90,26.45,0.00,0.00,180.00,0.00,79DAAFB4
2026-06-23T23:29:44Z,0.00,268.20,28.83,S,0.00,0.00,1008.00,86.32,1008.00,1.90,26.31,0.00,0.00,180.00,0.00,79DAAFB4
2026-06-23T23:12:35Z,0.00,268.20,28.77,S,0.00,0.00,1007.70,86.28,1007.70,1.90,26.24,0.00,0.00,180.00,0.00,79DAAFB4
2026-06-23T22:55:26Z,0.00,268.20,28.73,S,0.00,0.00,1007.70,86.38,1007.70,1.89,26.23,0.00,0.00,180.00,0.00,79DAAFB4
2026-06-23T22:38:07Z,0.00,268.20,28.74,S,0.00,0.00,1007.60,86.24,1007.60,1.91,26.21,0.00,0.00,180.00,0.00,79DAAFB4
2026-06-23T22:20:59Z,0.00,268.20,28.77,S,0.00,0.00,1007.40,85.88,1007.40,1.96,26.17,0.00,0.00,180.00,0.00,79DAAFB4
2026-06-23T22:03:51Z,0.00,268.20,28.74,S,0.00,0.00,1007.60,85.48,1007.60,2.02,26.06,0.00,0.00,180.00,0.00,79DAAFB4
2026-06-23T21:46:32Z,0.00,268.20,28.73,S,0.00,0.00,1007.40,85.20,1007.40,2.06,25.99,0.00,0.00,180.00,0.00,79DAAFB4
2026-06-23T21:29:13Z,0.00,268.20,28.76,S,0.00,0.00,1007.20,84.86,1007.20,2.11,25.95,0.00,0.00,180.00,0.00,79DAAFB4
2026-06-23T21:12:04Z,0.00,268.20,28.75,S,0.00,0.00,1007.20,84.51,1007.20,2.16,25.87,0.00,0.00,180.00,0.00,79DAAFB4
2026-06-23T20:54:56Z,0.00,268.20,28.83,S,0.00,0.00,1007.00,83.88,1007.00,2.25,25.83,0.00,0.00,180.00,0.00,79DAAFB4
2026-06-23T20:37:48Z,0.00,268.20,28.84,S,0.00,0.00,1006.90,83.28,1006.90,2.34,25.71,0.00,0.00,180.00,0.00,79DAAFB4
2026-06-23T20:20:29Z,0.00,268.20,28.90,S,0.00,0.00,1006.90,83.11,1006.90,2.37,25.74,0.00,0.00,180.00,0.00,79DAAFB4
2026-06-23T20:03:20Z,0.00,268.20,28.97,S,0.00,0.00,1006.70,82.80,1006.70,2.42,25.74,0.00,0.00,180.00,0.00,79DAAFB4
2026-06-23T19:46:11Z,0.00,268.20,29.05,S,0.00,0.00,1006.90,82.05,1006.90,2.53,25.67,0.00,0.00,180.00,0.00,79DAAFB4
2026-06-23T19:28:58Z,0.00,268.20,29.08,S,0.00,0.00,1006.90,81.64,1006.90,2.59,25.61,0.00,0.00,180.00,0.00,79DAAFB4
2026-06-23T19:11:58Z,0.00,268.20,29.11,S,0.00,0.00,1006.90,80.89,1006.90,2.70,25.49,0.00,0.00,180.00,0.00,79DAAFB4
2026-06-23T18:54:39Z,0.00,268.20,29.05,S,0.00,0.00,1007.20,80.18,1007.20,2.81,25.28,0.00,0.00,180.00,0.00,79DAAFB4
2026-06-23T18:37:20Z,0.00,268.20,29.05,S,0.00,0.00,1007.20,79.16,1007.20,2.96,25.07,0.00,0.00,180.00,0.00,79DAAFB4
2026-06-23T18:20:12Z,0.00,268.20,29.03,S,0.00,0.00,1007.20,78.47,1007.20,3.06,24.90,0.00,0.00,180.00,0.00,79DAAFB4
2026-06-23T18:02:52Z,0.00,268.20,29.06,S,0.00,0.00,1007.30,78.59,1007.30,3.04,24.95,0.00,0.00,180.00,0.00,79DAAFB4
2026-06-23T17:45:43Z,0.00,268.20,29.07,S,0.00,0.00,1007.30,78.95,1007.30,2.99,25.04,0.00,0.00,180.00,0.00,79DAAFB4
2026-06-23T17:28:35Z,0.00,268.20,29.06,S,0.00,0.00,1007.30,78.20,1007.30,3.10,24.87,0.00,0.00,180.00,0.00,79DAAFB4
2026-06-23T17:11:16Z,0.00,268.20,29.15,S,0.00,0.00,1007.50,77.59,1007.50,3.20,24.83,0.00,0.00,180.00,0.00,79DAAFB4
2026-06-23T16:54:08Z,0.00,268.20,29.15,S,0.00,0.00,1007.70,77.94,1007.70,3.14,24.90,0.00,0.00,180.00,0.00,79DAAFB4
2026-06-23T16:37:00Z,0.00,268.20,29.16,S,0.00,0.00,1008.10,79.34,1008.10,2.93,25.21,0.00,0.00,180.00,0.00,79DAAFB4
2026-06-23T16:19:41Z,0.00,268.20,29.19,S,0.00,0.00,1008.40,80.40,1008.40,2.78,25.46,0.00,0.00,180.00,0.00,79DAAFB4
2026-06-23T16:02:33Z,0.00,268.20,29.27,S,0.00,0.00,1008.30,81.96,1008.30,2.55,25.86,0.00,0.00,180.00,0.00,79DAAFB4
2026-06-23T15:45:13Z,0.00,268.20,29.30,S,0.00,0.00,1008.50,81.25,1008.50,2.66,25.75,0.00,0.00,180.00,0.00,79DAAFB4
2026-06-23T15:28:05Z,0.00,268.20,29.36,S,0.00,0.00,1008.50,81.05,1008.50,2.69,25.76,0.00,0.00,180.00,0.00,79DAAFB4
2026-06-23T15:10:56Z,0.00,268.20,29.48,S,0.00,0.00,1008.60,80.05,1008.60,2.84,25.67,0.00,0.00,180.00,0.00,79DAAFB4
2026-06-23T14:53:47Z,0.00,268.20,29.53,S,0.00,0.00,1008.60,79.28,1008.60,2.96,25.56,0.00,0.00,180.00,0.00,79DAAFB4
2026-06-23T14:36:39Z,0.00,268.20,29.60,S,0.00,0.00,1008.60,71.98,1008.60,4.07,24.00,0.00,0.00,180.00,0.00,79DAAFB4
2026-06-23T14:19:30Z,0.00,268.20,29.55,S,0.00,0.00,1008.50,72.27,1008.50,4.02,24.02,0.00,0.00,180.00,0.00,79DAAFB4
2026-06-23T14:02:22Z,0.00,268.20,29.45,S,0.00,0.00,1008.70,71.30,1008.70,4.17,23.70,0.00,0.00,180.00,0.00,79DAAFB4
2026-06-23T13:45:14Z,0.00,268.20,29.37,S,0.00,0.00,1008.70,69.25,1008.70,4.48,23.14,0.00,0.00,180.00,0.00,79DAAFB4
2026-06-23T13:28:06Z,0.00,268.20,29.25,S,0.00,0.00,1008.40,69.84,1008.40,4.38,23.17,0.00,0.00,180.00,0.00,79DAAFB4
2026-06-23T13:10:47Z,0.00,268.20,29.16,S,0.00,0.00,1008.00,79.14,1008.00,2.96,25.17,0.00,0.00,180.00,0.00,79DAAFB4
2026-06-23T12:53:38Z,0.00,268.20,29.09,S,0.00,0.00,1007.80,80.53,1007.80,2.76,25.39,0.00,0.00,180.00,0.00,79DAAFB4
2026-06-23T12:36:30Z,0.00,268.20,29.04,S,0.00,0.00,1007.70,80.77,1007.70,2.72,25.39,0.00,0.00,180.00,0.00,79DAAFB4
2026-06-23T12:19:11Z,0.00,268.20,28.96,S,0.00,0.00,1007.60,80.26,1007.60,2.79,25.21,0.00,0.00,180.00,0.00,79DAAFB4
2026-06-23T12:02:02Z,0.00,268.20,28.98,S,0.00,0.00,1007.80,79.43,1007.80,2.91,25.05,0.00,0.00,180.00,0.00,79DAAFB4
2026-06-23T11:44:54Z,0.00,268.20,29.09,S,0.00,0.00,1007.60,77.04,1007.60,3.28,24.65,0.00,0.00,180.00,0.00,79DAAFB4
2026-06-23T11:27:46Z,0.00,268.20,29.26,S,0.00,0.00,1006.90,75.82,1006.90,3.47,24.55,0.00,0.00,180.00,0.00,79DAAFB4
2026-06-23T11:10:27Z,0.00,268.20,29.44,S,0.00,0.00,1005.70,76.72,1005.70,3.34,24.92,0.00,0.00,180.00,0.00,79DAAFB4
2026-06-23T10:53:18Z,0.00,268.20,29.63,S,0.00,0.00,1005.80,76.32,1005.80,3.41,25.01,0.00,0.00,180.00,0.00,79DAAFB4
2026-06-23T10:36:09Z,0.00,268.20,29.92,S,0.00,0.00,1006.20,75.58,1006.20,3.54,25.13,0.00,0.00,180.00,0.00,79DAAFB4
2026-06-23T10:18:50Z,0.00,268.20,30.15,S,0.00,0.00,1005.90,77.20,1005.90,3.30,25.71,0.00,0.00,180.00,0.00,79DAAFB4
2026-06-23T10:01:42Z,0.00,268.20,30.71,S,0.00,0.00,1005.60,75.37,1005.60,3.61,25.84,0.00,0.00,180.00,0.00,79DAAFB4
2026-06-23T09:44:34Z,0.00,268.20,31.20,S,0.00,0.00,1005.70,69.77,1005.70,4.52,25.01,0.00,0.00,180.00,0.00,79DAAFB4
2026-06-23T09:27:15Z,0.00,268.20,31.08,S,0.00,0.00,1005.90,70.19,1005.90,4.45,25.00,0.00,0.00,180.00,0.00,79DAAFB4
2026-06-23T09:09:56Z,0.00,268.20,31.20,S,0.00,0.00,1005.40,68.76,1005.40,4.69,24.77,0.00,0.00,180.00,0.00,79DAAFB4
2026-06-23T08:52:48Z,0.00,268.20,31.41,S,0.00,0.00,1005.50,67.57,1005.50,4.89,24.68,0.00,0.00,180.00,0.00,79DAAFB4
2026-06-23T08:35:28Z,0.00,268.20,31.53,S,0.00,0.00,1005.70,69.71,1005.70,4.56,25.31,0.00,0.00,180.00,0.00,79DAAFB4
2026-06-23T08:18:19Z,0.00,268.20,31.70,S,0.00,0.00,1005.60,70.34,1005.60,4.47,25.63,0.00,0.00,180.00,0.00,79DAAFB4
2026-06-23T08:01:11Z,0.00,268.20,31.99,S,0.00,0.00,1005.60,69.53,1005.60,4.62,25.71,0.00,0.00,180.00,0.00,79DAAFB4
2026-06-23T07:44:03Z,0.00,268.20,32.14,S,0.00,0.00,1004.90,68.87,1004.90,4.74,25.69,0.00,0.00,180.00,0.00,79DAAFB4
2026-06-23T07:26:55Z,0.00,268.20,32.31,S,0.00,0.00,1005.00,67.78,1005.00,4.93,25.58,0.00,0.00,180.00,0.00,79DAAFB4
2026-06-23T07:09:47Z,0.00,268.20,32.23,S,0.00,0.00,1005.30,66.29,1005.30,5.17,25.13,0.00,0.00,180.00,0.00,79DAAFB4
2026-06-23T06:52:39Z,0.00,268.20,32.31,S,0.00,0.00,1005.70,67.26,1005.70,5.01,25.45,0.00,0.00,180.00,0.00,79DAAFB4
2026-06-23T06:35:31Z,0.00,268.20,32.87,S,0.00,0.00,1005.60,65.44,1005.60,5.36,25.52,0.00,0.00,180.00,0.00,79DAAFB4
2026-06-23T06:18:12Z,0.00,268.20,33.19,S,0.00,0.00,1005.90,66.28,1005.90,5.25,26.04,0.00,0.00,180.00,0.00,79DAAFB4
2026-06-23T06:01:03Z,0.00,268.20,33.46,S,0.00,0.00,1005.90,65.70,1005.90,5.37,26.15,0.00,0.00,180.00,0.00,79DAAFB4
2026-06-23T05:43:55Z,0.00,268.20,33.47,S,0.00,0.00,1005.90,64.94,1005.90,5.50,25.96,0.00,0.00,180.00,0.00,79DAAFB4
2026-06-23T05:26:47Z,0.00,268.20,33.14,S,0.00,0.00,1006.60,67.79,1006.60,4.99,26.38,0.00,0.00,180.00,0.00,79DAAFB4
2026-06-23T05:09:27Z,0.00,268.20,32.90,S,0.00,0.00,1007.10,67.46,1007.10,5.02,26.06,0.00,0.00,180.00,0.00,79DAAFB4
2026-06-23T04:52:18Z,0.00,268.20,32.86,S,0.00,0.00,1007.30,68.22,1007.30,4.90,26.22,0.00,0.00,180.00,0.00,79DAAFB4
2026-06-23T04:35:10Z,0.00,268.20,33.06,S,0.00,0.00,1007.70,67.98,1007.70,4.95,26.35,0.00,0.00,180.00,0.00,79DAAFB4
2026-06-23T04:18:02Z,0.00,268.20,32.57,S,0.00,0.00,1007.70,69.40,1007.70,4.68,26.23,0.00,0.00,180.00,0.00,79DAAFB4
2026-06-23T04:00:54Z,0.00,268.20,32.26,S,0.00,0.00,1007.90,70.54,1007.90,4.47,26.21,0.00,0.00,180.00,0.00,79DAAFB4
2026-06-23T03:43:35Z,0.00,268.20,31.94,S,0.00,0.00,1008.00,73.64,1008.00,3.95,26.63,0.00,0.00,180.00,0.00,79DAAFB4
2026-06-23T03:26:26Z,0.00,268.20,31.74,S,0.00,0.00,1008.10,75.75,1008.10,3.61,26.92,0.00,0.00,180.00,0.00,79DAAFB4
2026-06-23T03:09:07Z,0.00,268.20,31.41,S,0.00,0.00,1008.50,76.86,1008.50,3.41,26.85,0.00,0.00,180.00,0.00,79DAAFB4
2026-06-23T02:51:48Z,0.00,268.20,31.20,S,0.00,0.00,1008.80,76.63,1008.80,3.44,26.60,0.00,0.00,180.00,0.00,79DAAFB4
2026-06-23T02:34:40Z,0.00,268.20,30.90,S,0.00,0.00,1008.80,78.54,1008.80,3.13,26.73,0.00,0.00,180.00,0.00,79DAAFB4
2026-06-23T02:17:20Z,0.00,268.20,30.68,S,0.00,0.00,1008.90,80.59,1008.90,2.81,26.95,0.00,0.00,180.00,0.00,79DAAFB4
2026-06-23T02:00:10Z,0.00,268.20,30.59,S,0.00,0.00,1009.00,82.09,1009.00,2.58,27.18,0.00,0.00,180.00,0.00,79DAAFB4
2026-06-23T01:42:50Z,0.00,268.20,30.40,S,0.00,0.00,1009.00,83.00,1009.00,2.43,27.18,0.00,0.00,180.00,0.00,79DAAFB4
2026-06-23T01:25:41Z,0.00,268.20,30.19,S,0.00,0.00,1008.90,83.89,1008.90,2.29,27.16,0.00,0.00,180.00,0.00,79DAAFB4
2026-06-23T01:08:33Z,0.00,268.20,29.98,S,0.00,0.00,1008.80,84.91,1008.80,2.13,27.16,0.00,0.00,180.00,0.00,79DAAFB4
2026-06-23T00:51:14Z,0.00,268.20,29.74,S,0.00,0.00,1008.70,85.42,1008.70,2.05,27.03,0.00,0.00,180.00,0.00,79DAAFB4
2026-06-23T00:34:06Z,0.00,268.20,29.65,S,0.00,0.00,1008.50,85.32,1008.50,2.06,26.92,0.00,0.00,180.00,0.00,79DAAFB4
2026-06-23T00:16:58Z,0.00,268.20,29.56,S,0.00,0.00,1008.30,85.29,1008.30,2.07,26.82,0.00,0.00,180.00,0.00,79DAAFB4
2026-06-22T23:56:29Z,0.00,268.20,29.53,S,0.00,0.00,1008.10,85.44,1008.10,2.04,26.82,0.00,0.00,180.00,0.00,79DAAFB4
2026-06-22T23:39:21Z,0.00,268.20,29.43,S,0.00,0.00,1007.80,85.81,1007.80,1.99,26.80,0.00,0.00,180.00,0.00,79DAAFB4
2026-06-22T23:22:02Z,0.00,268.20,29.31,S,0.00,0.00,1007.70,85.93,1007.70,1.97,26.71,0.00,0.00,180.00,0.00,79DAAFB4
2026-06-22T23:04:43Z,0.00,268.20,29.26,S,0.00,0.00,1007.70,85.90,1007.70,1.97,26.65,0.00,0.00,180.00,0.00,79DAAFB4
2026-06-22T22:47:35Z,0.00,268.20,29.24,S,0.00,0.00,1007.80,85.85,1007.80,1.98,26.62,0.00,0.00,180.00,0.00,79DAAFB4
2026-06-22T22:30:15Z,0.00,268.20,29.27,S,0.00,0.00,1007.70,85.53,1007.70,2.02,26.59,0.00,0.00,180.00,0.00,79DAAFB4
2026-06-22T22:13:06Z,0.00,268.20,29.30,S,0.00,0.00,1007.60,85.55,1007.60,2.02,26.62,0.00,0.00,180.00,0.00,79DAAFB4
2026-06-22T21:55:58Z,0.00,268.20,29.23,S,0.00,0.00,1007.30,85.57,1007.30,2.02,26.56,0.00,0.00,180.00,0.00,79DAAFB4
2026-06-22T21:38:50Z,0.00,268.20,29.26,S,0.00,0.00,1007.10,85.48,1007.10,2.03,26.57,0.00,0.00,180.00,0.00,79DAAFB4
2026-06-22T21:21:42Z,0.00,268.20,29.31,S,0.00,0.00,1007.10,85.14,1007.10,2.08,26.55,0.00,0.00,180.00,0.00,79DAAFB4
2026-06-22T21:04:34Z,0.00,268.20,29.44,S,0.00,0.00,1007.10,84.86,1007.10,2.13,26.62,0.00,0.00,180.00,0.00,79DAAFB4
2026-06-22T20:47:26Z,0.00,268.20,29.40,S,0.00,0.00,1007.00,84.99,1007.00,2.11,26.61,0.00,0.00,180.00,0.00,79DAAFB4
2026-06-22T20:30:18Z,0.00,268.20,29.42,S,0.00,0.00,1006.90,84.57,1006.90,2.17,26.54,0.00,0.00,180.00,0.00,79DAAFB4
2026-06-22T20:12:59Z,0.00,268.20,29.59,S,0.00,0.00,1006.70,84.22,1006.70,2.23,26.64,0.00,0.00,180.00,0.00,79DAAFB4
2026-06-22T19:55:50Z,0.00,268.20,29.64,S,0.00,0.00,1006.70,83.90,1006.70,2.27,26.62,0.00,0.00,180.00,0.00,79DAAFB4
2026-06-22T19:38:42Z,0.00,268.20,29.66,S,0.00,0.00,1006.80,83.69,1006.80,2.31,26.60,0.00,0.00,180.00,0.00,79DAAFB4
2026-06-22T19:21:34Z,0.00,268.20,29.71,S,0.00,0.00,1006.90,83.15,1006.90,2.39,26.54,0.00,0.00,180.00,0.00,79DAAFB4
2026-06-22T19:04:15Z,0.00,268.20,29.73,S,0.00,0.00,1006.80,83.00,1006.80,2.41,26.53,0.00,0.00,180.00,0.00,79DAAFB4
2026-06-22T18:47:06Z,0.00,268.20,29.80,S,0.00,0.00,1006.80,82.78,1006.80,2.45,26.55,0.00,0.00,180.00,0.00,79DAAFB4
2026-06-22T18:29:57Z,0.00,268.20,29.89,S,0.00,0.00,1007.10,82.38,1007.10,2.51,26.56,0.00,0.00,180.00,0.00,79DAAFB4
2026-06-22T18:12:38Z,0.00,268.20,29.96,S,0.00,0.00,1007.30,82.09,1007.30,2.55,26.56,0.00,0.00,180.00,0.00,79DAAFB4
2026-06-22T17:55:30Z,0.00,268.20,30.02,S,0.00,0.00,1007.60,81.85,1007.60,2.59,26.57,0.00,0.00,180.00,0.00,79DAAFB4
2026-06-22T17:38:22Z,0.00,268.20,30.08,S,0.00,0.00,1007.80,81.63,1007.80,2.63,26.59,0.00,0.00,180.00,0.00,79DAAFB4
2026-06-22T17:21:03Z,0.00,268.20,30.16,S,0.00,0.00,1007.90,81.13,1007.90,2.71,26.56,0.00,0.00,180.00,0.00,79DAAFB4
2026-06-22T17:03:44Z,0.00,268.20,30.23,S,0.00,0.00,1007.90,80.89,1007.90,2.74,26.58,0.00,0.00,180.00,0.00,79DAAFB4
2026-06-22T16:46:35Z,0.00,268.20,30.33,S,0.00,0.00,1008.30,80.52,1008.30,2.80,26.60,0.00,0.00,180.00,0.00,79DAAFB4
2026-06-22T16:29:25Z,0.00,268.20,30.38,S,0.00,0.00,1008.40,80.09,1008.40,2.87,26.55,0.00,0.00,180.00,0.00,79DAAFB4
2026-06-22T16:12:16Z,0.00,268.20,30.53,S,0.00,0.00,1008.50,79.82,1008.50,2.92,26.64,0.00,0.00,180.00,0.00,79DAAFB4
2026-06-22T15:55:08Z,0.00,268.20,30.63,S,0.00,0.00,1008.40,79.47,1008.40,2.98,26.66,0.00,0.00,180.00,0.00,79DAAFB4
2026-06-22T15:37:59Z,0.00,268.20,30.77,S,0.00,0.00,1008.50,78.85,1008.50,3.08,26.67,0.00,0.00,180.00,0.00,79DAAFB4
2026-06-22T15:20:50Z,0.00,268.20,30.96,S,0.00,0.00,1008.70,77.92,1008.70,3.23,26.65,0.00,0.00,180.00,0.00,79DAAFB4
2026-06-22T15:03:42Z,0.00,268.20,31.11,S,0.00,0.00,1008.40,76.44,1008.40,3.47,26.47,0.00,0.00,180.00,0.00,79DAAFB4
2026-06-22T14:46:34Z,0.00,268.20,31.30,S,0.00,0.00,1008.20,73.54,1008.20,3.93,26.00,0.00,0.00,180.00,0.00,79DAAFB4
2026-06-22T14:29:26Z,0.00,268.20,31.36,S,0.00,0.00,1008.30,71.65,1008.30,4.23,25.61,0.00,0.00,180.00,0.00,79DAAFB4
2026-06-22T14:12:18Z,0.00,268.20,31.36,S,0.00,0.00,1008.00,71.02,1008.00,4.33,25.47,0.00,0.00,180.00,0.00,79DAAFB4
2026-06-22T13:55:10Z,0.00,268.20,31.45,S,0.00,0.00,1008.00,69.71,1008.00,4.55,25.24,0.00,0.00,180.00,0.00,79DAAFB4
2026-06-22T13:37:51Z,0.00,268.20,31.47,S,0.00,0.00,1007.70,68.90,1007.70,4.68,25.06,0.00,0.00,180.00,0.00,79DAAFB4
2026-06-22T13:20:32Z,0.00,268.20,31.38,S,0.00,0.00,1008.00,69.55,1008.00,4.57,25.13,0.00,0.00,180.00,0.00,79DAAFB4
2026-06-22T13:03:23Z,0.00,268.20,31.41,S,0.00,0.00,1007.90,70.12,1007.90,4.48,25.30,0.00,0.00,180.00,0.00,79DAAFB4
2026-06-22T12:46:15Z,0.00,268.20,31.57,S,0.00,0.00,1007.40,69.74,1007.40,4.55,25.36,0.00,0.00,180.00,0.00,79DAAFB4
2026-06-22T12:28:56Z,0.00,268.20,31.64,S,0.00,0.00,1007.00,68.09,1007.00,4.83,25.02,0.00,0.00,180.00,0.00,79DAAFB4
2026-06-22T12:11:47Z,0.00,268.20,31.81,S,0.00,0.00,1006.80,66.15,1006.80,5.16,24.70,0.00,0.00,180.00,0.00,79DAAFB4
2026-06-22T11:54:27Z,0.00,268.20,31.99,S,0.00,0.00,1006.30,63.77,1006.30,5.57,24.26,0.00,0.00,180.00,0.00,79DAAFB4
2026-06-22T11:37:08Z,0.00,268.20,32.22,S,0.00,0.00,1006.30,61.44,1006.30,5.98,23.85,0.00,0.00,180.00,0.00,79DAAFB4
2026-06-22T11:19:59Z,0.00,268.20,32.50,S,0.00,0.00,1006.30,61.72,1006.30,5.96,24.19,0.00,0.00,180.00,0.00,79DAAFB4
2026-06-22T11:02:50Z,0.00,268.20,32.71,S,0.00,0.00,1006.30,61.83,1006.30,5.96,24.42,0.00,0.00,180.00,0.00,79DAAFB4
2026-06-22T10:45:31Z,0.00,268.20,33.16,S,0.00,0.00,1005.70,62.35,1005.70,5.92,24.98,0.00,0.00,180.00,0.00,79DAAFB4
2026-06-22T10:28:23Z,0.00,268.20,33.46,S,0.00,0.00,1005.50,61.49,1005.50,6.09,25.03,0.00,0.00,180.00,0.00,79DAAFB4
2026-06-22T10:11:15Z,0.00,268.20,33.78,S,0.00,0.00,1005.50,60.17,1005.50,6.36,24.97,0.00,0.00,180.00,0.00,79DAAFB4
2026-06-22T09:54:04Z,0.00,268.20,33.81,S,0.00,0.00,1005.30,61.47,1005.30,6.13,25.35,0.00,0.00,180.00,0.00,79DAAFB4
2026-06-22T09:35:53Z,0.00,268.20,33.86,S,0.00,0.00,1005.10,62.36,1005.10,5.98,25.64,0.00,0.00,180.00,0.00,79DAAFB4
2026-06-22T09:17:37Z,0.00,268.20,33.29,S,0.00,0.00,1005.00,64.76,1005.00,5.51,25.74,0.00,0.00,180.00,0.00,79DAAFB4
2026-06-22T09:00:27Z,0.00,268.20,33.06,S,0.00,0.00,1004.90,64.35,1004.90,5.56,25.42,0.00,0.00,180.00,0.00,79DAAFB4
2026-06-22T08:43:18Z,0.00,268.20,33.16,S,0.00,0.00,1005.10,64.30,1005.10,5.58,25.50,0.00,0.00,180.00,0.00,79DAAFB4
2026-06-22T08:26:10Z,0.00,268.20,33.44,S,0.00,0.00,1005.20,62.14,1005.20,5.98,25.19,0.00,0.00,180.00,0.00,79DAAFB4
2026-06-22T08:09:01Z,0.00,268.20,33.79,S,0.00,0.00,1005.40,62.80,1005.40,5.90,25.70,0.00,0.00,180.00,0.00,79DAAFB4
2026-06-22T07:51:53Z,0.00,268.20,34.18,S,0.00,0.00,1005.50,60.91,1005.50,6.27,25.55,0.00,0.00,180.00,0.00,79DAAFB4
2026-06-22T07:34:43Z,0.00,268.20,34.51,S,0.00,0.00,1005.70,59.82,1005.70,6.49,25.55,0.00,0.00,180.00,0.00,79DAAFB4
2026-06-22T07:17:35Z,0.00,268.20,33.92,S,0.00,0.00,1005.90,62.56,1005.90,5.95,25.75,0.00,0.00,180.00,0.00,79DAAFB4
2026-06-22T07:00:27Z,0.00,268.20,34.14,S,0.00,0.00,1006.10,61.96,1006.10,6.08,25.80,0.00,0.00,180.00,0.00,79DAAFB4
2026-06-22T06:43:19Z,0.00,268.20,33.77,S,0.00,0.00,1006.30,63.92,1006.30,5.70,25.98,0.00,0.00,180.00,0.00,79DAAFB4
2026-06-22T06:26:11Z,0.00,268.20,33.22,S,0.00,0.00,1006.70,62.74,1006.70,5.85,25.14,0.00,0.00,180.00,0.00,79DAAFB4
2026-06-22T06:08:52Z,0.00,268.20,32.93,S,0.00,0.00,1007.00,63.82,1007.00,5.64,25.16,0.00,0.00,180.00,0.00,79DAAFB4
2026-06-22T05:51:43Z,0.00,268.20,32.89,S,0.00,0.00,1007.30,65.96,1007.30,5.28,25.68,0.00,0.00,180.00,0.00,79DAAFB4
2026-06-22T05:34:35Z,0.00,268.20,32.29,S,0.00,0.00,1007.50,66.24,1007.50,5.18,25.18,0.00,0.00,180.00,0.00,79DAAFB4
2026-06-22T05:17:27Z,0.00,268.20,32.22,S,0.00,0.00,1007.80,67.29,1007.80,5.00,25.38,0.00,0.00,180.00,0.00,79DAAFB4
2026-06-22T05:00:08Z,0.00,268.20,32.20,S,0.00,0.00,1008.10,67.37,1008.10,4.99,25.38,0.00,0.00,180.00,0.00,79DAAFB4
2026-06-22T04:42:59Z,0.00,268.20,32.07,S,0.00,0.00,1008.20,68.24,1008.20,4.83,25.47,0.00,0.00,180.00,0.00,79DAAFB4
2026-06-22T04:25:50Z,0.00,268.20,31.76,S,0.00,0.00,1008.40,68.69,1008.40,4.74,25.29,0.00,0.00,180.00,0.00,79DAAFB4
2026-06-22T04:08:31Z,0.00,268.20,31.52,S,0.00,0.00,1008.70,69.76,1008.70,4.55,25.32,0.00,0.00,180.00,0.00,79DAAFB4
2026-06-22T03:51:23Z,0.00,268.20,31.49,S,0.00,0.00,1008.90,70.82,1008.90,4.37,25.54,0.00,0.00,180.00,0.00,79DAAFB4
2026-06-22T03:34:15Z,0.00,268.20,31.14,S,0.00,0.00,1009.00,72.80,1009.00,4.04,25.67,0.00,0.00,180.00,0.00,79DAAFB4
2026-06-22T03:16:56Z,0.00,268.20,31.01,S,0.00,0.00,1009.20,72.61,1009.20,4.06,25.50,0.00,0.00,180.00,0.00,79DAAFB4
2026-06-22T02:59:37Z,0.00,268.20,30.86,S,0.00,0.00,1009.40,72.89,1009.40,4.01,25.42,0.00,0.00,180.00,0.00,79DAAFB4
2026-06-22T02:42:28Z,0.00,268.20,30.58,S,0.00,0.00,1009.60,75.23,1009.60,3.63,25.69,0.00,0.00,180.00,0.00,79DAAFB4
2026-06-22T02:25:20Z,0.00,268.20,30.44,S,0.00,0.00,1009.70,75.31,1009.70,3.61,25.57,0.00,0.00,180.00,0.00,79DAAFB4
2026-06-22T02:08:12Z,0.00,268.20,30.25,S,0.00,0.00,1009.80,76.23,1009.80,3.46,25.59,0.00,0.00,180.00,0.00,79DAAFB4
2026-06-22T01:50:53Z,0.00,268.20,30.16,S,0.00,0.00,1009.90,76.69,1009.90,3.38,25.61,0.00,0.00,180.00,0.00,79DAAFB4
2026-06-22T01:33:44Z,0.00,268.20,30.01,S,0.00,0.00,1010.20,77.33,1010.20,3.28,25.60,0.00,0.00,180.00,0.00,79DAAFB4
2026-06-22T01:16:35Z,0.00,268.20,29.84,S,0.00,0.00,1010.30,78.52,1010.30,3.09,25.69,0.00,0.00,180.00,0.00,79DAAFB4
2026-06-22T00:59:16Z,0.00,268.20,29.66,S,0.00,0.00,1010.20,79.57,1010.20,2.92,25.74,0.00,0.00,180.00,0.00,79DAAFB4
2026-06-22T00:42:08Z,0.00,268.20,29.51,S,0.00,0.00,1010.10,80.40,1010.10,2.79,25.77,0.00,0.00,180.00,0.00,79DAAFB4
2026-06-22T00:25:00Z,0.00,268.20,29.32,S,0.00,0.00,1010.20,81.72,1010.20,2.59,25.86,0.00,0.00,180.00,0.00,79DAAFB4
2026-06-22T00:07:41Z,0.00,268.20,29.18,S,0.00,0.00,1010.20,82.50,1010.20,2.47,25.89,0.00,0.00,180.00,0.00,79DAAFB4
2026-06-21T23:50:22Z,0.00,268.20,29.14,S,0.00,0.00,1010.00,82.83,1010.00,2.42,25.92,0.00,0.00,180.00,0.00,79DAAFB4
2026-06-21T23:33:14Z,0.00,268.20,29.07,S,0.00,0.00,1009.90,83.12,1009.90,2.37,25.91,0.00,0.00,180.00,0.00,79DAAFB4
2026-06-21T23:16:05Z,0.00,268.20,29.03,S,0.00,0.00,1009.80,83.18,1009.80,2.36,25.88,0.00,0.00,180.00,0.00,79DAAFB4
2026-06-21T22:58:57Z,0.00,268.20,28.98,S,0.00,0.00,1009.70,83.18,1009.70,2.36,25.83,0.00,0.00,180.00,0.00,79DAAFB4
2026-06-21T22:41:47Z,0.00,268.20,28.96,S,0.00,0.00,1009.60,83.01,1009.60,2.38,25.78,0.00,0.00,180.00,0.00,79DAAFB4
2026-06-21T22:24:38Z,0.00,268.20,28.98,S,0.00,0.00,1009.50,82.79,1009.50,2.42,25.75,0.00,0.00,180.00,0.00,79DAAFB4
2026-06-21T22:07:30Z,0.00,268.20,29.01,S,0.00,0.00,1009.40,82.95,1009.40,2.40,25.81,0.00,0.00,180.00,0.00,79DAAFB4
2026-06-21T21:50:22Z,0.00,268.20,28.96,S,0.00,0.00,1009.30,83.51,1009.30,2.31,25.88,0.00,0.00,180.00,0.00,79DAAFB4
2026-06-21T21:33:14Z,0.00,268.20,28.88,S,0.00,0.00,1009.30,83.43,1009.30,2.32,25.78,0.00,0.00,180.00,0.00,79DAAFB4
2026-06-21T21:14:37Z,0.00,268.20,28.97,S,0.00,0.00,1018.98,83.06,1009.10,2.38,25.80,0.00,0.00,180.00,0.00,79DAAFB4
2026-06-21T20:56:25Z,0.00,268.20,29.02,S,0.00,0.00,1019.18,82.43,1009.30,2.47,25.72,0.00,0.00,180.00,0.00,79DAAFB4
2026-06-21T20:39:17Z,0.00,268.20,29.12,S,0.00,0.00,1019.38,82.29,1009.50,2.50,25.79,0.00,0.00,180.00,0.00,79DAAFB4
2026-06-21T20:22:08Z,0.00,268.20,29.14,S,0.00,0.00,1019.48,82.42,1009.60,2.48,25.83,0.00,0.00,180.00,0.00,79DAAFB4
2026-06-21T20:04:59Z,0.00,268.20,29.18,S,0.00,0.00,1019.48,81.85,1009.60,2.56,25.75,0.00,0.00,180.00,0.00,79DAAFB4
2026-06-21T19:47:40Z,0.00,268.20,29.19,S,0.00,0.00,1019.48,81.73,1009.60,2.58,25.74,0.00,0.00,180.00,0.00,79DAAFB4
2026-06-21T19:30:32Z,0.00,268.20,29.26,S,0.00,0.00,1019.38,81.35,1009.50,2.64,25.73,0.00,0.00,180.00,0.00,79DAAFB4
2026-06-21T19:13:23Z,0.00,268.20,29.34,S,0.00,0.00,1019.38,80.77,1009.50,2.73,25.69,0.00,0.00,180.00,0.00,79DAAFB4
2026-06-21T18:56:20Z,0.00,268.20,29.38,S,0.00,0.00,1019.18,80.53,1009.30,2.77,25.67,0.00,0.00,180.00,0.00,79DAAFB4
2026-06-21T18:39:12Z,0.00,268.20,29.45,S,0.00,0.00,1019.28,80.13,1009.40,2.83,25.66,0.00,0.00,180.00,0.00,79DAAFB4
2026-06-21T18:21:53Z,0.00,268.20,29.46,S,0.00,0.00,1019.58,80.56,1009.70,2.77,25.76,0.00,0.00,180.00,0.00,79DAAFB4
2026-06-21T18:04:34Z,0.00,268.20,29.55,S,0.00,0.00,1019.58,81.08,1009.70,2.69,25.95,0.00,0.00,180.00,0.00,79DAAFB4
2026-06-21T17:47:26Z,0.00,268.20,29.56,S,0.00,0.00,1019.78,80.94,1009.90,2.71,25.94,0.00,0.00,180.00,0.00,79DAAFB4
2026-06-21T17:30:06Z,0.00,268.20,29.68,S,0.00,0.00,1019.98,80.53,1010.10,2.78,25.97,0.00,0.00,180.00,0.00,79DAAFB4
2026-06-21T17:12:57Z,0.00,268.20,29.76,S,0.00,0.00,1019.98,80.28,1010.10,2.82,25.99,0.00,0.00,180.00,0.00,79DAAFB4
2026-06-21T16:55:47Z,0.00,268.20,29.72,S,0.00,0.00,1020.08,80.32,1010.20,2.81,25.96,0.00,0.00,180.00,0.00,79DAAFB4
2026-06-21T16:38:39Z,0.00,268.20,29.78,S,0.00,0.00,1020.18,80.05,1010.30,2.85,25.96,0.00,0.00,180.00,0.00,79DAAFB4
2026-06-21T16:21:31Z,0.00,268.20,29.83,S,0.00,0.00,1020.38,80.08,1010.50,2.85,26.02,0.00,0.00,180.00,0.00,79DAAFB4
2026-06-21T16:04:23Z,0.00,268.20,29.91,S,0.00,0.00,1020.48,79.67,1010.60,2.92,26.01,0.00,0.00,180.00,0.00,79DAAFB4
2026-06-21T15:47:15Z,0.00,268.20,30.07,S,0.00,0.00,1020.28,78.58,1010.40,3.09,25.93,0.00,0.00,180.00,0.00,79DAAFB4
2026-06-21T15:30:07Z,0.00,268.20,30.17,S,0.00,0.00,1020.68,78.02,1010.80,3.18,25.91,0.00,0.00,180.00,0.00,79DAAFB4
2026-06-21T15:12:58Z,0.00,268.20,30.18,S,0.00,0.00,1020.78,77.65,1010.90,3.23,25.84,0.00,0.00,180.00,0.00,79DAAFB4
2026-06-21T14:55:38Z,0.00,268.20,30.22,S,0.00,0.00,1020.58,76.94,1010.70,3.34,25.72,0.00,0.00,180.00,0.00,79DAAFB4
2026-06-21T14:38:24Z,0.00,268.20,30.35,S,0.00,0.00,1020.38,76.98,1010.50,3.34,25.85,0.00,0.00,180.00,0.00,79DAAFB4
2026-06-21T14:21:16Z,0.00,268.20,30.52,S,0.00,0.00,1020.38,75.98,1010.50,3.51,25.80,0.00,0.00,180.00,0.00,79DAAFB4
2026-06-21T14:04:08Z,0.00,268.20,30.75,S,0.00,0.00,1020.08,74.88,1010.20,3.69,25.77,0.00,0.00,180.00,0.00,79DAAFB4
2026-06-21T13:46:49Z,0.00,268.20,30.91,S,0.00,0.00,1019.88,75.93,1010.00,3.53,26.16,0.00,0.00,180.00,0.00,79DAAFB4
2026-06-21T13:29:40Z,0.00,268.20,31.18,S,0.00,0.00,1019.98,75.99,1010.10,3.54,26.44,0.00,0.00,180.00,0.00,79DAAFB4
2026-06-21T13:12:21Z,0.00,268.20,31.29,S,0.00,0.00,1019.78,72.69,1009.90,4.06,25.79,0.00,0.00,180.00,0.00,79DAAFB4
2026-06-21T12:55:02Z,0.00,268.20,31.31,S,0.00,0.00,1019.78,72.25,1009.90,4.14,25.71,0.00,0.00,180.00,0.00,79DAAFB4
2026-06-21T12:37:54Z,0.00,268.20,31.49,S,0.00,0.00,1019.48,71.97,1009.60,4.19,25.81,0.00,0.00,180.00,0.00,79DAAFB4
2026-06-21T12:19:26Z,0.00,268.20,31.71,S,0.00,0.00,1019.38,69.75,1009.50,4.56,25.50,0.00,0.00,180.00,0.00,79DAAFB4
2026-06-21T12:01:17Z,0.00,268.20,31.79,S,0.00,0.00,1018.98,69.30,1009.10,4.64,25.46,0.00,0.00,180.00,0.00,79DAAFB4
2026-06-21T11:43:58Z,0.00,268.20,31.90,S,0.00,0.00,1018.98,69.62,1009.10,4.60,25.65,0.00,0.00,180.00,0.00,79DAAFB4
2026-06-21T11:26:50Z,0.00,268.20,32.01,S,0.00,0.00,1018.38,69.06,1008.50,4.69,25.61,0.00,0.00,180.00,0.00,79DAAFB4
2026-06-21T11:09:30Z,0.00,268.20,32.14,S,0.00,0.00,1018.28,69.10,1008.40,4.70,25.75,0.00,0.00,180.00,0.00,79DAAFB4
2026-06-21T10:52:11Z,0.00,268.20,32.42,S,0.00,0.00,1018.18,68.83,1008.30,4.76,25.95,0.00,0.00,180.00,0.00,79DAAFB4
2026-06-21T10:35:03Z,0.00,268.20,32.67,S,0.00,0.00,1017.68,67.53,1007.80,5.00,25.86,0.00,0.00,180.00,0.00,79DAAFB4
2026-06-21T10:17:43Z,0.00,268.20,33.06,S,0.00,0.00,1017.28,63.73,1007.40,5.67,25.26,0.00,0.00,180.00,0.00,79DAAFB4
2026-06-21T10:00:34Z,0.00,268.20,33.53,S,0.00,0.00,1017.18,61.10,1007.30,6.17,24.99,0.00,0.00,180.00,0.00,79DAAFB4
2026-06-21T09:43:22Z,0.00,268.20,34.38,S,0.00,0.00,1017.28,64.24,1007.40,5.70,26.64,0.00,0.00,180.00,0.00,79DAAFB4
2026-06-21T09:26:14Z,0.00,268.20,35.18,S,0.00,0.00,1017.18,61.19,1007.30,6.31,26.56,0.00,0.00,180.00,0.00,79DAAFB4
2026-06-21T09:09:06Z,0.00,268.20,36.38,S,0.00,0.00,1016.88,56.90,1007.00,7.24,26.45,0.00,0.00,180.00,0.00,79DAAFB4
2026-06-21T08:51:47Z,0.00,268.20,37.15,S,0.00,0.00,1016.58,53.26,1006.70,8.04,26.04,0.00,0.00,180.00,0.00,79DAAFB4
2026-06-21T08:34:38Z,0.00,268.20,37.00,S,0.00,0.00,1016.38,52.60,1006.50,8.16,25.69,0.00,0.00,180.00,0.00,79DAAFB4
2026-06-21T08:17:29Z,0.00,268.20,36.59,S,0.00,0.00,1016.58,54.39,1006.70,7.75,25.88,0.00,0.00,180.00,0.00,79DAAFB4
2026-06-21T08:00:20Z,0.00,268.20,36.24,S,0.00,0.00,1016.88,55.05,1007.00,7.58,25.76,0.00,0.00,180.00,0.00,79DAAFB4
2026-06-21T07:43:12Z,0.00,268.20,36.01,S,0.00,0.00,1017.18,54.95,1007.30,7.57,25.52,0.00,0.00,180.00,0.00,79DAAFB4
2026-06-21T07:26:04Z,0.00,268.20,35.52,S,0.00,0.00,1017.38,56.11,1007.50,7.29,25.41,0.00,0.00,180.00,0.00,79DAAFB4
2026-06-21T07:08:56Z,0.00,268.20,35.17,S,0.00,0.00,1017.78,58.31,1007.90,6.84,25.74,0.00,0.00,180.00,0.00,79DAAFB4
2026-06-21T06:51:47Z,0.00,268.20,34.80,S,0.00,0.00,1017.88,57.81,1008.00,6.89,25.25,0.00,0.00,180.00,0.00,79DAAFB4
2026-06-21T06:34:28Z,0.00,268.20,34.52,S,0.00,0.00,1018.08,58.83,1008.20,6.67,25.28,0.00,0.00,180.00,0.00,79DAAFB4
2026-06-21T06:17:19Z,0.00,268.20,34.37,S,0.00,0.00,1018.28,60.32,1008.40,6.39,25.56,0.00,0.00,180.00,0.00,79DAAFB4
2026-06-21T06:00:11Z,0.00,268.20,34.08,S,0.00,0.00,1018.48,61.71,1008.60,6.11,25.67,0.00,0.00,180.00,0.00,79DAAFB4
2026-06-21T05:43:03Z,0.00,268.20,33.81,S,0.00,0.00,1018.78,63.08,1008.90,5.85,25.79,0.00,0.00,180.00,0.00,79DAAFB4
2026-06-21T05:25:53Z,0.00,268.20,33.67,S,0.00,0.00,1019.08,63.39,1009.20,5.78,25.74,0.00,0.00,180.00,0.00,79DAAFB4
2026-06-21T05:08:34Z,0.00,268.20,33.35,S,0.00,0.00,1019.38,64.23,1009.50,5.61,25.66,0.00,0.00,180.00,0.00,79DAAFB4
2026-06-21T04:51:25Z,0.00,268.20,32.94,S,0.00,0.00,1019.58,66.18,1009.70,5.24,25.78,0.00,0.00,180.00,0.00,79DAAFB4
2026-06-21T04:34:16Z,0.00,268.20,32.65,S,0.00,0.00,1019.68,66.62,1009.80,5.15,25.62,0.00,0.00,180.00,0.00,79DAAFB4
2026-06-21T04:16:57Z,0.00,268.20,32.47,S,0.00,0.00,1019.88,67.61,1010.00,4.97,25.69,0.00,0.00,180.00,0.00,79DAAFB4
2026-06-21T03:59:49Z,0.00,268.20,32.05,S,0.00,0.00,1020.18,67.89,1010.30,4.89,25.36,0.00,0.00,180.00,0.00,79DAAFB4
2026-06-21T03:42:41Z,0.00,268.20,31.86,S,0.00,0.00,1020.48,71.05,1010.60,4.36,25.95,0.00,0.00,180.00,0.00,79DAAFB4
2026-06-21T03:25:22Z,0.00,268.20,31.39,S,0.00,0.00,1020.48,71.95,1010.60,4.19,25.71,0.00,0.00,180.00,0.00,79DAAFB4
2026-06-21T03:08:03Z,0.00,268.20,31.00,S,0.00,0.00,1020.58,72.53,1010.70,4.07,25.47,0.00,0.00,180.00,0.00,79DAAFB4
2026-06-21T02:50:55Z,0.00,268.20,30.85,S,0.00,0.00,1020.88,74.98,1011.00,3.68,25.89,0.00,0.00,180.00,0.00,79DAAFB4
2026-06-21T02:33:35Z,0.00,268.20,30.57,S,0.00,0.00,1020.88,76.07,1011.00,3.50,25.87,0.00,0.00,180.00,0.00,79DAAFB4
2026-06-21T02:16:26Z,0.00,268.20,30.32,S,0.00,0.00,1021.18,78.65,1011.30,3.09,26.19,0.00,0.00,180.00,0.00,79DAAFB4
2026-06-21T01:59:18Z,0.00,268.20,30.11,S,0.00,0.00,1021.28,78.41,1011.40,3.12,25.93,0.00,0.00,180.00,0.00,79DAAFB4
2026-06-21T01:41:59Z,0.00,268.20,29.88,S,0.00,0.00,1021.38,81.20,1011.50,2.69,26.30,0.00,0.00,180.00,0.00,79DAAFB4
2026-06-21T01:24:51Z,0.00,268.20,29.71,S,0.00,0.00,1021.38,82.25,1011.50,2.52,26.35,0.00,0.00,180.00,0.00,79DAAFB4
2026-06-21T01:07:43Z,0.00,268.20,29.50,S,0.00,0.00,1021.38,82.93,1011.50,2.41,26.29,0.00,0.00,180.00,0.00,79DAAFB4
2026-06-21T00:50:35Z,0.00,268.20,29.22,S,0.00,0.00,1021.28,83.87,1011.40,2.27,26.21,0.00,0.00,180.00,0.00,79DAAFB4
2026-06-21T00:33:26Z,0.00,268.20,29.13,S,0.00,0.00,1021.18,83.86,1011.30,2.26,26.12,0.00,0.00,180.00,0.00,79DAAFB4
2026-06-21T00:16:07Z,0.00,268.20,29.09,S,0.00,0.00,1021.08,84.45,1011.20,2.18,26.20,0.00,0.00,180.00,0.00,79DAAFB4
2026-06-20T23:58:48Z,0.00,268.20,29.08,S,0.00,0.00,1021.18,84.74,1011.30,2.13,26.24,0.00,0.00,180.00,0.00,79DAAFB4
2026-06-20T23:41:40Z,0.00,268.20,29.06,S,0.00,0.00,1020.98,85.29,1011.10,2.05,26.33,0.00,0.00,180.00,0.00,79DAAFB4
2026-06-20T23:24:20Z,0.00,268.20,29.09,S,0.00,0.00,1020.88,85.13,1011.00,2.08,26.33,0.00,0.00,180.00,0.00,79DAAFB4
2026-06-20T23:07:11Z,0.00,268.20,29.10,S,0.00,0.00,1020.68,84.92,1010.80,2.11,26.30,0.00,0.00,180.00,0.00,79DAAFB4
2026-06-20T22:50:03Z,0.00,268.20,29.08,S,0.00,0.00,1020.48,84.88,1010.60,2.11,26.27,0.00,0.00,180.00,0.00,79DAAFB4
2026-06-20T22:32:44Z,0.00,268.20,29.11,S,0.00,0.00,1020.48,84.36,1010.60,2.19,26.20,0.00,0.00,180.00,0.00,79DAAFB4
2026-06-20T22:15:36Z,0.00,268.20,29.14,S,0.00,0.00,1020.28,84.13,1010.40,2.23,26.18,0.00,0.00,180.00,0.00,79DAAFB4
2026-06-20T21:58:28Z,0.00,268.20,29.18,S,0.00,0.00,1020.28,83.91,1010.40,2.26,26.17,0.00,0.00,180.00,0.00,79DAAFB4
2026-06-20T21:41:09Z,0.00,268.20,29.25,S,0.00,0.00,1020.28,84.11,1010.40,2.23,26.28,0.00,0.00,180.00,0.00,79DAAFB4
2026-06-20T21:24:01Z,0.00,268.20,29.21,S,0.00,0.00,1020.28,83.78,1010.40,2.28,26.18,0.00,0.00,180.00,0.00,79DAAFB4
2026-06-20T21:06:41Z,0.00,268.20,29.19,S,0.00,0.00,1020.38,83.76,1010.50,2.28,26.15,0.00,0.00,180.00,0.00,79DAAFB4
2026-06-20T20:49:33Z,0.00,268.20,29.20,S,0.00,0.00,1020.08,83.62,1010.20,2.30,26.14,0.00,0.00,180.00,0.00,79DAAFB4
2026-06-20T20:32:24Z,0.00,268.20,29.18,S,0.00,0.00,1020.08,83.45,1010.20,2.33,26.08,0.00,0.00,180.00,0.00,79DAAFB4
2026-06-20T20:15:15Z,0.00,268.20,29.23,S,0.00,0.00,1020.08,83.30,1010.20,2.35,26.10,0.00,0.00,180.00,0.00,79DAAFB4
2026-06-20T19:58:07Z,0.00,268.20,29.23,S,0.00,0.00,1019.78,83.03,1009.90,2.39,26.04,0.00,0.00,180.00,0.00,79DAAFB4
2026-06-20T19:40:58Z,0.00,268.20,29.25,S,0.00,0.00,1019.88,82.69,1010.00,2.44,26.00,0.00,0.00,180.00,0.00,79DAAFB4
2026-06-20T19:23:50Z,0.00,268.20,29.26,S,0.00,0.00,1019.78,82.13,1009.90,2.52,25.89,0.00,0.00,180.00,0.00,79DAAFB4
2026-06-20T19:06:42Z,0.00,268.20,29.30,S,0.00,0.00,1019.88,82.05,1010.00,2.54,25.91,0.00,0.00,180.00,0.00,79DAAFB4
2026-06-20T18:49:34Z,0.00,268.20,29.32,S,0.00,0.00,1020.08,82.42,1010.20,2.48,26.01,0.00,0.00,180.00,0.00,79DAAFB4
2026-06-20T18:32:26Z,0.00,268.20,29.31,S,0.00,0.00,1020.18,82.89,1010.30,2.41,26.09,0.00,0.00,180.00,0.00,79DAAFB4
2026-06-20T18:14:25Z,0.00,268.20,29.33,S,0.00,0.00,1010.50,82.79,1010.50,2.43,26.09,0.00,0.00,180.00,0.00,79DAAFB4
2026-06-20T17:57:17Z,0.00,268.20,29.34,S,0.00,0.00,1010.60,82.86,1010.60,2.42,26.12,0.00,0.00,180.00,0.00,79DAAFB4
2026-06-20T17:39:58Z,0.00,268.20,29.40,S,0.00,0.00,1010.90,82.66,1010.90,2.45,26.14,0.00,0.00,180.00,0.00,79DAAFB4
2026-06-20T17:22:50Z,0.00,268.20,29.40,S,0.00,0.00,1011.00,82.22,1011.00,2.52,26.04,0.00,0.00,180.00,0.00,79DAAFB4
2026-06-20T17:05:30Z,0.00,268.20,29.43,S,0.00,0.00,1010.80,81.33,1010.80,2.65,25.89,0.00,0.00,180.00,0.00,79DAAFB4
2026-06-20T16:48:11Z,0.00,268.20,29.56,S,0.00,0.00,1010.80,80.06,1010.80,2.84,25.75,0.00,0.00,180.00,0.00,79DAAFB4
2026-06-20T16:31:03Z,0.00,268.20,29.66,S,0.00,0.00,1010.90,79.00,1010.90,3.01,25.62,0.00,0.00,180.00,0.00,79DAAFB4
2026-06-20T16:13:42Z,0.00,268.20,29.78,S,0.00,0.00,1010.90,77.55,1010.90,3.23,25.43,0.00,0.00,180.00,0.00,79DAAFB4
2026-06-20T15:56:34Z,0.00,268.20,29.93,S,0.00,0.00,1010.90,76.31,1010.90,3.43,25.30,0.00,0.00,180.00,0.00,79DAAFB4
2026-06-20T15:39:14Z,0.00,268.20,30.05,S,0.00,0.00,1010.90,75.26,1010.90,3.59,25.18,0.00,0.00,180.00,0.00,79DAAFB4
2026-06-20T15:22:05Z,0.00,268.20,30.16,S,0.00,0.00,1010.90,74.29,1010.90,3.75,25.07,0.00,0.00,180.00,0.00,79DAAFB4
2026-06-20T15:04:57Z,0.00,268.20,30.25,S,0.00,0.00,1010.70,73.24,1010.70,3.92,24.92,0.00,0.00,180.00,0.00,79DAAFB4
2026-06-20T14:47:49Z,0.00,268.20,30.41,S,0.00,0.00,1010.50,72.55,1010.50,4.03,24.91,0.00,0.00,180.00,0.00,79DAAFB4
2026-06-20T14:30:41Z,0.00,268.20,30.43,S,0.00,0.00,1010.30,73.89,1010.30,3.83,25.24,0.00,0.00,180.00,0.00,79DAAFB4
2026-06-20T14:13:33Z,0.00,268.20,30.53,S,0.00,0.00,1010.40,74.38,1010.40,3.76,25.45,0.00,0.00,180.00,0.00,79DAAFB4
2026-06-20T13:56:25Z,0.00,268.20,30.58,S,0.00,0.00,1010.30,74.50,1010.30,3.74,25.52,0.00,0.00,180.00,0.00,79DAAFB4
2026-06-20T13:39:17Z,0.00,268.20,30.61,S,0.00,0.00,1010.10,73.82,1010.10,3.85,25.40,0.00,0.00,180.00,0.00,79DAAFB4
2026-06-20T13:21:58Z,0.00,268.20,30.71,S,0.00,0.00,1010.10,73.80,1010.10,3.86,25.49,0.00,0.00,180.00,0.00,79DAAFB4
2026-06-20T13:04:49Z,0.00,268.20,30.81,S,0.00,0.00,1009.90,74.68,1009.90,3.72,25.78,0.00,0.00,180.00,0.00,79DAAFB4
2026-06-20T12:47:41Z,0.00,268.20,30.94,S,0.00,0.00,1009.70,75.14,1009.70,3.66,26.01,0.00,0.00,180.00,0.00,79DAAFB4
2026-06-20T12:30:33Z,0.00,268.20,31.05,S,0.00,0.00,1009.60,75.35,1009.60,3.63,26.17,0.00,0.00,180.00,0.00,79DAAFB4
2026-06-20T12:13:14Z,0.00,268.20,31.31,S,0.00,0.00,1009.60,75.41,1009.60,3.64,26.43,0.00,0.00,180.00,0.00,79DAAFB4
2026-06-20T11:56:05Z,0.00,268.20,31.43,S,0.00,0.00,1009.40,74.49,1009.40,3.79,26.34,0.00,0.00,180.00,0.00,79DAAFB4
2026-06-20T11:38:56Z,0.00,268.20,31.55,S,0.00,0.00,1008.80,73.37,1008.80,3.97,26.20,0.00,0.00,180.00,0.00,79DAAFB4
2026-06-20T11:21:37Z,0.00,268.20,31.83,S,0.00,0.00,1008.30,72.39,1008.30,4.14,26.24,0.00,0.00,180.00,0.00,79DAAFB4
2026-06-20T11:04:29Z,0.00,268.20,32.14,S,0.00,0.00,1008.10,71.28,1008.10,4.34,26.27,0.00,0.00,180.00,0.00,79DAAFB4
2026-06-20T10:47:21Z,0.00,268.20,32.55,S,0.00,0.00,1008.10,69.06,1008.10,4.73,26.13,0.00,0.00,180.00,0.00,79DAAFB4
2026-06-20T10:30:02Z,0.00,268.20,33.12,S,0.00,0.00,1008.10,65.81,1008.10,5.32,25.85,0.00,0.00,180.00,0.00,79DAAFB4
2026-06-20T10:12:43Z,0.00,268.20,33.88,S,0.00,0.00,1007.70,63.44,1007.70,5.79,25.95,0.00,0.00,180.00,0.00,79DAAFB4
2026-06-20T09:55:34Z,0.00,268.20,34.33,S,0.00,0.00,1007.80,62.29,1007.80,6.04,26.07,0.00,0.00,180.00,0.00,79DAAFB4
2026-06-20T09:38:26Z,0.00,268.20,35.02,S,0.00,0.00,1007.30,62.07,1007.30,6.14,26.66,0.00,0.00,180.00,0.00,79DAAFB4
2026-06-20T09:21:18Z,0.00,268.20,35.42,S,0.00,0.00,1007.30,62.07,1007.30,6.18,27.03,0.00,0.00,180.00,0.00,79DAAFB4
2026-06-20T09:03:59Z,0.00,268.20,35.64,S,0.00,0.00,1007.30,61.27,1007.30,6.34,27.02,0.00,0.00,180.00,0.00,79DAAFB4
2026-06-20T08:46:50Z,0.00,268.20,35.74,S,0.00,0.00,1007.40,60.94,1007.40,6.41,27.02,0.00,0.00,180.00,0.00,79DAAFB4
2026-06-20T08:29:41Z,0.00,268.20,35.96,S,0.00,0.00,1007.10,60.06,1007.10,6.60,26.98,0.00,0.00,180.00,0.00,79DAAFB4
2026-06-20T08:12:30Z,0.00,268.20,35.51,S,0.00,0.00,1007.00,62.58,1007.00,6.09,27.26,0.00,0.00,180.00,0.00,79DAAFB4
2026-06-20T07:55:22Z,0.00,268.20,35.23,S,0.00,0.00,1007.30,63.27,1007.30,5.94,27.18,0.00,0.00,180.00,0.00,79DAAFB4
2026-06-20T07:38:14Z,0.00,268.20,35.51,S,0.00,0.00,1007.50,62.70,1007.50,6.07,27.29,0.00,0.00,180.00,0.00,79DAAFB4
2026-06-20T07:21:06Z,0.00,268.20,35.17,S,0.00,0.00,1007.60,59.43,1007.60,6.63,26.06,0.00,0.00,180.00,0.00,79DAAFB4
2026-06-20T07:03:58Z,0.00,268.20,34.16,S,0.00,0.00,1007.90,61.54,1007.90,6.15,25.70,0.00,0.00,180.00,0.00,79DAAFB4
2026-06-20T06:46:50Z,0.00,268.20,33.84,S,0.00,0.00,1008.10,63.84,1008.10,5.72,26.02,0.00,0.00,180.00,0.00,79DAAFB4
2026-06-20T06:29:31Z,0.00,268.20,33.61,S,0.00,0.00,1008.40,66.60,1008.40,5.23,26.52,0.00,0.00,180.00,0.00,79DAAFB4
2026-06-20T06:12:22Z,0.00,268.20,33.26,S,0.00,0.00,1008.60,67.79,1008.60,5.00,26.49,0.00,0.00,180.00,0.00,79DAAFB4
2026-06-20T05:55:14Z,0.00,268.20,32.84,S,0.00,0.00,1008.90,68.98,1008.90,4.77,26.39,0.00,0.00,180.00,0.00,79DAAFB4
2026-06-20T05:38:06Z,0.00,268.20,32.65,S,0.00,0.00,1009.10,69.72,1009.10,4.63,26.39,0.00,0.00,180.00,0.00,79DAAFB4
2026-06-20T05:20:47Z,0.00,268.20,32.38,S,0.00,0.00,1009.30,69.01,1009.30,4.73,25.95,0.00,0.00,180.00,0.00,79DAAFB4
2026-06-20T05:03:38Z,0.00,268.20,31.97,S,0.00,0.00,1009.40,69.79,1009.40,4.57,25.75,0.00,0.00,180.00,0.00,79DAAFB4
2026-06-20T04:46:29Z,0.00,268.20,31.87,S,0.00,0.00,1009.50,70.32,1009.50,4.48,25.79,0.00,0.00,180.00,0.00,79DAAFB4
2026-06-20T04:29:10Z,0.00,268.20,31.60,S,0.00,0.00,1009.70,73.27,1009.70,3.99,26.22,0.00,0.00,180.00,0.00,79DAAFB4
2026-06-20T04:12:02Z,0.00,268.20,31.33,S,0.00,0.00,1009.90,71.39,1009.90,4.27,25.52,0.00,0.00,180.00,0.00,79DAAFB4
2026-06-20T03:54:54Z,0.00,268.20,31.11,S,0.00,0.00,1009.90,72.81,1009.90,4.03,25.65,0.00,0.00,180.00,0.00,79DAAFB4
2026-06-20T03:37:35Z,0.00,268.20,30.83,S,0.00,0.00,1010.00,74.77,1010.00,3.71,25.82,0.00,0.00,180.00,0.00,79DAAFB4
2026-06-20T03:20:16Z,0.00,268.20,30.56,S,0.00,0.00,1010.20,76.22,1010.20,3.47,25.89,0.00,0.00,180.00,0.00,79DAAFB4
2026-06-20T03:03:07Z,0.00,268.20,30.26,S,0.00,0.00,1010.20,78.67,1010.20,3.08,26.13,0.00,0.00,180.00,0.00,79DAAFB4
2026-06-20T02:45:59Z,0.00,268.20,30.17,S,0.00,0.00,1010.40,80.50,1010.40,2.80,26.44,0.00,0.00,180.00,0.00,79DAAFB4
2026-06-20T02:28:51Z,0.00,268.20,29.85,S,0.00,0.00,1010.50,79.80,1010.50,2.89,25.98,0.00,0.00,180.00,0.00,79DAAFB4
2026-06-20T02:11:32Z,0.00,268.20,29.54,S,0.00,0.00,1010.60,83.32,1010.60,2.36,26.41,0.00,0.00,180.00,0.00,79DAAFB4
2026-06-20T01:54:23Z,0.00,268.20,29.37,S,0.00,0.00,1010.60,82.96,1010.60,2.41,26.17,0.00,0.00,180.00,0.00,79DAAFB4
2026-06-20T01:37:04Z,0.00,268.20,29.10,S,0.00,0.00,1010.50,82.97,1010.50,2.39,25.91,0.00,0.00,180.00,0.00,79DAAFB4
2026-06-20T01:19:56Z,0.00,268.20,28.93,S,0.00,0.00,1010.50,84.31,1010.50,2.19,26.01,0.00,0.00,180.00,0.00,79DAAFB4
2026-06-20T01:02:48Z,0.00,268.20,28.73,S,0.00,0.00,1010.30,84.43,1010.30,2.17,25.84,0.00,0.00,180.00,0.00,79DAAFB4
2026-06-20T00:45:29Z,0.00,268.20,28.65,S,0.00,0.00,1010.50,84.82,1010.50,2.11,25.84,0.00,0.00,180.00,0.00,79DAAFB4
2026-06-20T00:28:21Z,0.00,268.20,28.54,S,0.00,0.00,1010.50,85.65,1010.50,1.99,25.90,0.00,0.00,180.00,0.00,79DAAFB4
2026-06-20T00:11:01Z,0.00,268.20,28.37,S,0.00,0.00,1010.40,86.29,1010.40,1.89,25.85,0.00,0.00,180.00,0.00,79DAAFB4
2026-06-19T23:53:42Z,0.00,268.20,28.26,S,0.00,0.00,1010.50,86.79,1010.50,1.82,25.84,0.00,0.00,180.00,0.00,79DAAFB4
2026-06-19T23:36:34Z,0.00,268.20,28.19,S,0.00,0.00,1010.50,87.36,1010.50,1.73,25.89,0.00,0.00,180.00,0.00,79DAAFB4
2026-06-19T23:19:14Z,0.00,268.20,28.10,S,0.00,0.00,1010.20,86.14,1010.20,1.91,25.56,0.00,0.00,180.00,0.00,79DAAFB4
2026-06-19T23:02:05Z,0.00,268.20,28.05,S,0.00,0.00,1010.10,86.60,1010.10,1.84,25.60,0.00,0.00,180.00,0.00,79DAAFB4
2026-06-19T22:44:57Z,0.00,268.20,18.73,S,0.00,0.00,673.30,57.39,673.30,5.19,10.15,0.00,0.00,180.00,0.00,79DAAFB4
2026-06-19T22:27:49Z,0.00,268.20,28.03,S,0.00,0.00,1009.70,86.07,1009.70,1.91,25.48,0.00,0.00,180.00,0.00,79DAAFB4
2026-06-19T22:10:41Z,0.00,268.20,28.06,S,0.00,0.00,1009.70,86.20,1009.70,1.90,25.53,0.00,0.00,180.00,0.00,79DAAFB4
2026-06-19T21:53:33Z,0.00,268.20,28.11,S,0.00,0.00,1009.60,85.67,1009.60,1.97,25.48,0.00,0.00,180.00,0.00,79DAAFB4
2026-06-19T21:36:24Z,0.00,268.20,28.07,S,0.00,0.00,1009.50,85.90,1009.50,1.94,25.48,0.00,0.00,180.00,0.00,79DAAFB4
2026-06-19T21:19:16Z,0.00,268.20,28.10,S,0.00,0.00,1009.50,85.29,1009.50,2.03,25.39,0.00,0.00,180.00,0.00,79DAAFB4
2026-06-19T21:02:08Z,0.00,268.20,28.09,S,0.00,0.00,1009.70,84.58,1009.70,2.13,25.24,0.00,0.00,180.00,0.00,79DAAFB4
2026-06-19T20:44:49Z,0.00,268.20,28.09,S,0.00,0.00,1009.90,84.75,1009.90,2.11,25.28,0.00,0.00,180.00,0.00,79DAAFB4
2026-06-19T20:27:40Z,0.00,268.20,28.11,S,0.00,0.00,1010.10,86.29,1010.10,1.88,25.60,0.00,0.00,180.00,0.00,79DAAFB4
2026-06-19T20:10:32Z,0.00,268.20,28.14,S,0.00,0.00,1010.30,86.54,1010.30,1.85,25.68,0.00,0.00,180.00,0.00,79DAAFB4
2026-06-19T19:53:24Z,0.00,268.20,28.11,S,0.00,0.00,1010.30,87.33,1010.30,1.73,25.80,0.00,0.00,180.00,0.00,79DAAFB4
2026-06-19T19:36:05Z,0.00,268.20,28.03,S,0.00,0.00,1010.20,87.41,1010.20,1.72,25.74,0.00,0.00,180.00,0.00,79DAAFB4
2026-06-19T19:18:56Z,0.00,268.20,28.03,S,0.00,0.00,1010.00,87.48,1010.00,1.71,25.75,0.00,0.00,180.00,0.00,79DAAFB4
2026-06-19T19:01:47Z,0.00,268.20,28.02,S,0.00,0.00,1010.10,86.61,1010.10,1.84,25.57,0.00,0.00,180.00,0.00,79DAAFB4
2026-06-19T18:44:28Z,0.00,268.20,27.97,S,0.00,0.00,1010.00,85.92,1010.00,1.93,25.39,0.00,0.00,180.00,0.00,79DAAFB4
2026-06-19T18:27:20Z,0.00,268.20,27.99,S,0.00,0.00,1010.00,86.67,1010.00,1.83,25.56,0.00,0.00,180.00,0.00,79DAAFB4
2026-06-19T18:10:12Z,0.00,268.20,27.94,S,0.00,0.00,1010.10,86.97,1010.10,1.78,25.56,0.00,0.00,180.00,0.00,79DAAFB4
2026-06-19T17:52:53Z,0.00,268.20,28.05,S,0.00,0.00,1010.30,86.91,1010.30,1.79,25.66,0.00,0.00,180.00,0.00,79DAAFB4
2026-06-19T17:35:34Z,0.00,268.20,28.04,S,0.00,0.00,1010.50,87.13,1010.50,1.76,25.69,0.00,0.00,180.00,0.00,79DAAFB4
2026-06-19T17:18:26Z,0.00,268.20,28.06,S,0.00,0.00,1010.80,86.99,1010.80,1.78,25.69,0.00,0.00,180.00,0.00,79DAAFB4
2026-06-19T17:01:06Z,0.00,268.20,28.05,S,0.00,0.00,1011.00,87.76,1011.00,1.67,25.83,0.00,0.00,180.00,0.00,79DAAFB4
2026-06-19T16:43:57Z,0.00,268.20,28.12,S,0.00,0.00,1011.30,88.61,1011.30,1.55,26.06,0.00,0.00,180.00,0.00,79DAAFB4
2026-06-19T16:26:49Z,0.00,268.20,28.08,S,0.00,0.00,1011.60,88.70,1011.60,1.54,26.04,0.00,0.00,180.00,0.00,79DAAFB4
2026-06-19T16:09:30Z,0.00,268.20,28.11,S,0.00,0.00,1011.60,89.20,1011.60,1.47,26.16,0.00,0.00,180.00,0.00,79DAAFB4
2026-06-19T15:52:22Z,0.00,268.20,28.04,S,0.00,0.00,1011.30,87.33,1011.30,1.73,25.73,0.00,0.00,180.00,0.00,79DAAFB4
2026-06-19T15:31:53Z,0.00,268.20,28.16,S,0.00,0.00,1011.50,87.31,1011.50,1.74,25.85,0.00,0.00,180.00,0.00,79DAAFB4
2026-06-19T15:14:45Z,0.00,268.20,28.43,S,0.00,0.00,1011.60,87.14,1011.60,1.77,26.08,0.00,0.00,180.00,0.00,79DAAFB4
2026-06-19T14:57:37Z,0.00,268.20,29.00,S,0.00,0.00,1011.20,83.86,1011.20,2.26,25.99,0.00,0.00,180.00,0.00,79DAAFB4
2026-06-19T14:40:29Z,0.00,268.20,29.59,S,0.00,0.00,1011.60,75.59,1011.60,3.52,24.81,0.00,0.00,180.00,0.00,79DAAFB4
2026-06-19T14:23:10Z,0.00,268.20,30.03,S,0.00,0.00,1011.10,78.58,1011.10,3.09,25.89,0.00,0.00,180.00,0.00,79DAAFB4
2026-06-19T14:06:01Z,0.00,268.20,29.98,S,0.00,0.00,1010.80,78.88,1010.80,3.04,25.91,0.00,0.00,180.00,0.00,79DAAFB4
2026-06-19T13:48:53Z,0.00,268.20,30.05,S,0.00,0.00,1010.20,78.31,1010.20,3.13,25.85,0.00,0.00,180.00,0.00,79DAAFB4
2026-06-19T13:31:45Z,0.00,268.20,30.10,S,0.00,0.00,1010.20,77.56,1010.20,3.24,25.74,0.00,0.00,180.00,0.00,79DAAFB4
2026-06-19T13:14:26Z,0.00,268.20,30.27,S,0.00,0.00,1009.80,77.39,1009.80,3.28,25.87,0.00,0.00,180.00,0.00,79DAAFB4
2026-06-19T12:57:17Z,0.00,268.20,30.29,S,0.00,0.00,1009.50,76.70,1009.50,3.38,25.73,0.00,0.00,180.00,0.00,79DAAFB4
2026-06-19T12:40:08Z,0.00,268.20,30.37,S,0.00,0.00,1009.10,76.23,1009.10,3.46,25.71,0.00,0.00,180.00,0.00,79DAAFB4
2026-06-19T12:22:49Z,0.00,268.20,30.55,S,0.00,0.00,1008.80,75.63,1008.80,3.56,25.75,0.00,0.00,180.00,0.00,79DAAFB4
2026-06-19T12:05:41Z,0.00,268.20,30.69,S,0.00,0.00,1008.60,73.98,1008.60,3.83,25.51,0.00,0.00,180.00,0.00,79DAAFB4
2026-06-19T11:48:33Z,0.00,268.20,30.90,S,0.00,0.00,1008.40,72.80,1008.40,4.02,25.44,0.00,0.00,180.00,0.00,79DAAFB4
2026-06-19T11:31:14Z,0.00,268.20,31.11,S,0.00,0.00,1008.20,71.78,1008.20,4.20,25.41,0.00,0.00,180.00,0.00,79DAAFB4
2026-06-19T11:13:55Z,0.00,268.20,31.40,S,0.00,0.00,1007.90,73.02,1007.90,4.02,25.97,0.00,0.00,180.00,0.00,79DAAFB4
2026-06-19T10:56:46Z,0.00,268.20,31.81,S,0.00,0.00,1007.50,72.45,1007.50,4.13,26.23,0.00,0.00,180.00,0.00,79DAAFB4
2026-06-19T10:39:37Z,0.00,268.20,32.27,S,0.00,0.00,1007.30,70.83,1007.30,4.42,26.29,0.00,0.00,180.00,0.00,79DAAFB4
2026-06-19T10:22:17Z,0.00,268.20,32.67,S,0.00,0.00,1007.00,62.54,1007.00,5.84,24.57,0.00,0.00,180.00,0.00,79DAAFB4
2026-06-19T10:05:08Z,0.00,268.20,33.15,S,0.00,0.00,1006.80,58.63,1006.80,6.57,23.94,0.00,0.00,180.00,0.00,79DAAFB4
2026-06-19T09:48:00Z,0.00,268.20,33.36,S,0.00,0.00,1006.80,58.82,1006.80,6.55,24.19,0.00,0.00,180.00,0.00,79DAAFB4
2026-06-19T09:30:52Z,0.00,268.20,33.81,S,0.00,0.00,1006.70,57.96,1006.70,6.76,24.37,0.00,0.00,180.00,0.00,79DAAFB4
2026-06-19T09:13:44Z,0.00,268.20,34.12,S,0.00,0.00,1006.60,58.45,1006.60,6.70,24.80,0.00,0.00,180.00,0.00,79DAAFB4
2026-06-19T08:56:36Z,0.00,268.20,34.09,S,0.00,0.00,1006.80,56.68,1006.80,7.02,24.26,0.00,0.00,180.00,0.00,79DAAFB4
2026-06-19T08:39:28Z,0.00,268.20,34.07,S,0.00,0.00,1006.70,55.95,1006.70,7.15,24.02,0.00,0.00,180.00,0.00,79DAAFB4
2026-06-19T08:22:09Z,0.00,268.20,33.95,S,0.00,0.00,1007.00,57.34,1007.00,6.88,24.32,0.00,0.00,180.00,0.00,79DAAFB4
2026-06-19T08:04:50Z,0.00,268.20,33.76,S,0.00,0.00,1007.10,58.07,1007.10,6.73,24.35,0.00,0.00,180.00,0.00,79DAAFB4
2026-06-19T07:47:41Z,0.00,268.20,33.75,S,0.00,0.00,1007.30,58.32,1007.30,6.69,24.42,0.00,0.00,180.00,0.00,79DAAFB4
2026-06-19T07:30:33Z,0.00,268.20,33.86,S,0.00,0.00,1007.60,58.29,1007.60,6.70,24.51,0.00,0.00,180.00,0.00,79DAAFB4
2026-06-19T07:13:25Z,0.00,268.20,33.28,S,0.00,0.00,1007.60,59.14,1007.60,6.49,24.21,0.00,0.00,180.00,0.00,79DAAFB4
2026-06-19T06:56:17Z,0.00,268.20,22.00,S,0.00,0.00,671.80,41.51,671.80,7.83,8.34,0.00,0.00,180.00,0.00,79DAAFB4
2026-06-19T06:39:09Z,0.00,268.20,32.83,S,0.00,0.00,1007.90,63.13,1007.90,5.75,24.88,0.00,0.00,180.00,0.00,79DAAFB4
2026-06-19T06:22:01Z,0.00,268.20,32.72,S,0.00,0.00,1008.20,63.20,1008.20,5.73,24.80,0.00,0.00,180.00,0.00,79DAAFB4
2026-06-19T06:04:53Z,0.00,268.20,32.46,S,0.00,0.00,1008.40,65.89,1008.40,5.25,25.25,0.00,0.00,180.00,0.00,79DAAFB4
2026-06-19T05:47:34Z,0.00,268.20,32.10,S,0.00,0.00,1008.60,66.06,1008.60,5.20,24.95,0.00,0.00,180.00,0.00,79DAAFB4
2026-06-19T05:30:26Z,0.00,268.20,31.88,S,0.00,0.00,1008.70,64.86,1008.70,5.38,24.44,0.00,0.00,180.00,0.00,79DAAFB4
2026-06-19T05:13:06Z,0.00,268.20,31.60,S,0.00,0.00,1009.00,68.33,1009.00,4.78,25.04,0.00,0.00,180.00,0.00,79DAAFB4
2026-06-19T04:55:47Z,0.00,268.20,31.24,S,0.00,0.00,1009.10,69.03,1009.10,4.64,24.87,0.00,0.00,180.00,0.00,79DAAFB4
2026-06-19T04:38:39Z,0.00,268.20,30.96,S,0.00,0.00,1009.40,69.01,1009.40,4.63,24.60,0.00,0.00,180.00,0.00,79DAAFB4
2026-06-19T04:21:20Z,0.00,268.20,30.63,S,0.00,0.00,1009.60,69.92,1009.60,4.46,24.51,0.00,0.00,180.00,0.00,79DAAFB4
2026-06-19T04:04:11Z,0.00,268.20,30.35,S,0.00,0.00,1009.90,73.12,1009.90,3.94,24.99,0.00,0.00,180.00,0.00,79DAAFB4
2026-06-19T03:47:02Z,0.00,268.20,30.12,S,0.00,0.00,1010.00,75.12,1010.00,3.62,25.22,0.00,0.00,180.00,0.00,79DAAFB4
2026-06-19T03:29:53Z,0.00,268.20,29.77,S,0.00,0.00,1010.20,75.58,1010.20,3.53,24.98,0.00,0.00,180.00,0.00,79DAAFB4
2026-06-19T03:12:44Z,0.00,268.20,29.51,S,0.00,0.00,1010.40,77.97,1010.40,3.16,25.26,0.00,0.00,180.00,0.00,79DAAFB4
2026-06-19T02:55:25Z,0.00,268.20,29.01,S,0.00,0.00,1010.50,80.19,1010.50,2.80,25.24,0.00,0.00,180.00,0.00,79DAAFB4
2026-06-19T02:38:17Z,0.00,268.20,28.79,S,0.00,0.00,1010.50,79.42,1010.50,2.91,24.87,0.00,0.00,180.00,0.00,79DAAFB4
2026-06-19T02:21:09Z,0.00,268.20,28.66,S,0.00,0.00,1010.60,82.44,1010.60,2.46,25.37,0.00,0.00,180.00,0.00,79DAAFB4
2026-06-19T02:03:50Z,0.00,268.20,28.44,S,0.00,0.00,1010.70,82.67,1010.70,2.42,25.20,0.00,0.00,180.00,0.00,79DAAFB4
2026-06-19T01:46:39Z,0.00,268.20,28.26,S,0.00,0.00,1010.80,83.58,1010.80,2.28,25.21,0.00,0.00,180.00,0.00,79DAAFB4
2026-06-19T01:29:31Z,0.00,268.20,28.13,S,0.00,0.00,1010.60,83.91,1010.60,2.23,25.15,0.00,0.00,180.00,0.00,79DAAFB4
2026-06-19T01:12:12Z,0.00,268.20,27.94,S,0.00,0.00,1010.60,82.59,1010.60,2.41,24.70,0.00,0.00,180.00,0.00,79DAAFB4
2026-06-19T00:54:53Z,0.00,268.20,27.76,S,0.00,0.00,1010.60,84.60,1010.60,2.12,24.92,0.00,0.00,180.00,0.00,79DAAFB4
2026-06-19T00:37:44Z,0.00,268.20,27.70,S,0.00,0.00,1010.40,85.19,1010.40,2.03,24.98,0.00,0.00,180.00,0.00,79DAAFB4
2026-06-19T00:20:36Z,0.00,268.20,27.56,S,0.00,0.00,1010.20,84.29,1010.20,2.16,24.67,0.00,0.00,180.00,0.00,79DAAFB4
2026-06-19T00:03:28Z,0.00,268.20,27.39,S,0.00,0.00,1009.90,84.88,1009.90,2.07,24.62,0.00,0.00,180.00,0.00,79DAAFB4
2026-06-18T23:46:09Z,0.00,268.20,27.36,S,0.00,0.00,1009.70,86.29,1009.70,1.87,24.86,0.00,0.00,180.00,0.00,79DAAFB4
2026-06-18T23:29:00Z,0.00,268.20,27.25,S,0.00,0.00,1009.80,86.03,1009.80,1.90,24.70,0.00,0.00,180.00,0.00,79DAAFB4
2026-06-18T23:11:51Z,0.00,268.20,27.11,S,0.00,0.00,1009.70,85.83,1009.70,1.93,24.53,0.00,0.00,180.00,0.00,79DAAFB4
2026-06-18T22:54:32Z,0.00,268.20,27.15,S,0.00,0.00,1009.60,85.42,1009.60,1.98,24.49,0.00,0.00,180.00,0.00,79DAAFB4
2026-06-18T22:37:24Z,0.00,268.20,27.01,S,0.00,0.00,1009.30,84.52,1009.30,2.11,24.17,0.00,0.00,180.00,0.00,79DAAFB4
2026-06-18T22:20:16Z,0.00,268.20,27.06,S,0.00,0.00,1009.30,85.70,1009.30,1.94,24.45,0.00,0.00,180.00,0.00,79DAAFB4
2026-06-18T22:02:57Z,0.00,268.20,27.00,S,0.00,0.00,1009.40,85.57,1009.40,1.96,24.37,0.00,0.00,180.00,0.00,79DAAFB4
2026-06-18T21:45:38Z,0.00,268.20,27.01,S,0.00,0.00,1009.40,85.57,1009.40,1.96,24.38,0.00,0.00,180.00,0.00,79DAAFB4
2026-06-18T21:28:30Z,0.00,268.20,27.01,S,0.00,0.00,1009.50,86.24,1009.50,1.86,24.51,0.00,0.00,180.00,0.00,79DAAFB4
2026-06-18T21:11:10Z,0.00,268.20,26.99,S,0.00,0.00,1009.20,87.46,1009.20,1.69,24.73,0.00,0.00,180.00,0.00,79DAAFB4
2026-06-18T20:54:01Z,0.00,268.20,27.02,S,0.00,0.00,1009.00,87.08,1009.00,1.75,24.68,0.00,0.00,180.00,0.00,79DAAFB4
2026-06-18T20:36:53Z,0.00,268.20,27.06,S,0.00,0.00,1008.90,86.84,1008.90,1.78,24.68,0.00,0.00,180.00,0.00,79DAAFB4
2026-06-18T20:19:34Z,0.00,268.20,27.10,S,0.00,0.00,1008.80,86.89,1008.80,1.77,24.72,0.00,0.00,180.00,0.00,79DAAFB4
2026-06-18T20:02:26Z,0.00,268.20,27.18,S,0.00,0.00,1009.10,88.39,1009.10,1.56,25.09,0.00,0.00,180.00,0.00,79DAAFB4
2026-06-18T19:45:18Z,0.00,268.20,27.21,S,0.00,0.00,1009.20,89.20,1009.20,1.45,25.27,0.00,0.00,180.00,0.00,79DAAFB4
2026-06-18T19:27:59Z,0.00,268.20,27.26,S,0.00,0.00,1009.30,89.53,1009.30,1.41,25.38,0.00,0.00,180.00,0.00,79DAAFB4
2026-06-18T19:10:51Z,0.00,268.20,27.28,S,0.00,0.00,1009.50,90.12,1009.50,1.32,25.51,0.00,0.00,180.00,0.00,79DAAFB4
2026-06-18T18:53:31Z,0.00,268.20,27.30,S,0.00,0.00,1009.50,89.67,1009.50,1.39,25.45,0.00,0.00,180.00,0.00,79DAAFB4
2026-06-18T18:36:23Z,0.00,268.20,27.30,S,0.00,0.00,1009.60,89.49,1009.60,1.41,25.42,0.00,0.00,180.00,0.00,79DAAFB4
2026-06-18T18:19:14Z,0.00,268.20,27.29,S,0.00,0.00,1009.50,89.70,1009.50,1.38,25.45,0.00,0.00,180.00,0.00,79DAAFB4
2026-06-18T18:02:05Z,0.00,268.20,27.38,S,0.00,0.00,1009.40,90.58,1009.40,1.26,25.70,0.00,0.00,180.00,0.00,79DAAFB4
2026-06-18T17:44:57Z,0.00,268.20,27.39,S,0.00,0.00,1009.80,91.10,1009.80,1.19,25.81,0.00,0.00,180.00,0.00,79DAAFB4
2026-06-18T17:27:47Z,0.00,268.20,27.39,S,0.00,0.00,1010.00,91.16,1010.00,1.18,25.82,0.00,0.00,180.00,0.00,79DAAFB4
2026-06-18T17:10:39Z,0.00,268.20,27.47,S,0.00,0.00,1010.20,90.65,1010.20,1.25,25.80,0.00,0.00,180.00,0.00,79DAAFB4
2026-06-18T16:53:31Z,0.00,268.20,27.49,S,0.00,0.00,1010.50,90.31,1010.50,1.30,25.76,0.00,0.00,180.00,0.00,79DAAFB4
2026-06-18T16:36:23Z,0.00,268.20,27.46,S,0.00,0.00,1010.80,90.81,1010.80,1.23,25.82,0.00,0.00,180.00,0.00,79DAAFB4
2026-06-18T16:19:15Z,0.00,268.20,27.47,S,0.00,0.00,1011.00,93.06,1011.00,0.91,26.25,0.00,0.00,180.00,0.00,79DAAFB4
2026-06-18T16:02:07Z,0.00,268.20,27.38,S,0.00,0.00,1010.90,92.56,1010.90,0.98,26.06,0.00,0.00,180.00,0.00,79DAAFB4
2026-06-18T15:44:59Z,0.00,268.20,27.31,S,0.00,0.00,1011.20,92.42,1011.20,1.00,25.97,0.00,0.00,180.00,0.00,79DAAFB4
2026-06-18T15:27:40Z,0.00,268.20,27.24,S,0.00,0.00,1011.40,91.82,1011.40,1.08,25.79,0.00,0.00,180.00,0.00,79DAAFB4
2026-06-18T15:10:31Z,0.00,268.20,27.21,S,0.00,0.00,1011.00,92.59,1011.00,0.97,25.90,0.00,0.00,180.00,0.00,79DAAFB4
2026-06-18T14:53:23Z,0.00,268.20,27.19,S,0.00,0.00,1010.60,92.43,1010.60,1.00,25.85,0.00,0.00,180.00,0.00,79DAAFB4
2026-06-18T14:36:15Z,0.00,268.20,27.11,S,0.00,0.00,1010.40,92.37,1010.40,1.00,25.76,0.00,0.00,180.00,0.00,79DAAFB4
2026-06-18T14:19:07Z,0.00,268.20,18.04,S,0.00,0.00,673.60,61.44,673.60,4.62,10.52,0.00,0.00,180.00,0.00,79DAAFB4
2026-06-18T14:01:59Z,0.00,268.20,27.01,S,0.00,0.00,1010.70,93.04,1010.70,0.91,25.79,0.00,0.00,180.00,0.00,79DAAFB4
2026-06-18T13:44:50Z,0.00,268.20,26.94,S,0.00,0.00,1011.10,93.22,1011.10,0.88,25.75,0.00,0.00,180.00,0.00,79DAAFB4
2026-06-18T13:27:42Z,0.00,268.20,26.85,S,0.00,0.00,1010.70,93.03,1010.70,0.91,25.63,0.00,0.00,180.00,0.00,79DAAFB4
2026-06-18T13:10:30Z,0.00,268.20,26.87,S,0.00,0.00,1010.80,92.38,1010.80,1.00,25.53,0.00,0.00,180.00,0.00,79DAAFB4
2026-06-18T12:49:44Z,0.00,268.20,26.93,S,0.00,0.00,1010.60,91.36,1010.60,1.14,25.40,0.00,0.00,180.00,0.00,79DAAFB4
2026-06-18T12:29:22Z,0.00,268.20,27.72,S,0.00,0.00,1010.50,87.83,1010.50,1.65,25.51,0.00,0.00,180.00,0.00,79DAAFB4
2026-06-18T12:12:14Z,0.00,268.20,27.96,S,0.00,0.00,1009.80,86.40,1009.80,1.86,25.47,0.00,0.00,180.00,0.00,79DAAFB4
2026-06-18T11:55:06Z,0.00,268.20,28.10,S,0.00,0.00,1009.20,86.29,1009.20,1.88,25.59,0.00,0.00,180.00,0.00,79DAAFB4
2026-06-18T11:37:47Z,0.00,268.20,28.12,S,0.00,0.00,1009.20,84.32,1009.20,2.17,25.22,0.00,0.00,180.00,0.00,79DAAFB4
2026-06-18T11:20:28Z,0.00,268.20,28.31,S,0.00,0.00,1009.10,82.63,1009.10,2.42,25.07,0.00,0.00,180.00,0.00,79DAAFB4
2026-06-18T11:03:20Z,0.00,268.20,29.17,S,0.00,0.00,1009.40,79.04,1009.40,2.98,25.16,0.00,0.00,180.00,0.00,79DAAFB4
2026-06-18T10:46:00Z,0.00,268.20,29.99,S,0.00,0.00,1008.50,66.77,1008.50,4.91,23.13,0.00,0.00,180.00,0.00,79DAAFB4
2026-06-18T10:28:51Z,0.00,268.20,30.74,S,0.00,0.00,1008.40,66.89,1008.40,4.95,23.87,0.00,0.00,180.00,0.00,79DAAFB4
2026-06-18T10:11:43Z,0.00,268.20,31.87,S,0.00,0.00,1008.20,73.13,1008.20,4.03,26.45,0.00,0.00,180.00,0.00,79DAAFB4
2026-06-18T09:54:35Z,0.00,268.20,32.21,S,0.00,0.00,1007.30,67.66,1007.30,4.94,25.46,0.00,0.00,180.00,0.00,79DAAFB4
2026-06-18T09:37:27Z,0.00,268.20,32.76,S,0.00,0.00,1007.00,66.91,1007.00,5.11,25.79,0.00,0.00,180.00,0.00,79DAAFB4
2026-06-18T09:20:19Z,0.00,268.20,33.38,S,0.00,0.00,1007.00,63.98,1007.00,5.65,25.62,0.00,0.00,180.00,0.00,79DAAFB4
2026-06-18T09:03:11Z,0.00,268.20,33.78,S,0.00,0.00,1007.00,63.00,1007.00,5.86,25.74,0.00,0.00,180.00,0.00,79DAAFB4
2026-06-18T08:45:52Z,0.00,268.20,33.76,S,0.00,0.00,1007.00,64.95,1007.00,5.52,26.24,0.00,0.00,180.00,0.00,79DAAFB4
2026-06-18T08:28:33Z,0.00,268.20,34.15,S,0.00,0.00,1006.90,63.14,1006.90,5.87,26.13,0.00,0.00,180.00,0.00,79DAAFB4
2026-06-18T08:11:25Z,0.00,268.20,34.36,S,0.00,0.00,1006.90,63.13,1006.90,5.89,26.32,0.00,0.00,180.00,0.00,79DAAFB4
2026-06-18T07:54:05Z,0.00,268.20,34.27,S,0.00,0.00,1006.90,60.72,1006.90,6.31,25.58,0.00,0.00,180.00,0.00,79DAAFB4
2026-06-18T07:36:56Z,0.00,268.20,34.03,S,0.00,0.00,1007.00,62.07,1007.00,6.05,25.73,0.00,0.00,180.00,0.00,79DAAFB4
2026-06-18T07:19:48Z,0.00,268.20,33.98,S,0.00,0.00,1007.30,61.54,1007.30,6.13,25.53,0.00,0.00,180.00,0.00,79DAAFB4
2026-06-18T07:02:40Z,0.00,268.20,33.52,S,0.00,0.00,1007.50,63.36,1007.50,5.77,25.59,0.00,0.00,180.00,0.00,79DAAFB4
2026-06-18T06:45:32Z,0.00,268.20,33.34,S,0.00,0.00,1007.80,63.38,1007.80,5.75,25.43,0.00,0.00,180.00,0.00,79DAAFB4
2026-06-18T06:28:24Z,0.00,268.20,32.90,S,0.00,0.00,1008.10,64.01,1008.10,5.61,25.18,0.00,0.00,180.00,0.00,79DAAFB4
2026-06-18T06:11:12Z,0.00,268.20,32.74,S,0.00,0.00,1008.40,65.36,1008.40,5.36,25.38,0.00,0.00,180.00,0.00,79DAAFB4
2026-06-18T05:54:04Z,0.00,268.20,32.36,S,0.00,0.00,1008.80,66.76,1008.80,5.10,25.38,0.00,0.00,180.00,0.00,79DAAFB4
2026-06-18T05:36:56Z,0.00,268.20,32.10,S,0.00,0.00,1009.10,68.23,1009.10,4.84,25.50,0.00,0.00,180.00,0.00,79DAAFB4
2026-06-18T05:19:37Z,0.00,268.20,31.66,S,0.00,0.00,1009.60,69.70,1009.60,4.57,25.44,0.00,0.00,180.00,0.00,79DAAFB4
2026-06-18T05:02:29Z,0.00,268.20,31.37,S,0.00,0.00,1009.90,69.97,1009.90,4.50,25.22,0.00,0.00,180.00,0.00,79DAAFB4
2026-06-18T04:45:09Z,0.00,268.20,31.19,S,0.00,0.00,1010.20,73.05,1010.20,4.00,25.78,0.00,0.00,180.00,0.00,79DAAFB4
2026-06-18T04:27:50Z,0.00,268.20,30.84,S,0.00,0.00,1010.70,72.90,1010.70,4.00,25.41,0.00,0.00,180.00,0.00,79DAAFB4
2026-06-18T04:10:42Z,0.00,268.20,30.47,S,0.00,0.00,1010.80,74.92,1010.80,3.67,25.51,0.00,0.00,180.00,0.00,79DAAFB4
2026-06-18T03:53:23Z,0.00,268.20,30.30,S,0.00,0.00,1011.10,74.91,1011.10,3.66,25.35,0.00,0.00,180.00,0.00,79DAAFB4
2026-06-18T03:36:14Z,0.00,268.20,30.02,S,0.00,0.00,1011.40,77.21,1011.40,3.29,25.58,0.00,0.00,180.00,0.00,79DAAFB4
2026-06-18T03:19:05Z,0.00,268.20,29.96,S,0.00,0.00,1011.60,76.64,1011.60,3.38,25.40,0.00,0.00,180.00,0.00,79DAAFB4
2026-06-18T03:01:57Z,0.00,268.20,29.65,S,0.00,0.00,1011.80,75.79,1011.80,3.49,24.92,0.00,0.00,180.00,0.00,79DAAFB4
2026-06-18T02:44:49Z,0.00,268.20,29.59,S,0.00,0.00,1011.80,75.61,1011.80,3.52,24.82,0.00,0.00,180.00,0.00,79DAAFB4
2026-06-18T02:27:41Z,0.00,268.20,29.40,S,0.00,0.00,1011.90,76.43,1011.90,3.38,24.81,0.00,0.00,180.00,0.00,79DAAFB4
2026-06-18T02:10:22Z,0.00,268.20,29.10,S,0.00,0.00,1012.10,77.64,1012.10,3.19,24.79,0.00,0.00,180.00,0.00,79DAAFB4
2026-06-18T01:53:13Z,0.00,268.20,28.88,S,0.00,0.00,1012.00,77.85,1012.00,3.14,24.62,0.00,0.00,180.00,0.00,79DAAFB4
2026-06-18T01:35:54Z,0.00,268.20,28.55,S,0.00,0.00,1012.00,77.64,1012.00,3.16,24.26,0.00,0.00,180.00,0.00,79DAAFB4
2026-06-18T01:18:35Z,0.00,268.20,28.35,S,0.00,0.00,1011.70,80.35,1011.70,2.75,24.64,0.00,0.00,180.00,0.00,79DAAFB4
2026-06-18T01:01:27Z,0.00,268.20,28.15,S,0.00,0.00,1011.50,80.19,1011.50,2.77,24.41,0.00,0.00,180.00,0.00,79DAAFB4
2026-06-18T00:44:07Z,0.00,268.20,28.03,S,0.00,0.00,1011.30,80.67,1011.30,2.69,24.39,0.00,0.00,180.00,0.00,79DAAFB4
2026-06-18T00:26:58Z,0.00,268.20,27.93,S,0.00,0.00,1011.10,81.14,1011.10,2.62,24.39,0.00,0.00,180.00,0.00,79DAAFB4
2026-06-18T00:09:50Z,0.00,268.20,27.83,S,0.00,0.00,1010.90,80.58,1010.90,2.70,24.18,0.00,0.00,180.00,0.00,79DAAFB4
2026-06-17T23:52:42Z,0.00,268.20,27.75,S,0.00,0.00,1010.70,80.46,1010.70,2.71,24.07,0.00,0.00,180.00,0.00,79DAAFB4
2026-06-17T23:35:34Z,0.00,268.20,27.67,S,0.00,0.00,1010.60,81.40,1010.60,2.57,24.19,0.00,0.00,180.00,0.00,79DAAFB4
2026-06-17T23:18:26Z,0.00,268.20,27.63,S,0.00,0.00,1010.30,81.18,1010.30,2.61,24.11,0.00,0.00,180.00,0.00,79DAAFB4
2026-06-17T23:01:18Z,0.00,268.20,27.51,S,0.00,0.00,1010.30,80.95,1010.30,2.63,23.94,0.00,0.00,180.00,0.00,79DAAFB4
2026-06-17T22:44:10Z,0.00,268.20,27.52,S,0.00,0.00,1010.20,80.83,1010.20,2.65,23.93,0.00,0.00,180.00,0.00,79DAAFB4
2026-06-17T22:26:51Z,0.00,268.20,27.41,S,0.00,0.00,1010.20,80.95,1010.20,2.63,23.85,0.00,0.00,180.00,0.00,79DAAFB4
2026-06-17T22:09:42Z,0.00,268.20,27.37,S,0.00,0.00,1010.20,81.02,1010.20,2.62,23.82,0.00,0.00,180.00,0.00,79DAAFB4
2026-06-17T21:52:34Z,0.00,268.20,27.41,S,0.00,0.00,1010.10,81.20,1010.10,2.59,23.90,0.00,0.00,180.00,0.00,79DAAFB4
2026-06-17T21:35:26Z,0.00,268.20,27.36,S,0.00,0.00,1010.00,80.67,1010.00,2.67,23.74,0.00,0.00,180.00,0.00,79DAAFB4
2026-06-17T21:18:07Z,0.00,268.20,27.35,S,0.00,0.00,1009.90,81.14,1009.90,2.60,23.83,0.00,0.00,180.00,0.00,79DAAFB4
2026-06-17T21:00:58Z,0.00,268.20,27.36,S,0.00,0.00,1010.00,80.38,1010.00,2.71,23.68,0.00,0.00,180.00,0.00,79DAAFB4
2026-06-17T20:43:49Z,0.00,268.20,27.39,S,0.00,0.00,1009.80,80.53,1009.80,2.69,23.74,0.00,0.00,180.00,0.00,79DAAFB4
2026-06-17T20:26:30Z,0.00,268.20,27.33,S,0.00,0.00,1009.50,80.93,1009.50,2.63,23.76,0.00,0.00,180.00,0.00,79DAAFB4
2026-06-17T20:09:22Z,0.00,268.20,27.50,S,0.00,0.00,1009.70,80.94,1009.70,2.63,23.93,0.00,0.00,180.00,0.00,79DAAFB4
2026-06-17T19:52:14Z,0.00,268.20,27.46,S,0.00,0.00,1009.70,79.42,1009.70,2.85,23.58,0.00,0.00,180.00,0.00,79DAAFB4
2026-06-17T19:34:55Z,0.00,268.20,27.63,S,0.00,0.00,1009.80,79.62,1009.80,2.83,23.78,0.00,0.00,180.00,0.00,79DAAFB4
2026-06-17T19:17:36Z,0.00,268.20,27.66,S,0.00,0.00,1009.70,78.09,1009.70,3.05,23.49,0.00,0.00,180.00,0.00,79DAAFB4
2026-06-17T19:00:27Z,0.00,268.20,27.58,S,0.00,0.00,1010.10,78.88,1010.10,2.94,23.58,0.00,0.00,180.00,0.00,79DAAFB4
2026-06-17T18:43:19Z,0.00,268.20,27.63,S,0.00,0.00,1010.10,77.71,1010.10,3.11,23.38,0.00,0.00,180.00,0.00,79DAAFB4
2026-06-17T18:26:11Z,0.00,268.20,27.70,S,0.00,0.00,1009.90,77.74,1009.90,3.11,23.45,0.00,0.00,180.00,0.00,79DAAFB4
2026-06-17T18:08:52Z,0.00,268.20,27.86,S,0.00,0.00,1009.80,75.34,1009.80,3.47,23.09,0.00,0.00,180.00,0.00,79DAAFB4
2026-06-17T17:51:43Z,0.00,268.20,27.94,S,0.00,0.00,1009.90,74.02,1009.90,3.66,22.87,0.00,0.00,180.00,0.00,79DAAFB4
2026-06-17T17:34:34Z,0.00,268.20,27.98,S,0.00,0.00,1010.10,72.80,1010.10,3.85,22.64,0.00,0.00,180.00,0.00,79DAAFB4
2026-06-17T17:17:15Z,0.00,268.20,27.91,S,0.00,0.00,1010.20,73.67,1010.20,3.71,22.77,0.00,0.00,180.00,0.00,79DAAFB4
2026-06-17T17:00:07Z,0.00,268.20,27.98,S,0.00,0.00,1010.50,72.37,1010.50,3.91,22.54,0.00,0.00,180.00,0.00,79DAAFB4
2026-06-17T16:42:59Z,0.00,268.20,28.12,S,0.00,0.00,1010.70,71.44,1010.70,4.06,22.46,0.00,0.00,180.00,0.00,79DAAFB4
2026-06-17T16:25:40Z,0.00,268.20,28.32,S,0.00,0.00,1011.10,70.77,1011.10,4.17,22.50,0.00,0.00,180.00,0.00,79DAAFB4
2026-06-17T16:08:21Z,0.00,268.20,28.42,S,0.00,0.00,1011.60,71.45,1011.60,4.08,22.75,0.00,0.00,180.00,0.00,79DAAFB4
2026-06-17T15:51:13Z,0.00,268.20,28.62,S,0.00,0.00,1012.00,74.35,1012.00,3.65,23.60,0.00,0.00,180.00,0.00,79DAAFB4
2026-06-17T15:33:53Z,0.00,268.20,28.56,S,0.00,0.00,1012.00,80.33,1012.00,2.76,24.84,0.00,0.00,180.00,0.00,79DAAFB4
2026-06-17T15:16:44Z,0.00,268.20,28.51,S,0.00,0.00,1011.80,81.27,1011.80,2.62,24.98,0.00,0.00,180.00,0.00,79DAAFB4
2026-06-17T14:59:36Z,0.00,268.20,28.60,S,0.00,0.00,1011.50,81.00,1011.50,2.67,25.01,0.00,0.00,180.00,0.00,79DAAFB4
2026-06-17T14:42:17Z,0.00,268.20,28.72,S,0.00,0.00,1011.20,80.18,1011.20,2.79,24.96,0.00,0.00,180.00,0.00,79DAAFB4
2026-06-17T14:25:09Z,0.00,268.20,28.77,S,0.00,0.00,1011.00,80.04,1011.00,2.82,24.98,0.00,0.00,180.00,0.00,79DAAFB4
2026-06-17T14:08:01Z,0.00,268.20,28.86,S,0.00,0.00,1011.00,79.62,1011.00,2.88,24.98,0.00,0.00,180.00,0.00,79DAAFB4
2026-06-17T13:50:42Z,0.00,268.20,28.90,S,0.00,0.00,1010.70,79.75,1010.70,2.86,25.04,0.00,0.00,180.00,0.00,79DAAFB4
2026-06-17T13:33:34Z,0.00,268.20,29.04,S,0.00,0.00,1010.40,79.26,1010.40,2.94,25.08,0.00,0.00,180.00,0.00,79DAAFB4
2026-06-17T13:16:14Z,0.00,268.20,29.13,S,0.00,0.00,1009.90,79.80,1009.90,2.87,25.28,0.00,0.00,180.00,0.00,79DAAFB4
2026-06-17T12:59:06Z,0.00,268.20,29.27,S,0.00,0.00,1009.80,80.22,1009.80,2.81,25.50,0.00,0.00,180.00,0.00,79DAAFB4
2026-06-17T12:41:57Z,0.00,268.20,29.41,S,0.00,0.00,1009.90,80.36,1009.90,2.79,25.67,0.00,0.00,180.00,0.00,79DAAFB4
2026-06-17T12:24:48Z,0.00,268.20,29.55,S,0.00,0.00,1009.80,79.81,1009.80,2.88,25.69,0.00,0.00,180.00,0.00,79DAAFB4
2026-06-17T12:07:40Z,0.00,268.20,29.60,S,0.00,0.00,1009.20,79.83,1009.20,2.88,25.74,0.00,0.00,180.00,0.00,79DAAFB4
2026-06-17T11:50:31Z,0.00,268.20,29.71,S,0.00,0.00,1009.10,79.12,1009.10,2.99,25.70,0.00,0.00,180.00,0.00,79DAAFB4
2026-06-17T11:33:23Z,0.00,268.20,29.76,S,0.00,0.00,1008.90,80.21,1008.90,2.83,25.98,0.00,0.00,180.00,0.00,79DAAFB4
2026-06-17T11:16:15Z,0.00,268.20,29.85,S,0.00,0.00,1008.60,78.46,1008.60,3.10,25.69,0.00,0.00,180.00,0.00,79DAAFB4
2026-06-17T10:59:07Z,0.00,268.20,30.06,S,0.00,0.00,1008.10,76.80,1008.10,3.36,25.53,0.00,0.00,180.00,0.00,79DAAFB4
2026-06-17T10:41:48Z,0.00,268.20,30.54,S,0.00,0.00,1007.70,78.07,1007.70,3.19,26.28,0.00,0.00,180.00,0.00,79DAAFB4
2026-06-17T10:24:40Z,0.00,268.20,31.14,S,0.00,0.00,1007.70,76.57,1007.70,3.45,26.53,0.00,0.00,180.00,0.00,79DAAFB4
2026-06-17T10:07:20Z,0.00,268.20,31.54,S,0.00,0.00,1007.60,73.93,1007.60,3.88,26.32,0.00,0.00,180.00,0.00,79DAAFB4
2026-06-17T09:50:12Z,0.00,268.20,31.96,S,0.00,0.00,1007.00,72.78,1007.00,4.09,26.45,0.00,0.00,180.00,0.00,79DAAFB4
2026-06-17T09:31:26Z,0.00,268.20,31.94,S,0.00,0.00,1006.60,68.11,1006.60,4.85,25.31,0.00,0.00,180.00,0.00,79DAAFB4
2026-06-17T09:14:17Z,0.00,268.20,32.17,S,0.00,0.00,1006.50,70.71,1006.50,4.44,26.17,0.00,0.00,180.00,0.00,79DAAFB4
2026-06-17T08:56:58Z,0.00,268.20,31.61,S,0.00,0.00,1006.60,73.01,1006.60,4.03,26.17,0.00,0.00,180.00,0.00,79DAAFB4
2026-06-17T08:39:50Z,0.00,268.20,31.40,S,0.00,0.00,1006.70,74.32,1006.70,3.81,26.27,0.00,0.00,180.00,0.00,79DAAFB4
2026-06-17T08:22:42Z,0.00,268.20,31.54,S,0.00,0.00,1006.90,73.13,1006.90,4.01,26.13,0.00,0.00,180.00,0.00,79DAAFB4
2026-06-17T08:05:23Z,0.00,268.20,31.91,S,0.00,0.00,1007.00,70.91,1007.00,4.39,25.97,0.00,0.00,180.00,0.00,79DAAFB4
2026-06-17T07:48:04Z,0.00,268.20,32.57,S,0.00,0.00,1007.20,66.38,1007.20,5.18,25.48,0.00,0.00,180.00,0.00,79DAAFB4
2026-06-17T07:30:56Z,0.00,268.20,32.63,S,0.00,0.00,1007.30,65.51,1007.30,5.33,25.31,0.00,0.00,180.00,0.00,79DAAFB4
2026-06-17T07:13:36Z,0.00,268.20,32.52,S,0.00,0.00,1007.40,62.83,1007.40,5.77,24.51,0.00,0.00,180.00,0.00,79DAAFB4
2026-06-17T06:56:27Z,0.00,268.20,32.53,S,0.00,0.00,1007.50,64.10,1007.50,5.56,24.85,0.00,0.00,180.00,0.00,79DAAFB4
2026-06-17T06:39:19Z,0.00,268.20,32.69,S,0.00,0.00,1008.00,63.60,1008.00,5.66,24.87,0.00,0.00,180.00,0.00,79DAAFB4
2026-06-17T06:22:11Z,0.00,268.20,32.88,S,0.00,0.00,1008.30,62.16,1008.30,5.92,24.67,0.00,0.00,180.00,0.00,79DAAFB4
2026-06-17T06:05:03Z,0.00,268.20,33.05,S,0.00,0.00,1008.50,60.46,1008.50,6.23,24.36,0.00,0.00,180.00,0.00,79DAAFB4
2026-06-17T05:47:55Z,0.00,268.20,32.82,S,0.00,0.00,1008.70,64.02,1008.70,5.60,25.11,0.00,0.00,180.00,0.00,79DAAFB4
2026-06-17T05:30:47Z,0.00,268.20,32.53,S,0.00,0.00,1008.80,66.81,1008.80,5.10,25.55,0.00,0.00,180.00,0.00,79DAAFB4
2026-06-17T05:13:28Z,0.00,268.20,32.30,S,0.00,0.00,1009.20,66.46,1009.20,5.14,25.24,0.00,0.00,180.00,0.00,79DAAFB4
2026-06-17T04:56:09Z,0.00,268.20,31.85,S,0.00,0.00,1009.60,68.07,1009.60,4.84,25.22,0.00,0.00,180.00,0.00,79DAAFB4
2026-06-17T04:39:00Z,0.00,268.20,31.46,S,0.00,0.00,1009.90,69.51,1009.90,4.58,25.20,0.00,0.00,180.00,0.00,79DAAFB4
2026-06-17T04:21:52Z,0.00,268.20,31.03,S,0.00,0.00,1010.00,72.68,1010.00,4.05,25.54,0.00,0.00,180.00,0.00,79DAAFB4
2026-06-17T04:04:44Z,0.00,268.20,30.72,S,0.00,0.00,1010.10,72.85,1010.10,4.00,25.28,0.00,0.00,180.00,0.00,79DAAFB4
2026-06-17T03:47:36Z,0.00,268.20,20.17,S,0.00,0.00,673.60,48.81,673.60,6.49,9.07,0.00,0.00,180.00,0.00,79DAAFB4
2026-06-17T03:30:28Z,0.00,268.20,30.00,S,0.00,0.00,1010.80,74.72,1010.80,3.67,25.01,0.00,0.00,180.00,0.00,79DAAFB4
2026-06-17T03:13:20Z,0.00,268.20,29.51,S,0.00,0.00,1011.20,76.39,1011.20,3.39,24.91,0.00,0.00,180.00,0.00,79DAAFB4
2026-06-17T02:56:12Z,0.00,268.20,29.29,S,0.00,0.00,1011.30,81.10,1011.30,2.68,25.71,0.00,0.00,180.00,0.00,79DAAFB4
2026-06-17T02:38:53Z,0.00,268.20,29.24,S,0.00,0.00,1011.40,82.57,1011.40,2.46,25.96,0.00,0.00,180.00,0.00,79DAAFB4
2026-06-17T02:21:45Z,0.00,268.20,29.02,S,0.00,0.00,1011.30,81.38,1011.30,2.63,25.50,0.00,0.00,180.00,0.00,79DAAFB4
2026-06-17T02:04:25Z,0.00,268.20,28.76,S,0.00,0.00,1011.30,83.79,1011.30,2.26,25.74,0.00,0.00,180.00,0.00,79DAAFB4
2026-06-17T01:47:26Z,0.00,268.20,28.59,S,0.00,0.00,1011.40,87.14,1011.40,1.77,26.24,0.00,0.00,180.00,0.00,79DAAFB4
2026-06-17T01:30:07Z,0.00,268.20,28.53,S,0.00,0.00,1011.30,88.22,1011.30,1.61,26.39,0.00,0.00,180.00,0.00,79DAAFB4
2026-06-17T01:12:58Z,0.00,268.20,28.33,S,0.00,0.00,1011.40,87.90,1011.40,1.66,26.13,0.00,0.00,180.00,0.00,79DAAFB4
2026-06-17T00:55:50Z,0.00,268.20,28.18,S,0.00,0.00,1011.50,88.47,1011.50,1.57,26.09,0.00,0.00,180.00,0.00,79DAAFB4
2026-06-17T00:38:42Z,0.00,268.20,28.04,S,0.00,0.00,1011.40,88.61,1011.40,1.55,25.98,0.00,0.00,180.00,0.00,79DAAFB4
2026-06-17T00:21:23Z,0.00,268.20,27.87,S,0.00,0.00,1011.20,89.38,1011.20,1.44,25.96,0.00,0.00,180.00,0.00,79DAAFB4
2026-06-17T00:04:14Z,0.00,268.20,27.72,S,0.00,0.00,1011.00,90.77,1011.00,1.24,26.07,0.00,0.00,180.00,0.00,79DAAFB4
2026-06-16T23:47:05Z,0.00,268.20,27.55,S,0.00,0.00,1010.70,91.01,1010.70,1.20,25.95,0.00,0.00,180.00,0.00,79DAAFB4
2026-06-16T23:29:46Z,0.00,268.20,27.44,S,0.00,0.00,1010.80,92.15,1010.80,1.04,26.05,0.00,0.00,180.00,0.00,79DAAFB4
2026-06-16T23:12:38Z,0.00,268.20,27.31,S,0.00,0.00,1010.50,92.00,1010.50,1.06,25.89,0.00,0.00,180.00,0.00,79DAAFB4
2026-06-16T22:55:30Z,0.00,268.20,27.30,S,0.00,0.00,1010.40,91.90,1010.40,1.07,25.86,0.00,0.00,180.00,0.00,79DAAFB4
2026-06-16T22:38:11Z,0.00,268.20,27.27,S,0.00,0.00,1010.30,91.93,1010.30,1.07,25.84,0.00,0.00,180.00,0.00,79DAAFB4
2026-06-16T22:20:52Z,0.00,268.20,27.23,S,0.00,0.00,1010.10,91.78,1010.10,1.09,25.77,0.00,0.00,180.00,0.00,79DAAFB4
2026-06-16T22:03:44Z,0.00,268.20,27.25,S,0.00,0.00,1010.20,91.59,1010.20,1.12,25.76,0.00,0.00,180.00,0.00,79DAAFB4
2026-06-16T21:46:24Z,0.00,268.20,27.21,S,0.00,0.00,1010.20,91.37,1010.20,1.15,25.68,0.00,0.00,180.00,0.00,79DAAFB4
2026-06-16T21:29:15Z,0.00,268.20,27.28,S,0.00,0.00,1010.10,91.66,1010.10,1.11,25.80,0.00,0.00,180.00,0.00,79DAAFB4
2026-06-16T21:12:07Z,0.00,268.20,27.33,S,0.00,0.00,1009.90,91.15,1009.90,1.18,25.76,0.00,0.00,180.00,0.00,79DAAFB4
2026-06-16T20:54:48Z,0.00,268.20,27.34,S,0.00,0.00,1010.00,90.99,1010.00,1.20,25.74,0.00,0.00,180.00,0.00,79DAAFB4
2026-06-16T20:37:40Z,0.00,268.20,27.31,S,0.00,0.00,1009.90,91.68,1009.90,1.10,25.83,0.00,0.00,180.00,0.00,79DAAFB4
2026-06-16T20:20:32Z,0.00,268.20,27.35,S,0.00,0.00,1009.80,91.70,1009.80,1.10,25.88,0.00,0.00,180.00,0.00,79DAAFB4
2026-06-16T20:03:18Z,0.00,268.20,27.36,S,0.00,0.00,1010.00,90.88,1010.00,1.22,25.74,0.00,0.00,180.00,0.00,79DAAFB4
2026-06-16T19:45:59Z,0.00,268.20,27.31,S,0.00,0.00,1010.20,91.22,1010.20,1.17,25.75,0.00,0.00,180.00,0.00,79DAAFB4
2026-06-16T19:28:50Z,0.00,268.20,27.33,S,0.00,0.00,1010.30,89.84,1010.30,1.36,25.51,0.00,0.00,180.00,0.00,79DAAFB4
2026-06-16T19:11:38Z,0.00,268.20,27.36,S,0.00,0.00,1010.40,89.62,1010.40,1.39,25.50,0.00,0.00,180.00,0.00,79DAAFB4
2026-06-16T18:54:29Z,0.00,268.20,27.41,S,0.00,0.00,1010.60,90.04,1010.60,1.34,25.63,0.00,0.00,180.00,0.00,79DAAFB4
2026-06-16T18:37:21Z,0.00,268.20,27.30,S,0.00,0.00,1010.80,88.42,1010.80,1.56,25.21,0.00,0.00,180.00,0.00,79DAAFB4
2026-06-16T18:20:00Z,0.00,268.20,27.29,S,0.00,0.00,1011.00,88.26,1011.00,1.59,25.17,0.00,0.00,180.00,0.00,79DAAFB4
2026-06-16T18:02:52Z,0.00,268.20,27.34,S,0.00,0.00,1011.00,88.38,1011.00,1.57,25.25,0.00,0.00,180.00,0.00,79DAAFB4
2026-06-16T17:45:44Z,0.00,268.20,27.33,S,0.00,0.00,1011.40,88.13,1011.40,1.60,25.19,0.00,0.00,180.00,0.00,79DAAFB4
2026-06-16T17:28:36Z,0.00,268.20,27.38,S,0.00,0.00,1011.80,88.28,1011.80,1.58,25.27,0.00,0.00,180.00,0.00,79DAAFB4
2026-06-16T17:11:17Z,0.00,268.20,27.31,S,0.00,0.00,1011.80,88.18,1011.80,1.60,25.18,0.00,0.00,180.00,0.00,79DAAFB4
2026-06-16T16:54:09Z,0.00,268.20,27.40,S,0.00,0.00,1012.00,88.29,1012.00,1.58,25.29,0.00,0.00,180.00,0.00,79DAAFB4
2026-06-16T16:36:49Z,0.00,268.20,27.40,S,0.00,0.00,1012.20,88.06,1012.20,1.62,25.24,0.00,0.00,180.00,0.00,79DAAFB4
2026-06-16T16:19:30Z,0.00,268.20,27.34,S,0.00,0.00,1011.80,87.80,1011.80,1.65,25.14,0.00,0.00,180.00,0.00,79DAAFB4
2026-06-16T16:02:22Z,0.00,268.20,27.25,S,0.00,0.00,1011.80,88.16,1011.80,1.60,25.12,0.00,0.00,180.00,0.00,79DAAFB4
2026-06-16T15:45:20Z,0.00,268.20,27.19,S,0.00,0.00,1012.00,87.69,1012.00,1.66,24.97,0.00,0.00,180.00,0.00,79DAAFB4
2026-06-16T15:28:12Z,0.00,268.20,27.12,S,0.00,0.00,1011.70,87.69,1011.70,1.66,24.90,0.00,0.00,180.00,0.00,79DAAFB4
2026-06-16T15:10:53Z,0.00,268.20,27.13,S,0.00,0.00,1011.60,87.15,1011.60,1.74,24.80,0.00,0.00,180.00,0.00,79DAAFB4
2026-06-16T14:53:44Z,0.00,268.20,27.09,S,0.00,0.00,1012.00,87.42,1012.00,1.70,24.82,0.00,0.00,180.00,0.00,79DAAFB4
2026-06-16T14:36:36Z,0.00,268.20,27.12,S,0.00,0.00,1011.80,87.17,1011.80,1.74,24.80,0.00,0.00,180.00,0.00,79DAAFB4
2026-06-16T14:19:28Z,0.00,268.20,27.15,S,0.00,0.00,1011.50,86.64,1011.50,1.81,24.73,0.00,0.00,180.00,0.00,79DAAFB4
2026-06-16T14:02:09Z,0.00,268.20,27.26,S,0.00,0.00,1011.20,86.72,1011.20,1.80,24.85,0.00,0.00,180.00,0.00,79DAAFB4
2026-06-16T13:45:00Z,0.00,268.20,27.38,S,0.00,0.00,1011.30,87.94,1011.30,1.63,25.20,0.00,0.00,180.00,0.00,79DAAFB4
2026-06-16T13:27:51Z,0.00,268.20,27.47,S,0.00,0.00,1011.30,88.79,1011.30,1.51,25.45,0.00,0.00,180.00,0.00,79DAAFB4
2026-06-16T13:10:31Z,0.00,268.20,27.63,S,0.00,0.00,1011.20,91.13,1011.20,1.18,26.05,0.00,0.00,180.00,0.00,79DAAFB4
2026-06-16T12:53:23Z,0.00,268.20,27.56,S,0.00,0.00,1010.30,90.55,1010.30,1.27,25.87,0.00,0.00,180.00,0.00,79DAAFB4
2026-06-16T12:36:15Z,0.00,268.20,27.53,S,0.00,0.00,1009.60,89.42,1009.60,1.43,25.63,0.00,0.00,180.00,0.00,79DAAFB4
2026-06-16T12:19:04Z,0.00,268.20,27.49,S,0.00,0.00,1009.30,89.30,1009.30,1.44,25.57,0.00,0.00,180.00,0.00,79DAAFB4
2026-06-16T12:01:45Z,0.00,268.20,27.52,S,0.00,0.00,1008.70,90.88,1008.70,1.22,25.89,0.00,0.00,180.00,0.00,79DAAFB4
2026-06-16T11:44:37Z,0.00,268.20,27.39,S,0.00,0.00,1008.60,91.28,1008.60,1.16,25.84,0.00,0.00,180.00,0.00,79DAAFB4
2026-06-16T11:27:17Z,0.00,268.20,27.32,S,0.00,0.00,1008.70,91.45,1008.70,1.14,25.80,0.00,0.00,180.00,0.00,79DAAFB4
2026-06-16T11:10:09Z,0.00,268.20,27.26,S,0.00,0.00,1008.80,91.10,1008.80,1.18,25.68,0.00,0.00,180.00,0.00,79DAAFB4
2026-06-16T10:53:00Z,0.00,268.20,27.15,S,0.00,0.00,1008.60,90.76,1008.60,1.23,25.51,0.00,0.00,180.00,0.00,79DAAFB4
2026-06-16T10:35:51Z,0.00,268.20,27.05,S,0.00,0.00,1008.20,89.44,1008.20,1.41,25.16,0.00,0.00,180.00,0.00,79DAAFB4
2026-06-16T10:18:43Z,0.00,268.20,26.99,S,0.00,0.00,1008.10,89.09,1008.10,1.46,25.04,0.00,0.00,180.00,0.00,79DAAFB4
2026-06-16T10:01:34Z,0.00,268.20,26.97,S,0.00,0.00,1007.80,89.29,1007.80,1.43,25.05,0.00,0.00,180.00,0.00,79DAAFB4
2026-06-16T09:44:26Z,0.00,268.20,26.82,S,0.00,0.00,1007.90,88.86,1007.90,1.49,24.82,0.00,0.00,180.00,0.00,79DAAFB4
2026-06-16T09:27:18Z,0.00,268.20,26.81,S,0.00,0.00,1007.90,88.46,1007.90,1.55,24.74,0.00,0.00,180.00,0.00,79DAAFB4
2026-06-16T09:10:10Z,0.00,268.20,26.90,S,0.00,0.00,1007.70,90.72,1007.70,1.23,25.25,0.00,0.00,180.00,0.00,79DAAFB4
2026-06-16T08:52:51Z,0.00,268.20,26.91,S,0.00,0.00,1007.80,88.60,1007.80,1.53,24.86,0.00,0.00,180.00,0.00,79DAAFB4
2026-06-16T08:35:43Z,0.00,268.20,27.30,S,0.00,0.00,1008.10,87.83,1008.10,1.65,25.10,0.00,0.00,180.00,0.00,79DAAFB4
2026-06-16T08:18:23Z,0.00,268.20,28.03,S,0.00,0.00,1008.40,83.83,1008.40,2.24,25.03,0.00,0.00,180.00,0.00,79DAAFB4
2026-06-16T08:01:04Z,0.00,268.20,29.44,S,0.00,0.00,1008.90,79.77,1008.90,2.88,25.57,0.00,0.00,180.00,0.00,79DAAFB4
2026-06-16T07:43:56Z,0.00,268.20,31.40,S,0.00,0.00,1007.80,70.28,1007.80,4.46,25.33,0.00,0.00,180.00,0.00,79DAAFB4
2026-06-16T07:26:47Z,0.00,268.20,32.55,S,0.00,0.00,1007.40,69.03,1007.40,4.74,26.12,0.00,0.00,180.00,0.00,79DAAFB4
2026-06-16T07:09:39Z,0.00,268.20,33.07,S,0.00,0.00,1007.60,67.23,1007.60,5.08,26.17,0.00,0.00,180.00,0.00,79DAAFB4
2026-06-16T06:49:10Z,0.00,268.20,33.34,S,0.00,0.00,1007.70,66.48,1007.70,5.22,26.23,0.00,0.00,180.00,0.00,79DAAFB4
2026-06-16T06:32:01Z,0.00,268.20,33.33,S,0.00,0.00,1008.00,67.05,1008.00,5.13,26.37,0.00,0.00,180.00,0.00,79DAAFB4
2026-06-16T06:14:52Z,0.00,268.20,33.32,S,0.00,0.00,1008.40,68.10,1008.40,4.95,26.62,0.00,0.00,180.00,0.00,79DAAFB4
2026-06-16T05:57:33Z,0.00,268.20,32.91,S,0.00,0.00,1008.60,69.03,1008.60,4.76,26.46,0.00,0.00,180.00,0.00,79DAAFB4
2026-06-16T05:40:25Z,0.00,268.20,32.49,S,0.00,0.00,1008.90,69.87,1008.90,4.60,26.27,0.00,0.00,180.00,0.00,79DAAFB4
2026-06-16T05:23:17Z,0.00,268.20,32.28,S,0.00,0.00,1009.10,71.37,1009.10,4.34,26.43,0.00,0.00,180.00,0.00,79DAAFB4
2026-06-16T05:05:58Z,0.00,268.20,31.83,S,0.00,0.00,1009.30,71.17,1009.30,4.34,25.95,0.00,0.00,180.00,0.00,79DAAFB4
2026-06-16T04:48:39Z,0.00,268.20,31.75,S,0.00,0.00,1009.60,72.56,1009.60,4.11,26.20,0.00,0.00,180.00,0.00,79DAAFB4
2026-06-16T04:31:30Z,0.00,268.20,31.44,S,0.00,0.00,1009.60,74.15,1009.60,3.84,26.27,0.00,0.00,180.00,0.00,79DAAFB4
2026-06-16T04:14:22Z,0.00,268.20,31.20,S,0.00,0.00,1009.80,74.64,1009.80,3.75,26.15,0.00,0.00,180.00,0.00,79DAAFB4
2026-06-16T03:57:14Z,0.00,268.20,31.00,S,0.00,0.00,1010.00,76.67,1010.00,3.42,26.41,0.00,0.00,180.00,0.00,79DAAFB4
2026-06-16T03:39:55Z,0.00,268.20,30.58,S,0.00,0.00,1010.30,78.90,1010.30,3.06,26.49,0.00,0.00,180.00,0.00,79DAAFB4
2026-06-16T03:22:46Z,0.00,268.20,30.25,S,0.00,0.00,1010.10,79.61,1010.10,2.94,26.33,0.00,0.00,180.00,0.00,79DAAFB4
2026-06-16T03:05:37Z,0.00,268.20,29.93,S,0.00,0.00,1010.20,81.43,1010.20,2.65,26.40,0.00,0.00,180.00,0.00,79DAAFB4
2026-06-16T02:48:18Z,0.00,268.20,29.62,S,0.00,0.00,1010.30,82.96,1010.30,2.41,26.41,0.00,0.00,180.00,0.00,79DAAFB4
2026-06-16T02:31:10Z,0.00,268.20,29.42,S,0.00,0.00,1010.30,83.88,1010.30,2.27,26.40,0.00,0.00,180.00,0.00,79DAAFB4
2026-06-16T02:14:02Z,0.00,268.20,29.22,S,0.00,0.00,1010.30,84.80,1010.30,2.13,26.39,0.00,0.00,180.00,0.00,79DAAFB4
2026-06-16T01:56:43Z,0.00,268.20,28.96,S,0.00,0.00,1010.30,85.06,1010.30,2.08,26.19,0.00,0.00,180.00,0.00,79DAAFB4
2026-06-16T01:39:24Z,0.00,268.20,28.79,S,0.00,0.00,1010.20,86.31,1010.20,1.90,26.27,0.00,0.00,180.00,0.00,79DAAFB4
2026-06-16T01:22:16Z,0.00,268.20,28.69,S,0.00,0.00,1010.30,87.18,1010.30,1.77,26.34,0.00,0.00,180.00,0.00,79DAAFB4
2026-06-16T01:04:56Z,0.00,268.20,28.46,S,0.00,0.00,1010.40,87.96,1010.40,1.65,26.27,0.00,0.00,180.00,0.00,79DAAFB4
2026-06-16T00:47:47Z,0.00,268.20,28.20,S,0.00,0.00,1010.40,88.61,1010.40,1.55,26.14,0.00,0.00,180.00,0.00,79DAAFB4
2026-06-16T00:30:39Z,0.00,268.20,28.10,S,0.00,0.00,1010.50,89.19,1010.50,1.47,26.15,0.00,0.00,180.00,0.00,79DAAFB4
2026-06-16T00:13:20Z,0.00,268.20,27.96,S,0.00,0.00,1010.50,89.44,1010.50,1.43,26.06,0.00,0.00,180.00,0.00,79DAAFB4
2026-06-15T23:56:12Z,0.00,268.20,27.92,S,0.00,0.00,1010.50,90.13,1010.50,1.33,26.15,0.00,0.00,180.00,0.00,79DAAFB4
2026-06-15T23:39:04Z,0.00,268.20,27.97,S,0.00,0.00,1010.50,90.63,1010.50,1.26,26.29,0.00,0.00,180.00,0.00,79DAAFB4
2026-06-15T23:21:45Z,0.00,268.20,27.88,S,0.00,0.00,1010.40,91.05,1010.40,1.20,26.28,0.00,0.00,180.00,0.00,79DAAFB4
2026-06-15T23:04:37Z,0.00,268.20,27.77,S,0.00,0.00,1010.40,90.50,1010.40,1.28,26.07,0.00,0.00,180.00,0.00,79DAAFB4
2026-06-15T22:47:25Z,0.00,268.20,27.80,S,0.00,0.00,1010.20,90.25,1010.20,1.31,26.05,0.00,0.00,180.00,0.00,79DAAFB4
2026-06-15T22:30:17Z,0.00,268.20,27.83,S,0.00,0.00,1009.90,90.61,1009.90,1.26,26.15,0.00,0.00,180.00,0.00,79DAAFB4
2026-06-15T22:13:09Z,0.00,268.20,27.85,S,0.00,0.00,1009.70,90.50,1009.70,1.28,26.15,0.00,0.00,180.00,0.00,79DAAFB4
2026-06-15T21:55:50Z,0.00,268.20,27.84,S,0.00,0.00,1009.50,90.88,1009.50,1.22,26.21,0.00,0.00,180.00,0.00,79DAAFB4
2026-06-15T21:38:31Z,0.00,268.20,27.75,S,0.00,0.00,1009.50,90.95,1009.50,1.21,26.13,0.00,0.00,180.00,0.00,79DAAFB4
2026-06-15T21:21:23Z,0.00,268.20,27.78,S,0.00,0.00,1009.50,90.95,1009.50,1.21,26.16,0.00,0.00,180.00,0.00,79DAAFB4
2026-06-15T21:04:04Z,0.00,268.20,27.75,S,0.00,0.00,1009.30,91.06,1009.30,1.20,26.15,0.00,0.00,180.00,0.00,79DAAFB4
2026-06-15T20:46:55Z,0.00,268.20,27.68,S,0.00,0.00,1009.50,90.75,1009.50,1.24,26.03,0.00,0.00,180.00,0.00,79DAAFB4
2026-06-15T20:29:43Z,0.00,268.20,27.72,S,0.00,0.00,1009.50,90.70,1009.50,1.25,26.06,0.00,0.00,180.00,0.00,79DAAFB4
2026-06-15T20:11:28Z,0.00,268.20,27.67,S,0.00,0.00,1009.50,90.57,1009.50,1.26,25.98,0.00,0.00,180.00,0.00,79DAAFB4
2026-06-15T19:54:09Z,0.00,268.20,27.62,S,0.00,0.00,1009.50,90.99,1009.50,1.20,26.01,0.00,0.00,180.00,0.00,79DAAFB4
2026-06-15T19:37:01Z,0.00,268.20,27.64,S,0.00,0.00,1009.50,91.30,1009.50,1.16,26.09,0.00,0.00,180.00,0.00,79DAAFB4
2026-06-15T19:19:53Z,0.00,268.20,27.61,S,0.00,0.00,1009.50,91.42,1009.50,1.14,26.08,0.00,0.00,180.00,0.00,79DAAFB4
2026-06-15T19:02:34Z,0.00,268.20,27.73,S,0.00,0.00,1009.60,91.08,1009.60,1.19,26.14,0.00,0.00,180.00,0.00,79DAAFB4
2026-06-15T18:45:15Z,0.00,268.20,27.66,S,0.00,0.00,1009.70,91.43,1009.70,1.14,26.13,0.00,0.00,180.00,0.00,79DAAFB4
2026-06-15T18:28:07Z,0.00,268.20,27.62,S,0.00,0.00,1009.70,91.15,1009.70,1.18,26.04,0.00,0.00,180.00,0.00,79DAAFB4
2026-06-15T18:10:47Z,0.00,268.20,27.58,S,0.00,0.00,1009.70,91.02,1009.70,1.20,25.98,0.00,0.00,180.00,0.00,79DAAFB4
2026-06-15T17:53:38Z,0.00,268.20,27.64,S,0.00,0.00,1010.00,91.19,1010.00,1.18,26.07,0.00,0.00,180.00,0.00,79DAAFB4
2026-06-15T17:36:30Z,0.00,268.20,27.60,S,0.00,0.00,1010.00,91.04,1010.00,1.20,26.00,0.00,0.00,180.00,0.00,79DAAFB4
2026-06-15T17:19:11Z,0.00,268.20,27.67,S,0.00,0.00,1010.30,90.78,1010.30,1.23,26.02,0.00,0.00,180.00,0.00,79DAAFB4
2026-06-15T17:02:03Z,0.00,268.20,27.67,S,0.00,0.00,1010.70,91.31,1010.70,1.16,26.12,0.00,0.00,180.00,0.00,79DAAFB4
2026-06-15T16:44:53Z,0.00,268.20,27.59,S,0.00,0.00,1010.80,91.53,1010.80,1.13,26.08,0.00,0.00,180.00,0.00,79DAAFB4
2026-06-15T16:27:45Z,0.00,268.20,27.52,S,0.00,0.00,1010.90,91.12,1010.90,1.18,25.94,0.00,0.00,180.00,0.00,79DAAFB4
2026-06-15T16:10:26Z,0.00,268.20,27.53,S,0.00,0.00,1011.10,90.82,1011.10,1.23,25.89,0.00,0.00,180.00,0.00,79DAAFB4
2026-06-15T15:53:18Z,0.00,268.20,27.47,S,0.00,0.00,1011.20,90.84,1011.20,1.22,25.84,0.00,0.00,180.00,0.00,79DAAFB4
2026-06-15T15:35:58Z,0.00,268.20,27.40,S,0.00,0.00,1011.60,90.33,1011.60,1.29,25.67,0.00,0.00,180.00,0.00,79DAAFB4
2026-06-15T15:18:50Z,0.00,268.20,27.38,S,0.00,0.00,1011.80,90.40,1011.80,1.28,25.67,0.00,0.00,180.00,0.00,79DAAFB4
2026-06-15T15:01:41Z,0.00,268.20,27.44,S,0.00,0.00,1011.60,89.78,1011.60,1.37,25.61,0.00,0.00,180.00,0.00,79DAAFB4
2026-06-15T14:44:32Z,0.00,268.20,27.36,S,0.00,0.00,1011.50,89.99,1011.50,1.34,25.57,0.00,0.00,180.00,0.00,79DAAFB4
2026-06-15T14:27:24Z,0.00,268.20,27.41,S,0.00,0.00,1011.20,89.47,1011.20,1.42,25.52,0.00,0.00,180.00,0.00,79DAAFB4
2026-06-15T14:10:15Z,0.00,268.20,27.41,S,0.00,0.00,1011.00,87.67,1011.00,1.67,25.18,0.00,0.00,180.00,0.00,79DAAFB4
2026-06-15T13:53:07Z,0.00,268.20,27.37,S,0.00,0.00,1010.80,89.05,1010.80,1.48,25.40,0.00,0.00,180.00,0.00,79DAAFB4
2026-06-15T13:35:59Z,0.00,268.20,27.27,S,0.00,0.00,1010.80,89.76,1010.80,1.37,25.44,0.00,0.00,180.00,0.00,79DAAFB4
2026-06-15T13:18:51Z,0.00,268.20,27.29,S,0.00,0.00,1010.40,90.40,1010.40,1.28,25.58,0.00,0.00,180.00,0.00,79DAAFB4
2026-06-15T13:01:32Z,0.00,268.20,27.30,S,0.00,0.00,1010.20,90.40,1010.20,1.28,25.59,0.00,0.00,180.00,0.00,79DAAFB4
2026-06-15T12:44:24Z,0.00,268.20,27.25,S,0.00,0.00,1009.90,90.68,1009.90,1.24,25.59,0.00,0.00,180.00,0.00,79DAAFB4
2026-06-15T12:27:04Z,0.00,268.20,27.26,S,0.00,0.00,1009.90,90.97,1009.90,1.20,25.65,0.00,0.00,180.00,0.00,79DAAFB4
2026-06-15T12:09:45Z,0.00,268.20,27.15,S,0.00,0.00,1009.30,91.38,1009.30,1.14,25.62,0.00,0.00,180.00,0.00,79DAAFB4
2026-06-15T11:52:37Z,0.00,268.20,26.89,S,0.00,0.00,1008.40,91.17,1008.40,1.17,25.32,0.00,0.00,180.00,0.00,79DAAFB4
2026-06-15T11:35:18Z,0.00,268.20,26.58,S,0.00,0.00,1008.30,89.98,1008.30,1.33,24.80,0.00,0.00,180.00,0.00,79DAAFB4
2026-06-15T11:18:09Z,0.00,268.20,26.50,S,0.00,0.00,1008.70,88.39,1008.70,1.55,24.42,0.00,0.00,180.00,0.00,79DAAFB4
2026-06-15T11:01:00Z,0.00,268.20,26.60,S,0.00,0.00,1008.90,87.69,1008.90,1.65,24.39,0.00,0.00,180.00,0.00,79DAAFB4
2026-06-15T10:43:52Z,0.00,268.20,27.26,S,0.00,0.00,1008.80,86.42,1008.80,1.85,24.79,0.00,0.00,180.00,0.00,79DAAFB4
2026-06-15T10:26:44Z,0.00,268.20,30.07,S,0.00,0.00,1008.90,77.01,1008.90,3.33,25.59,0.00,0.00,180.00,0.00,79DAAFB4
2026-06-15T10:09:36Z,0.00,268.20,32.85,S,0.00,0.00,1007.70,71.37,1007.70,4.37,26.97,0.00,0.00,180.00,0.00,79DAAFB4
2026-06-15T09:52:17Z,0.00,268.20,34.41,S,0.00,0.00,1006.70,60.38,1006.70,6.38,25.62,0.00,0.00,180.00,0.00,79DAAFB4
2026-06-15T09:35:08Z,0.00,268.20,35.02,S,0.00,0.00,1006.50,57.45,1006.50,6.98,25.35,0.00,0.00,180.00,0.00,79DAAFB4
2026-06-15T09:17:49Z,0.00,268.20,35.16,S,0.00,0.00,1006.20,55.08,1006.20,7.44,24.77,0.00,0.00,180.00,0.00,79DAAFB4
2026-06-15T09:00:30Z,0.00,268.20,35.16,S,0.00,0.00,1005.90,56.14,1005.90,7.24,25.09,0.00,0.00,180.00,0.00,79DAAFB4
2026-06-15T08:43:21Z,0.00,268.20,34.60,S,0.00,0.00,1005.90,58.43,1005.90,6.76,25.24,0.00,0.00,180.00,0.00,79DAAFB4
2026-06-15T08:26:13Z,0.00,268.20,33.95,S,0.00,0.00,1006.10,59.37,1006.10,6.52,24.90,0.00,0.00,180.00,0.00,79DAAFB4
2026-06-15T08:09:05Z,0.00,268.20,34.22,S,0.00,0.00,1006.30,57.95,1006.30,6.80,24.75,0.00,0.00,180.00,0.00,79DAAFB4
2026-06-15T07:51:46Z,0.00,268.20,33.69,S,0.00,0.00,1006.70,58.54,1006.70,6.64,24.42,0.00,0.00,180.00,0.00,79DAAFB4
2026-06-15T07:34:37Z,0.00,268.20,33.73,S,0.00,0.00,1007.00,59.95,1007.00,6.39,24.86,0.00,0.00,180.00,0.00,79DAAFB4
2026-06-15T07:17:28Z,0.00,268.20,33.60,S,0.00,0.00,1007.30,61.07,1007.30,6.18,25.05,0.00,0.00,180.00,0.00,79DAAFB4
2026-06-15T07:00:09Z,0.00,268.20,33.25,S,0.00,0.00,1007.40,63.46,1007.40,5.73,25.36,0.00,0.00,180.00,0.00,79DAAFB4
2026-06-15T06:43:01Z,0.00,268.20,33.06,S,0.00,0.00,1007.80,65.00,1007.80,5.45,25.59,0.00,0.00,180.00,0.00,79DAAFB4
2026-06-15T06:25:53Z,0.00,268.20,33.12,S,0.00,0.00,1008.10,63.55,1008.10,5.71,25.27,0.00,0.00,180.00,0.00,79DAAFB4
2026-06-15T06:08:34Z,0.00,268.20,32.78,S,0.00,0.00,1008.40,66.68,1008.40,5.15,25.75,0.00,0.00,180.00,0.00,79DAAFB4
2026-06-15T05:51:15Z,0.00,268.20,32.86,S,0.00,0.00,1008.60,65.17,1008.60,5.41,25.44,0.00,0.00,180.00,0.00,79DAAFB4
2026-06-15T05:34:06Z,0.00,268.20,32.41,S,0.00,0.00,1009.10,67.00,1009.10,5.06,25.48,0.00,0.00,180.00,0.00,79DAAFB4
2026-06-15T05:16:58Z,0.00,268.20,32.09,S,0.00,0.00,1009.40,67.90,1009.40,4.89,25.40,0.00,0.00,180.00,0.00,79DAAFB4
2026-06-15T04:59:50Z,0.00,268.20,31.76,S,0.00,0.00,1009.50,68.10,1009.50,4.83,25.14,0.00,0.00,180.00,0.00,79DAAFB4
2026-06-15T04:42:31Z,0.00,268.20,31.61,S,0.00,0.00,1009.60,70.43,1009.60,4.45,25.56,0.00,0.00,180.00,0.00,79DAAFB4
2026-06-15T04:25:22Z,0.00,268.20,31.63,S,0.00,0.00,1009.60,69.76,1009.60,4.55,25.42,0.00,0.00,180.00,0.00,79DAAFB4
2026-06-15T04:08:13Z,0.00,268.20,31.58,S,0.00,0.00,1009.70,70.12,1009.70,4.49,25.46,0.00,0.00,180.00,0.00,79DAAFB4
2026-06-15T03:48:05Z,0.00,268.20,31.13,S,0.00,0.00,1009.70,70.72,1009.70,4.37,25.17,0.00,0.00,180.00,0.00,79DAAFB4
2026-06-15T03:30:46Z,0.00,268.20,30.79,S,0.00,0.00,1009.90,70.49,1009.90,4.38,24.79,0.00,0.00,180.00,0.00,79DAAFB4
2026-06-15T03:13:38Z,0.00,268.20,30.40,S,0.00,0.00,1010.00,74.25,1010.00,3.77,25.29,0.00,0.00,180.00,0.00,79DAAFB4
2026-06-15T02:56:18Z,0.00,268.20,30.14,S,0.00,0.00,1009.90,75.40,1009.90,3.58,25.30,0.00,0.00,180.00,0.00,79DAAFB4
2026-06-15T02:39:10Z,0.00,268.20,29.96,S,0.00,0.00,1010.10,75.87,1010.10,3.50,25.23,0.00,0.00,180.00,0.00,79DAAFB4
2026-06-15T02:22:01Z,0.00,268.20,29.68,S,0.00,0.00,1010.10,76.94,1010.10,3.32,25.20,0.00,0.00,180.00,0.00,79DAAFB4
2026-06-15T02:04:52Z,0.00,268.20,29.29,S,0.00,0.00,1010.10,79.04,1010.10,2.99,25.27,0.00,0.00,180.00,0.00,79DAAFB4
2026-06-15T01:47:44Z,0.00,268.20,29.16,S,0.00,0.00,1010.20,82.07,1010.20,2.53,25.78,0.00,0.00,180.00,0.00,79DAAFB4
2026-06-15T01:30:35Z,0.00,268.20,28.88,S,0.00,0.00,1010.30,82.68,1010.30,2.43,25.63,0.00,0.00,180.00,0.00,79DAAFB4
2026-06-15T01:13:27Z,0.00,268.20,28.61,S,0.00,0.00,1010.40,83.62,1010.40,2.28,25.56,0.00,0.00,180.00,0.00,79DAAFB4
2026-06-15T00:56:19Z,0.00,268.20,28.37,S,0.00,0.00,1010.40,84.28,1010.40,2.18,25.46,0.00,0.00,180.00,0.00,79DAAFB4
2026-06-15T00:39:11Z,0.00,268.20,28.22,S,0.00,0.00,1010.40,84.98,1010.40,2.08,25.45,0.00,0.00,180.00,0.00,79DAAFB4
2026-06-15T00:21:52Z,0.00,268.20,28.10,S,0.00,0.00,1010.40,84.89,1010.40,2.09,25.31,0.00,0.00,180.00,0.00,79DAAFB4
2026-06-15T00:04:44Z,0.00,268.20,27.98,S,0.00,0.00,1010.30,85.58,1010.30,1.98,25.33,0.00,0.00,180.00,0.00,79DAAFB4
2026-06-14T23:47:24Z,0.00,268.20,27.92,S,0.00,0.00,1010.10,85.63,1010.10,1.97,25.28,0.00,0.00,180.00,0.00,79DAAFB4
2026-06-14T23:30:05Z,0.00,268.20,27.79,S,0.00,0.00,1009.90,85.66,1009.90,1.97,25.16,0.00,0.00,180.00,0.00,79DAAFB4
2026-06-14T23:12:57Z,0.00,268.20,27.87,S,0.00,0.00,1009.80,85.21,1009.80,2.03,25.15,0.00,0.00,180.00,0.00,79DAAFB4
2026-06-14T22:55:38Z,0.00,268.20,27.78,S,0.00,0.00,1009.50,85.28,1009.50,2.02,25.08,0.00,0.00,180.00,0.00,79DAAFB4
2026-06-14T22:38:29Z,0.00,268.20,27.75,S,0.00,0.00,1009.40,84.72,1009.40,2.10,24.94,0.00,0.00,180.00,0.00,79DAAFB4
2026-06-14T22:21:20Z,0.00,268.20,27.76,S,0.00,0.00,1009.30,84.22,1009.30,2.17,24.85,0.00,0.00,180.00,0.00,79DAAFB4
2026-06-14T22:04:12Z,0.00,268.20,27.68,S,0.00,0.00,1009.20,84.47,1009.20,2.13,24.82,0.00,0.00,180.00,0.00,79DAAFB4
2026-06-14T21:46:59Z,0.00,268.20,27.72,S,0.00,0.00,1009.10,84.45,1009.10,2.14,24.85,0.00,0.00,180.00,0.00,79DAAFB4
2026-06-14T21:29:51Z,0.00,268.20,27.64,S,0.00,0.00,1009.20,84.43,1009.20,2.14,24.77,0.00,0.00,180.00,0.00,79DAAFB4
2026-06-14T21:12:32Z,0.00,268.20,27.68,S,0.00,0.00,1009.20,83.99,1009.20,2.20,24.72,0.00,0.00,180.00,0.00,79DAAFB4
2026-06-14T20:55:20Z,0.00,268.20,27.71,S,0.00,0.00,1009.10,83.89,1009.10,2.22,24.73,0.00,0.00,180.00,0.00,79DAAFB4
2026-06-14T20:38:11Z,0.00,268.20,27.76,S,0.00,0.00,1009.10,84.45,1009.10,2.14,24.89,0.00,0.00,180.00,0.00,79DAAFB4
2026-06-14T20:21:03Z,0.00,268.20,27.85,S,0.00,0.00,1009.10,84.20,1009.10,2.18,24.93,0.00,0.00,180.00,0.00,79DAAFB4
2026-06-14T20:03:54Z,0.00,268.20,27.84,S,0.00,0.00,1009.20,83.98,1009.20,2.21,24.88,0.00,0.00,180.00,0.00,79DAAFB4
2026-06-14T19:46:46Z,0.00,268.20,27.80,S,0.00,0.00,1009.20,83.97,1009.20,2.21,24.84,0.00,0.00,180.00,0.00,79DAAFB4
2026-06-14T19:29:38Z,0.00,268.20,27.88,S,0.00,0.00,1009.20,83.57,1009.20,2.27,24.84,0.00,0.00,180.00,0.00,79DAAFB4
2026-06-14T19:12:30Z,0.00,268.20,27.89,S,0.00,0.00,1009.40,82.95,1009.40,2.36,24.72,0.00,0.00,180.00,0.00,79DAAFB4
2026-06-14T18:55:11Z,0.00,268.20,28.03,S,0.00,0.00,1009.70,82.93,1009.70,2.37,24.85,0.00,0.00,180.00,0.00,79DAAFB4
2026-06-14T18:38:03Z,0.00,268.20,28.03,S,0.00,0.00,1009.80,82.87,1009.80,2.37,24.84,0.00,0.00,180.00,0.00,79DAAFB4
2026-06-14T18:20:43Z,0.00,268.20,27.97,S,0.00,0.00,1009.80,82.94,1009.80,2.36,24.80,0.00,0.00,180.00,0.00,79DAAFB4
2026-06-14T18:03:35Z,0.00,268.20,28.12,S,0.00,0.00,1009.70,82.02,1009.70,2.50,24.76,0.00,0.00,180.00,0.00,79DAAFB4
2026-06-14T17:46:34Z,0.00,268.20,28.17,S,0.00,0.00,1009.80,80.93,1009.80,2.66,24.58,0.00,0.00,180.00,0.00,79DAAFB4
2026-06-14T17:29:15Z,0.00,268.20,28.26,S,0.00,0.00,1009.80,80.53,1009.80,2.72,24.59,0.00,0.00,180.00,0.00,79DAAFB4
2026-06-14T17:11:56Z,0.00,268.20,28.37,S,0.00,0.00,1010.00,80.46,1010.00,2.74,24.68,0.00,0.00,180.00,0.00,79DAAFB4
2026-06-14T16:54:47Z,0.00,268.20,28.44,S,0.00,0.00,1009.90,79.85,1009.90,2.83,24.62,0.00,0.00,180.00,0.00,79DAAFB4
2026-06-14T16:37:38Z,0.00,268.20,28.49,S,0.00,0.00,1009.80,79.11,1009.80,2.94,24.51,0.00,0.00,180.00,0.00,79DAAFB4
2026-06-14T16:20:19Z,0.00,268.20,28.63,S,0.00,0.00,1009.70,79.64,1009.70,2.87,24.76,0.00,0.00,180.00,0.00,79DAAFB4
2026-06-14T16:03:10Z,0.00,268.20,28.67,S,0.00,0.00,1009.70,78.51,1009.70,3.04,24.56,0.00,0.00,180.00,0.00,79DAAFB4
2026-06-14T15:46:01Z,0.00,268.20,28.71,S,0.00,0.00,1009.60,79.25,1009.60,2.93,24.75,0.00,0.00,180.00,0.00,79DAAFB4
2026-06-14T15:28:53Z,0.00,268.20,28.64,S,0.00,0.00,1009.50,78.49,1009.50,3.04,24.52,0.00,0.00,180.00,0.00,79DAAFB4
2026-06-14T15:11:40Z,0.00,268.20,28.74,S,0.00,0.00,1009.70,79.22,1009.70,2.94,24.78,0.00,0.00,180.00,0.00,79DAAFB4
2026-06-14T14:54:32Z,0.00,268.20,28.76,S,0.00,0.00,1009.70,79.53,1009.70,2.89,24.86,0.00,0.00,180.00,0.00,79DAAFB4
2026-06-14T14:37:11Z,0.00,268.20,28.80,S,0.00,0.00,1009.90,78.85,1009.90,2.99,24.76,0.00,0.00,180.00,0.00,79DAAFB4
2026-06-14T14:20:02Z,0.00,268.20,28.90,S,0.00,0.00,1009.90,76.64,1009.90,3.33,24.38,0.00,0.00,180.00,0.00,79DAAFB4
2026-06-14T14:02:54Z,0.00,268.20,28.89,S,0.00,0.00,1009.80,76.50,1009.80,3.35,24.34,0.00,0.00,180.00,0.00,79DAAFB4
2026-06-14T13:45:35Z,0.00,268.20,28.94,S,0.00,0.00,1009.60,76.55,1009.60,3.34,24.40,0.00,0.00,180.00,0.00,79DAAFB4
2026-06-14T13:28:27Z,0.00,268.20,28.93,S,0.00,0.00,1009.60,76.71,1009.60,3.32,24.42,0.00,0.00,180.00,0.00,79DAAFB4
2026-06-14T13:11:19Z,0.00,268.20,28.95,S,0.00,0.00,1009.70,75.94,1009.70,3.43,24.27,0.00,0.00,180.00,0.00,79DAAFB4
2026-06-14T12:54:00Z,0.00,268.20,28.99,S,0.00,0.00,1009.90,76.27,1009.90,3.39,24.38,0.00,0.00,180.00,0.00,79DAAFB4
2026-06-14T12:36:52Z,0.00,268.20,29.05,S,0.00,0.00,1009.70,75.25,1009.70,3.54,24.22,0.00,0.00,180.00,0.00,79DAAFB4
2026-06-14T12:19:32Z,0.00,268.20,29.02,S,0.00,0.00,1009.70,74.93,1009.70,3.59,24.12,0.00,0.00,180.00,0.00,79DAAFB4
2026-06-14T12:02:13Z,0.00,268.20,29.15,S,0.00,0.00,1009.50,75.64,1009.50,3.49,24.40,0.00,0.00,180.00,0.00,79DAAFB4
2026-06-14T11:45:05Z,0.00,268.20,29.14,S,0.00,0.00,1009.40,76.01,1009.40,3.43,24.47,0.00,0.00,180.00,0.00,79DAAFB4
2026-06-14T11:28:03Z,0.00,268.20,29.10,S,0.00,0.00,1009.30,75.87,1009.30,3.45,24.40,0.00,0.00,180.00,0.00,79DAAFB4
2026-06-14T11:10:52Z,0.00,268.20,29.31,S,0.00,0.00,1009.40,75.41,1009.40,3.53,24.50,0.00,0.00,180.00,0.00,79DAAFB4
2026-06-14T10:53:44Z,0.00,268.20,29.49,S,0.00,0.00,1008.70,74.35,1008.70,3.70,24.44,0.00,0.00,180.00,0.00,79DAAFB4
2026-06-14T10:36:36Z,0.00,268.20,29.76,S,0.00,0.00,1008.20,73.18,1008.20,3.90,24.43,0.00,0.00,180.00,0.00,79DAAFB4
2026-06-14T10:19:17Z,0.00,268.20,30.01,S,0.00,0.00,1007.90,71.74,1007.90,4.13,24.34,0.00,0.00,180.00,0.00,79DAAFB4
2026-06-14T10:01:58Z,0.00,268.20,30.24,S,0.00,0.00,1007.80,70.42,1007.80,4.35,24.25,0.00,0.00,180.00,0.00,79DAAFB4
2026-06-14T09:44:49Z,0.00,268.20,30.54,S,0.00,0.00,1007.90,70.00,1007.90,4.44,24.44,0.00,0.00,180.00,0.00,79DAAFB4
2026-06-14T09:27:41Z,0.00,268.20,30.77,S,0.00,0.00,1008.00,71.61,1008.00,4.20,25.04,0.00,0.00,180.00,0.00,79DAAFB4
2026-06-14T09:10:33Z,0.00,268.20,31.04,S,0.00,0.00,1007.70,69.82,1007.70,4.50,24.87,0.00,0.00,180.00,0.00,79DAAFB4
2026-06-14T08:53:25Z,0.00,268.20,20.60,S,0.00,0.00,671.90,47.36,671.90,6.75,9.01,0.00,0.00,180.00,0.00,79DAAFB4
2026-06-14T08:36:17Z,0.00,268.20,31.13,S,0.00,0.00,1008.20,71.42,1008.20,4.26,25.34,0.00,0.00,180.00,0.00,79DAAFB4
2026-06-14T08:19:09Z,0.00,268.20,30.86,S,0.00,0.00,1008.20,73.32,1008.20,3.94,25.52,0.00,0.00,180.00,0.00,79DAAFB4
2026-06-14T08:02:01Z,0.00,268.20,31.04,S,0.00,0.00,1008.20,74.18,1008.20,3.81,25.89,0.00,0.00,180.00,0.00,79DAAFB4
2026-06-14T07:44:42Z,0.00,268.20,31.13,S,0.00,0.00,1008.30,73.42,1008.30,3.94,25.81,0.00,0.00,180.00,0.00,79DAAFB4
2026-06-14T07:27:34Z,0.00,268.20,31.53,S,0.00,0.00,1008.00,71.83,1008.00,4.22,25.82,0.00,0.00,180.00,0.00,79DAAFB4
2026-06-14T07:10:14Z,0.00,268.20,32.05,S,0.00,0.00,1007.90,65.55,1007.90,5.28,24.78,0.00,0.00,180.00,0.00,79DAAFB4
2026-06-14T06:53:13Z,0.00,268.20,31.43,S,0.00,0.00,1008.10,68.28,1008.10,4.78,24.87,0.00,0.00,180.00,0.00,79DAAFB4
2026-06-14T06:36:05Z,0.00,268.20,31.53,S,0.00,0.00,1008.30,69.67,1008.30,4.56,25.30,0.00,0.00,180.00,0.00,79DAAFB4
2026-06-14T06:18:46Z,0.00,268.20,31.92,S,0.00,0.00,1009.00,71.43,1009.00,4.30,26.10,0.00,0.00,180.00,0.00,79DAAFB4
2026-06-14T06:01:27Z,0.00,268.20,32.13,S,0.00,0.00,1008.90,69.55,1008.90,4.62,25.85,0.00,0.00,180.00,0.00,79DAAFB4
2026-06-14T05:44:19Z,0.00,268.20,31.69,S,0.00,0.00,1008.80,74.03,1008.80,3.88,26.48,0.00,0.00,180.00,0.00,79DAAFB4
2026-06-14T05:26:59Z,0.00,268.20,31.53,S,0.00,0.00,1008.60,73.84,1008.60,3.90,26.29,0.00,0.00,180.00,0.00,79DAAFB4
2026-06-14T05:09:50Z,0.00,268.20,31.93,S,0.00,0.00,1009.40,71.94,1009.40,4.22,26.23,0.00,0.00,180.00,0.00,79DAAFB4
2026-06-14T04:52:42Z,0.00,268.20,32.73,S,0.00,0.00,1009.60,69.78,1009.60,4.63,26.48,0.00,0.00,180.00,0.00,79DAAFB4
2026-06-14T04:35:34Z,0.00,268.20,32.18,S,0.00,0.00,1009.50,72.90,1009.50,4.08,26.69,0.00,0.00,180.00,0.00,79DAAFB4
2026-06-14T04:18:26Z,0.00,268.20,31.84,S,0.00,0.00,1009.80,74.48,1009.80,3.81,26.73,0.00,0.00,180.00,0.00,79DAAFB4
2026-06-14T04:01:18Z,0.00,268.20,31.45,S,0.00,0.00,1010.20,75.58,1010.20,3.62,26.60,0.00,0.00,180.00,0.00,79DAAFB4
2026-06-14T03:44:10Z,0.00,268.20,31.30,S,0.00,0.00,1010.60,75.71,1010.60,3.59,26.49,0.00,0.00,180.00,0.00,79DAAFB4
2026-06-14T03:26:58Z,0.00,268.20,30.95,S,0.00,0.00,1011.10,79.09,1011.10,3.05,26.89,0.00,0.00,180.00,0.00,79DAAFB4
2026-06-14T03:09:50Z,0.00,268.20,30.53,S,0.00,0.00,1011.20,80.35,1011.20,2.84,26.75,0.00,0.00,180.00,0.00,79DAAFB4
2026-06-14T02:52:31Z,0.00,268.20,30.28,S,0.00,0.00,1011.40,79.43,1011.40,2.97,26.32,0.00,0.00,180.00,0.00,79DAAFB4
2026-06-14T02:35:23Z,0.00,268.20,30.09,S,0.00,0.00,1011.40,81.38,1011.40,2.67,26.54,0.00,0.00,180.00,0.00,79DAAFB4
2026-06-14T02:18:03Z,0.00,268.20,29.75,S,0.00,0.00,1011.50,81.83,1011.50,2.59,26.31,0.00,0.00,180.00,0.00,79DAAFB4
2026-06-14T02:00:44Z,0.00,268.20,29.47,S,0.00,0.00,1011.30,83.33,1011.30,2.35,26.34,0.00,0.00,180.00,0.00,79DAAFB4
2026-06-14T01:43:36Z,0.00,268.20,29.15,S,0.00,0.00,1011.10,83.64,1011.10,2.30,26.09,0.00,0.00,180.00,0.00,79DAAFB4
2026-06-14T01:26:16Z,0.00,268.20,28.91,S,0.00,0.00,1010.90,83.75,1010.90,2.27,25.88,0.00,0.00,180.00,0.00,79DAAFB4
2026-06-14T01:08:40Z,0.00,268.20,28.63,S,0.00,0.00,1010.80,83.83,1010.80,2.25,25.62,0.00,0.00,180.00,0.00,79DAAFB4
2026-06-14T00:49:05Z,0.00,268.20,28.39,S,0.00,0.00,1018.45,83.91,1010.50,2.24,25.40,0.00,0.00,180.00,0.00,79DAAFB4
2026-06-14T00:31:56Z,0.00,268.20,28.34,S,0.00,0.00,1018.25,84.19,1010.30,2.19,25.41,0.00,0.00,180.00,0.00,79DAAFB4
2026-06-14T00:14:48Z,0.00,268.20,28.27,S,0.00,0.00,1018.15,84.73,1010.20,2.11,25.45,0.00,0.00,180.00,0.00,79DAAFB4
2026-06-13T23:57:40Z,0.00,268.20,28.22,S,0.00,0.00,1017.95,85.10,1010.00,2.06,25.47,0.00,0.00,180.00,0.00,79DAAFB4
2026-06-13T23:40:32Z,0.00,268.20,28.09,S,0.00,0.00,1017.85,86.05,1009.90,1.92,25.53,0.00,0.00,180.00,0.00,79DAAFB4
2026-06-13T23:23:24Z,0.00,268.20,28.06,S,0.00,0.00,1017.65,85.84,1009.70,1.95,25.46,0.00,0.00,180.00,0.00,79DAAFB4
2026-06-13T23:06:16Z,0.00,268.20,28.06,S,0.00,0.00,1017.55,86.10,1009.60,1.91,25.51,0.00,0.00,180.00,0.00,79DAAFB4
2026-06-13T22:48:57Z,0.00,268.20,27.93,S,0.00,0.00,1017.55,85.29,1009.60,2.02,25.23,0.00,0.00,180.00,0.00,79DAAFB4
2026-06-13T22:31:38Z,0.00,268.20,27.96,S,0.00,0.00,1017.35,85.64,1009.40,1.97,25.32,0.00,0.00,180.00,0.00,79DAAFB4
2026-06-13T22:14:29Z,0.00,268.20,27.97,S,0.00,0.00,1017.25,85.04,1009.30,2.06,25.22,0.00,0.00,180.00,0.00,79DAAFB4
2026-06-13T21:57:21Z,0.00,268.20,27.95,S,0.00,0.00,1017.15,85.48,1009.20,2.00,25.28,0.00,0.00,180.00,0.00,79DAAFB4
2026-06-13T21:40:13Z,0.00,268.20,27.98,S,0.00,0.00,1016.95,85.57,1009.00,1.98,25.33,0.00,0.00,180.00,0.00,79DAAFB4
2026-06-13T21:22:54Z,0.00,268.20,27.98,S,0.00,0.00,1016.75,84.69,1008.80,2.11,25.16,0.00,0.00,180.00,0.00,79DAAFB4
2026-06-13T21:05:45Z,0.00,268.20,27.97,S,0.00,0.00,1016.55,85.22,1008.60,2.03,25.25,0.00,0.00,180.00,0.00,79DAAFB4
2026-06-13T20:48:36Z,0.00,268.20,27.96,S,0.00,0.00,1016.45,85.39,1008.50,2.01,25.28,0.00,0.00,180.00,0.00,79DAAFB4
2026-06-13T20:31:17Z,0.00,268.20,27.84,S,0.00,0.00,1016.35,85.16,1008.40,2.04,25.11,0.00,0.00,180.00,0.00,79DAAFB4
2026-06-13T20:14:09Z,0.00,268.20,27.74,S,0.00,0.00,1016.45,85.37,1008.50,2.01,25.06,0.00,0.00,180.00,0.00,79DAAFB4
2026-06-13T19:57:01Z,0.00,268.20,27.64,S,0.00,0.00,1016.35,86.35,1008.40,1.86,25.15,0.00,0.00,180.00,0.00,79DAAFB4
2026-06-13T19:39:42Z,0.00,268.20,27.57,S,0.00,0.00,1016.55,86.03,1008.60,1.91,25.02,0.00,0.00,180.00,0.00,79DAAFB4
2026-06-13T19:22:23Z,0.00,268.20,27.61,S,0.00,0.00,1016.65,86.06,1008.70,1.90,25.06,0.00,0.00,180.00,0.00,79DAAFB4
2026-06-13T19:05:14Z,0.00,268.20,27.61,S,0.00,0.00,1016.65,85.96,1008.70,1.92,25.04,0.00,0.00,180.00,0.00,79DAAFB4
2026-06-13T18:48:06Z,0.00,268.20,27.65,S,0.00,0.00,1016.75,86.57,1008.80,1.83,25.20,0.00,0.00,180.00,0.00,79DAAFB4
2026-06-13T18:30:58Z,0.00,268.20,27.60,S,0.00,0.00,1016.75,86.21,1008.80,1.88,25.08,0.00,0.00,180.00,0.00,79DAAFB4
2026-06-13T18:13:50Z,0.00,268.20,18.41,S,0.00,0.00,680.55,57.89,672.60,5.09,9.98,0.00,0.00,180.00,0.00,79DAAFB4
2026-06-13T17:56:42Z,0.00,268.20,27.74,S,0.00,0.00,1017.05,85.56,1009.10,1.98,25.09,0.00,0.00,180.00,0.00,79DAAFB4
2026-06-13T17:39:34Z,0.00,268.20,27.63,S,0.00,0.00,1017.25,84.80,1009.30,2.09,24.84,0.00,0.00,180.00,0.00,79DAAFB4
2026-06-13T17:22:26Z,0.00,268.20,27.74,S,0.00,0.00,1017.55,84.95,1009.60,2.07,24.97,0.00,0.00,180.00,0.00,79DAAFB4
2026-06-13T17:05:18Z,0.00,268.20,27.83,S,0.00,0.00,1017.65,84.83,1009.70,2.09,25.04,0.00,0.00,180.00,0.00,79DAAFB4
2026-06-13T16:48:10Z,0.00,268.20,27.96,S,0.00,0.00,1017.95,84.50,1010.00,2.14,25.10,0.00,0.00,180.00,0.00,79DAAFB4
2026-06-13T16:31:00Z,0.00,268.20,27.95,S,0.00,0.00,1018.35,84.94,1010.40,2.07,25.18,0.00,0.00,180.00,0.00,79DAAFB4
2026-06-13T16:13:41Z,0.00,268.20,27.93,S,0.00,0.00,1018.65,84.92,1010.70,2.08,25.15,0.00,0.00,180.00,0.00,79DAAFB4
2026-06-13T15:56:22Z,0.00,268.20,27.90,S,0.00,0.00,1018.95,84.24,1011.00,2.17,24.99,0.00,0.00,180.00,0.00,79DAAFB4
2026-06-13T15:39:14Z,0.00,268.20,27.86,S,0.00,0.00,1019.35,83.94,1011.40,2.22,24.89,0.00,0.00,180.00,0.00,79DAAFB4
2026-06-13T15:22:05Z,0.00,268.20,27.81,S,0.00,0.00,1019.55,82.25,1011.60,2.46,24.50,0.00,0.00,180.00,0.00,79DAAFB4
2026-06-13T15:04:57Z,0.00,268.20,27.85,S,0.00,0.00,1019.65,81.29,1011.70,2.60,24.34,0.00,0.00,180.00,0.00,79DAAFB4
2026-06-13T14:47:49Z,0.00,268.20,18.57,S,0.00,0.00,682.15,54.16,674.20,5.57,9.13,0.00,0.00,180.00,0.00,79DAAFB4
2026-06-13T14:30:41Z,0.00,268.20,27.89,S,0.00,0.00,1019.25,81.84,1011.30,2.52,24.50,0.00,0.00,180.00,0.00,79DAAFB4
2026-06-13T14:13:33Z,0.00,268.20,27.71,S,0.00,0.00,1018.95,83.69,1011.00,2.25,24.69,0.00,0.00,180.00,0.00,79DAAFB4
2026-06-13T13:56:22Z,0.00,268.20,27.65,S,0.00,0.00,1019.15,87.15,1011.20,1.75,25.31,0.00,0.00,180.00,0.00,79DAAFB4
2026-06-13T13:39:14Z,0.00,268.20,27.56,S,0.00,0.00,1019.05,89.63,1011.10,1.40,25.70,0.00,0.00,180.00,0.00,79DAAFB4
2026-06-13T13:22:06Z,0.00,268.20,27.65,S,0.00,0.00,1018.15,86.96,1010.20,1.78,25.28,0.00,0.00,180.00,0.00,79DAAFB4
2026-06-13T13:04:58Z,0.00,268.20,28.25,S,0.00,0.00,1017.55,81.26,1009.60,2.62,24.73,0.00,0.00,180.00,0.00,79DAAFB4
2026-06-13T12:47:50Z,0.00,268.20,28.89,S,0.00,0.00,1017.75,77.35,1009.80,3.22,24.52,0.00,0.00,180.00,0.00,79DAAFB4
2026-06-13T12:30:31Z,0.00,268.20,30.46,S,0.00,0.00,1016.95,75.29,1009.00,3.61,25.59,0.00,0.00,180.00,0.00,79DAAFB4
2026-06-13T12:13:12Z,0.00,268.20,30.59,S,0.00,0.00,1016.95,73.44,1009.00,3.90,25.29,0.00,0.00,180.00,0.00,79DAAFB4
2026-06-13T11:56:03Z,0.00,268.20,30.54,S,0.00,0.00,1017.05,72.56,1009.10,4.04,25.04,0.00,0.00,180.00,0.00,79DAAFB4
2026-06-13T11:38:55Z,0.00,268.20,30.55,S,0.00,0.00,1016.55,71.67,1008.60,4.18,24.84,0.00,0.00,180.00,0.00,79DAAFB4
2026-06-13T11:21:47Z,0.00,268.20,30.52,S,0.00,0.00,1016.15,70.07,1008.20,4.43,24.44,0.00,0.00,180.00,0.00,79DAAFB4
2026-06-13T11:04:28Z,0.00,268.20,30.51,S,0.00,0.00,1016.35,72.60,1008.40,4.03,25.02,0.00,0.00,180.00,0.00,79DAAFB4
2026-06-13T10:47:19Z,0.00,268.20,30.66,S,0.00,0.00,1016.05,72.86,1008.10,4.00,25.22,0.00,0.00,180.00,0.00,79DAAFB4
2026-06-13T10:29:58Z,0.00,268.20,30.97,S,0.00,0.00,1015.45,69.24,1007.50,4.59,24.67,0.00,0.00,180.00,0.00,79DAAFB4
2026-06-13T10:10:24Z,0.00,268.20,31.70,S,0.00,0.00,1015.45,66.63,1007.50,5.07,24.72,0.00,0.00,180.00,0.00,79DAAFB4
2026-06-13T09:50:39Z,0.00,268.20,33.53,S,0.00,0.00,1015.25,65.47,1007.30,5.41,26.16,0.00,0.00,180.00,0.00,79DAAFB4
2026-06-13T09:30:54Z,0.00,268.20,34.85,S,0.00,0.00,1014.65,59.37,1006.70,6.61,25.74,0.00,0.00,180.00,0.00,79DAAFB4
2026-06-13T09:11:21Z,0.00,268.20,34.52,S,0.00,0.00,1014.45,59.84,1006.50,6.49,25.57,0.00,0.00,180.00,0.00,79DAAFB4
2026-06-13T08:51:36Z,0.00,268.20,34.18,S,0.00,0.00,1014.45,61.85,1006.50,6.10,25.81,0.00,0.00,180.00,0.00,79DAAFB4
2026-06-13T08:31:50Z,0.00,268.20,33.90,S,0.00,0.00,1014.65,60.95,1006.70,6.23,25.30,0.00,0.00,180.00,0.00,79DAAFB4
2026-06-13T08:14:42Z,0.00,268.20,33.92,S,0.00,0.00,1014.75,59.99,1006.80,6.40,25.05,0.00,0.00,180.00,0.00,79DAAFB4
2026-06-13T07:57:34Z,0.00,268.20,22.08,S,0.00,0.00,679.25,41.86,671.30,7.79,8.53,0.00,0.00,180.00,0.00,79DAAFB4
2026-06-13T07:40:26Z,0.00,268.20,32.38,S,0.00,0.00,1015.45,67.59,1007.50,4.96,25.60,0.00,0.00,180.00,0.00,79DAAFB4
2026-06-13T07:23:18Z,0.00,268.20,32.22,S,0.00,0.00,1016.05,62.77,1008.10,5.76,24.21,0.00,0.00,180.00,0.00,79DAAFB4
2026-06-13T07:06:10Z,0.00,268.20,32.87,S,0.00,0.00,1016.25,65.12,1008.30,5.42,25.44,0.00,0.00,180.00,0.00,79DAAFB4
2026-06-13T06:48:51Z,0.00,268.20,33.13,S,0.00,0.00,1016.35,65.00,1008.40,5.46,25.66,0.00,0.00,180.00,0.00,79DAAFB4
2026-06-13T06:31:43Z,0.00,268.20,33.13,S,0.00,0.00,1016.55,65.85,1008.60,5.31,25.87,0.00,0.00,180.00,0.00,79DAAFB4
2026-06-13T06:14:23Z,0.00,268.20,33.26,S,0.00,0.00,1016.95,64.39,1009.00,5.57,25.62,0.00,0.00,180.00,0.00,79DAAFB4
2026-06-13T05:57:04Z,0.00,268.20,33.38,S,0.00,0.00,1017.25,64.68,1009.30,5.53,25.81,0.00,0.00,180.00,0.00,79DAAFB4
2026-06-13T05:39:56Z,0.00,268.20,32.99,S,0.00,0.00,1017.45,66.41,1009.50,5.21,25.88,0.00,0.00,180.00,0.00,79DAAFB4
2026-06-13T05:22:47Z,0.00,268.20,32.79,S,0.00,0.00,1017.85,65.87,1009.90,5.28,25.56,0.00,0.00,180.00,0.00,79DAAFB4
2026-06-13T05:05:39Z,0.00,268.20,32.78,S,0.00,0.00,1018.05,67.37,1010.10,5.03,25.93,0.00,0.00,180.00,0.00,79DAAFB4
2026-06-13T04:48:30Z,0.00,268.20,32.38,S,0.00,0.00,1018.35,68.65,1010.40,4.79,25.87,0.00,0.00,180.00,0.00,79DAAFB4
2026-06-13T04:31:22Z,0.00,268.20,31.90,S,0.00,0.00,1018.75,70.14,1010.80,4.51,25.77,0.00,0.00,180.00,0.00,79DAAFB4
2026-06-13T04:14:14Z,0.00,268.20,31.66,S,0.00,0.00,1018.85,69.80,1010.90,4.55,25.46,0.00,0.00,180.00,0.00,79DAAFB4
2026-06-13T03:57:06Z,0.00,268.20,31.59,S,0.00,0.00,1019.05,70.45,1011.10,4.44,25.55,0.00,0.00,180.00,0.00,79DAAFB4
2026-06-13T03:39:46Z,0.00,268.20,31.44,S,0.00,0.00,1019.25,69.28,1011.30,4.62,25.12,0.00,0.00,180.00,0.00,79DAAFB4
2026-06-13T03:22:38Z,0.00,268.20,31.01,S,0.00,0.00,1019.45,69.88,1011.50,4.49,24.86,0.00,0.00,180.00,0.00,79DAAFB4
2026-06-13T03:05:19Z,0.00,268.20,30.49,S,0.00,0.00,1019.65,73.93,1011.70,3.82,25.31,0.00,0.00,180.00,0.00,79DAAFB4
2026-06-13T02:48:00Z,0.00,268.20,30.20,S,0.00,0.00,1019.75,74.89,1011.80,3.66,25.24,0.00,0.00,180.00,0.00,79DAAFB4
2026-06-13T02:30:52Z,0.00,268.20,29.86,S,0.00,0.00,1019.95,77.03,1012.00,3.31,25.39,0.00,0.00,180.00,0.00,79DAAFB4
2026-06-13T02:13:32Z,0.00,268.20,29.58,S,0.00,0.00,1020.25,78.57,1012.30,3.07,25.45,0.00,0.00,180.00,0.00,79DAAFB4
2026-06-13T01:56:23Z,0.00,268.20,29.40,S,0.00,0.00,1020.35,79.63,1012.40,2.90,25.50,0.00,0.00,180.00,0.00,79DAAFB4
2026-06-13T01:39:15Z,0.00,268.20,29.26,S,0.00,0.00,1020.45,79.88,1012.50,2.86,25.42,0.00,0.00,180.00,0.00,79DAAFB4
2026-06-13T01:22:07Z,0.00,268.20,29.15,S,0.00,0.00,1020.55,81.77,1012.60,2.57,25.71,0.00,0.00,180.00,0.00,79DAAFB4
2026-06-13T01:04:59Z,0.00,268.20,28.96,S,0.00,0.00,1020.65,82.26,1012.70,2.49,25.62,0.00,0.00,180.00,0.00,79DAAFB4
2026-06-13T00:47:51Z,0.00,268.20,28.69,S,0.00,0.00,1020.65,82.81,1012.70,2.41,25.47,0.00,0.00,180.00,0.00,79DAAFB4
2026-06-13T00:30:43Z,0.00,268.20,28.47,S,0.00,0.00,1020.45,84.67,1012.50,2.13,25.63,0.00,0.00,180.00,0.00,79DAAFB4
2026-06-13T00:13:24Z,0.00,268.20,28.31,S,0.00,0.00,1020.25,86.63,1012.30,1.84,25.86,0.00,0.00,180.00,0.00,79DAAFB4
2026-06-12T23:56:05Z,0.00,268.20,28.21,S,0.00,0.00,1020.05,86.73,1012.10,1.82,25.78,0.00,0.00,180.00,0.00,79DAAFB4
2026-06-12T23:38:57Z,0.00,268.20,28.14,S,0.00,0.00,1020.05,86.88,1012.10,1.80,25.74,0.00,0.00,180.00,0.00,79DAAFB4
2026-06-12T23:21:37Z,0.00,268.20,28.13,S,0.00,0.00,1019.75,87.06,1011.80,1.77,25.77,0.00,0.00,180.00,0.00,79DAAFB4
2026-06-12T23:04:28Z,0.00,268.20,28.13,S,0.00,0.00,1019.75,87.38,1011.80,1.73,25.83,0.00,0.00,180.00,0.00,79DAAFB4
2026-06-12T22:47:20Z,0.00,268.20,28.15,S,0.00,0.00,1019.75,87.70,1011.80,1.68,25.91,0.00,0.00,180.00,0.00,79DAAFB4
2026-06-12T22:30:12Z,0.00,268.20,28.13,S,0.00,0.00,1019.75,87.97,1011.80,1.64,25.94,0.00,0.00,180.00,0.00,79DAAFB4
2026-06-12T22:13:04Z,0.00,268.20,28.12,S,0.00,0.00,1019.55,87.48,1011.60,1.71,25.84,0.00,0.00,180.00,0.00,79DAAFB4
2026-06-12T21:54:47Z,0.00,268.20,28.19,S,0.00,0.00,1011.50,87.29,1011.50,1.74,25.87,0.00,0.00,180.00,0.00,79DAAFB4
2026-06-12T21:37:28Z,0.00,268.20,28.18,S,0.00,0.00,1011.40,87.19,1011.40,1.76,25.84,0.00,0.00,180.00,0.00,79DAAFB4
2026-06-12T21:20:09Z,0.00,268.20,28.19,S,0.00,0.00,1011.50,87.16,1011.50,1.76,25.85,0.00,0.00,180.00,0.00,79DAAFB4
2026-06-12T21:03:01Z,0.00,268.20,28.24,S,0.00,0.00,1011.40,87.08,1011.40,1.77,25.88,0.00,0.00,180.00,0.00,79DAAFB4
2026-06-12T20:45:41Z,0.00,268.20,28.23,S,0.00,0.00,1011.30,86.73,1011.30,1.82,25.80,0.00,0.00,180.00,0.00,79DAAFB4
2026-06-12T20:28:32Z,0.00,268.20,28.29,S,0.00,0.00,1011.40,86.12,1011.40,1.91,25.74,0.00,0.00,180.00,0.00,79DAAFB4
2026-06-12T20:11:24Z,0.00,268.20,28.39,S,0.00,0.00,1011.30,85.67,1011.30,1.98,25.75,0.00,0.00,180.00,0.00,79DAAFB4
2026-06-12T19:54:16Z,0.00,268.20,28.40,S,0.00,0.00,1011.40,84.91,1011.40,2.09,25.61,0.00,0.00,180.00,0.00,79DAAFB4
2026-06-12T19:37:08Z,0.00,268.20,28.50,S,0.00,0.00,1011.60,84.69,1011.60,2.13,25.67,0.00,0.00,180.00,0.00,79DAAFB4
2026-06-12T19:20:00Z,0.00,268.20,28.48,S,0.00,0.00,1011.60,84.97,1011.60,2.08,25.70,0.00,0.00,180.00,0.00,79DAAFB4
2026-06-12T19:02:52Z,0.00,268.20,28.48,S,0.00,0.00,1011.60,84.64,1011.60,2.13,25.64,0.00,0.00,180.00,0.00,79DAAFB4
2026-06-12T18:45:33Z,0.00,268.20,28.49,S,0.00,0.00,1011.70,84.14,1011.70,2.20,25.55,0.00,0.00,180.00,0.00,79DAAFB4
2026-06-12T18:28:14Z,0.00,268.20,28.51,S,0.00,0.00,1011.80,83.48,1011.80,2.30,25.43,0.00,0.00,180.00,0.00,79DAAFB4
2026-06-12T18:11:05Z,0.00,268.20,28.52,S,0.00,0.00,1011.90,82.96,1011.90,2.38,25.34,0.00,0.00,180.00,0.00,79DAAFB4
2026-06-12T17:53:56Z,0.00,268.20,28.51,S,0.00,0.00,1012.20,82.57,1012.20,2.43,25.25,0.00,0.00,180.00,0.00,79DAAFB4
2026-06-12T17:36:48Z,0.00,268.20,28.53,S,0.00,0.00,1012.40,82.63,1012.40,2.43,25.28,0.00,0.00,180.00,0.00,79DAAFB4
2026-06-12T17:19:40Z,0.00,268.20,28.51,S,0.00,0.00,1012.60,82.25,1012.60,2.48,25.18,0.00,0.00,180.00,0.00,79DAAFB4
2026-06-12T17:02:21Z,0.00,268.20,28.56,S,0.00,0.00,1012.90,81.54,1012.90,2.59,25.09,0.00,0.00,180.00,0.00,79DAAFB4
2026-06-12T16:45:12Z,0.00,268.20,28.53,S,0.00,0.00,1013.00,80.78,1013.00,2.70,24.90,0.00,0.00,180.00,0.00,79DAAFB4
2026-06-12T16:28:04Z,0.00,268.20,28.47,S,0.00,0.00,1012.90,80.83,1012.90,2.69,24.85,0.00,0.00,180.00,0.00,79DAAFB4
2026-06-12T16:10:56Z,0.00,268.20,28.54,S,0.00,0.00,1012.90,80.56,1012.90,2.73,24.86,0.00,0.00,180.00,0.00,79DAAFB4
2026-06-12T15:53:48Z,0.00,268.20,28.47,S,0.00,0.00,1013.10,80.34,1013.10,2.76,24.75,0.00,0.00,180.00,0.00,79DAAFB4
2026-06-12T15:36:40Z,0.00,268.20,28.51,S,0.00,0.00,1013.10,80.23,1013.10,2.78,24.77,0.00,0.00,180.00,0.00,79DAAFB4
2026-06-12T15:19:32Z,0.00,268.20,28.50,S,0.00,0.00,1012.80,81.59,1012.80,2.58,25.04,0.00,0.00,180.00,0.00,79DAAFB4
2026-06-12T15:02:13Z,0.00,268.20,28.47,S,0.00,0.00,1012.60,82.19,1012.60,2.49,25.13,0.00,0.00,180.00,0.00,79DAAFB4
2026-06-12T14:45:04Z,0.00,268.20,28.45,S,0.00,0.00,1012.40,82.36,1012.40,2.46,25.15,0.00,0.00,180.00,0.00,79DAAFB4
2026-06-12T14:27:56Z,0.00,268.20,28.54,S,0.00,0.00,1012.40,83.55,1012.40,2.29,25.48,0.00,0.00,180.00,0.00,79DAAFB4
2026-06-12T14:10:48Z,0.00,268.20,28.59,S,0.00,0.00,1012.10,81.49,1012.10,2.60,25.11,0.00,0.00,180.00,0.00,79DAAFB4
2026-06-12T13:53:29Z,0.00,268.20,28.70,S,0.00,0.00,1012.00,81.94,1012.00,2.53,25.30,0.00,0.00,180.00,0.00,79DAAFB4
2026-06-12T13:36:20Z,0.00,268.20,29.12,S,0.00,0.00,1012.10,82.11,1012.10,2.52,25.75,0.00,0.00,180.00,0.00,79DAAFB4
2026-06-12T13:19:11Z,0.00,268.20,29.70,S,0.00,0.00,1012.50,81.74,1012.50,2.60,26.24,0.00,0.00,180.00,0.00,79DAAFB4
2026-06-12T13:01:52Z,0.00,268.20,29.97,S,0.00,0.00,1012.40,74.57,1012.40,3.69,24.95,0.00,0.00,180.00,0.00,79DAAFB4
2026-06-12T12:44:44Z,0.00,268.20,30.14,S,0.00,0.00,1012.00,73.28,1012.00,3.90,24.82,0.00,0.00,180.00,0.00,79DAAFB4
2026-06-12T12:27:36Z,0.00,268.20,30.31,S,0.00,0.00,1011.60,73.43,1011.60,3.89,25.02,0.00,0.00,180.00,0.00,79DAAFB4
2026-06-12T12:10:17Z,0.00,268.20,30.44,S,0.00,0.00,1011.30,80.26,1011.30,2.85,26.65,0.00,0.00,180.00,0.00,79DAAFB4
2026-06-12T11:52:58Z,0.00,268.20,30.62,S,0.00,0.00,1010.80,79.82,1010.80,2.92,26.73,0.00,0.00,180.00,0.00,79DAAFB4
2026-06-12T11:35:49Z,0.00,268.20,30.84,S,0.00,0.00,1010.80,79.93,1010.80,2.91,26.97,0.00,0.00,180.00,0.00,79DAAFB4
2026-06-12T11:18:41Z,0.00,268.20,31.14,S,0.00,0.00,1010.60,78.28,1010.60,3.18,26.90,0.00,0.00,180.00,0.00,79DAAFB4
2026-06-12T11:01:33Z,0.00,268.20,31.52,S,0.00,0.00,1010.30,75.44,1010.30,3.64,26.64,0.00,0.00,180.00,0.00,79DAAFB4
2026-06-12T10:44:14Z,0.00,268.20,31.65,S,0.00,0.00,1010.30,69.40,1010.30,4.61,25.35,0.00,0.00,180.00,0.00,79DAAFB4
2026-06-12T10:27:05Z,0.00,268.20,31.84,S,0.00,0.00,1010.00,68.50,1010.00,4.77,25.31,0.00,0.00,180.00,0.00,79DAAFB4
2026-06-12T10:09:56Z,0.00,268.20,32.11,S,0.00,0.00,1009.80,67.76,1009.80,4.92,25.39,0.00,0.00,180.00,0.00,79DAAFB4
2026-06-12T09:52:37Z,0.00,268.20,32.29,S,0.00,0.00,1009.60,66.03,1009.60,5.22,25.12,0.00,0.00,180.00,0.00,79DAAFB4
2026-06-12T09:35:28Z,0.00,268.20,32.58,S,0.00,0.00,1009.50,64.35,1009.50,5.52,24.97,0.00,0.00,180.00,0.00,79DAAFB4
2026-06-12T09:18:09Z,0.00,268.20,32.80,S,0.00,0.00,1009.30,63.73,1009.30,5.65,25.01,0.00,0.00,180.00,0.00,79DAAFB4
2026-06-12T09:01:00Z,0.00,268.20,33.15,S,0.00,0.00,1009.10,62.82,1009.10,5.83,25.10,0.00,0.00,180.00,0.00,79DAAFB4
2026-06-12T08:43:41Z,0.00,268.20,33.58,S,0.00,0.00,1009.30,62.18,1009.30,5.98,25.33,0.00,0.00,180.00,0.00,79DAAFB4
2026-06-12T08:26:22Z,0.00,268.20,33.77,S,0.00,0.00,1009.40,63.42,1009.40,5.79,25.84,0.00,0.00,180.00,0.00,79DAAFB4
2026-06-12T08:09:14Z,0.00,268.20,33.48,S,0.00,0.00,1009.60,63.86,1009.60,5.68,25.69,0.00,0.00,180.00,0.00,79DAAFB4
2026-06-12T07:51:54Z,0.00,268.20,32.75,S,0.00,0.00,1009.60,65.20,1009.60,5.39,25.35,0.00,0.00,180.00,0.00,79DAAFB4
2026-06-12T07:34:45Z,0.00,268.20,32.39,S,0.00,0.00,1010.00,66.73,1010.00,5.11,25.40,0.00,0.00,180.00,0.00,79DAAFB4
2026-06-12T07:17:37Z,0.00,268.20,32.69,S,0.00,0.00,1010.20,65.95,1010.20,5.26,25.48,0.00,0.00,180.00,0.00,79DAAFB4
2026-06-12T07:00:29Z,0.00,268.20,32.73,S,0.00,0.00,1010.50,66.38,1010.50,5.19,25.63,0.00,0.00,180.00,0.00,79DAAFB4
2026-06-12T06:43:21Z,0.00,268.20,32.52,S,0.00,0.00,1010.90,69.41,1010.90,4.67,26.19,0.00,0.00,180.00,0.00,79DAAFB4
2026-06-12T06:26:13Z,0.00,268.20,31.95,S,0.00,0.00,1011.20,71.29,1011.20,4.33,26.09,0.00,0.00,180.00,0.00,79DAAFB4
2026-06-12T06:09:05Z,0.00,268.20,31.44,S,0.00,0.00,1011.70,71.89,1011.70,4.20,25.75,0.00,0.00,180.00,0.00,79DAAFB4
2026-06-12T05:51:46Z,0.00,268.20,31.66,S,0.00,0.00,1012.10,71.80,1012.10,4.23,25.94,0.00,0.00,180.00,0.00,79DAAFB4
2026-06-12T05:34:27Z,0.00,268.20,31.49,S,0.00,0.00,1012.40,72.06,1012.40,4.18,25.83,0.00,0.00,180.00,0.00,79DAAFB4
2026-06-12T05:17:19Z,0.00,268.20,31.54,S,0.00,0.00,1012.80,72.20,1012.80,4.16,25.92,0.00,0.00,180.00,0.00,79DAAFB4
2026-06-12T05:00:10Z,0.00,268.20,31.44,S,0.00,0.00,1013.10,72.19,1013.10,4.15,25.82,0.00,0.00,180.00,0.00,79DAAFB4
2026-06-12T04:43:02Z,0.00,268.20,31.02,S,0.00,0.00,1013.50,75.41,1013.50,3.62,26.15,0.00,0.00,180.00,0.00,79DAAFB4
2026-06-12T04:25:53Z,0.00,268.20,30.73,S,0.00,0.00,1013.80,76.37,1013.80,3.46,26.09,0.00,0.00,180.00,0.00,79DAAFB4
2026-06-12T04:08:45Z,0.00,268.20,30.81,S,0.00,0.00,1013.90,76.72,1013.90,3.41,26.24,0.00,0.00,180.00,0.00,79DAAFB4
2026-06-12T03:51:37Z,0.00,268.20,30.47,S,0.00,0.00,1014.00,77.37,1014.00,3.29,26.06,0.00,0.00,180.00,0.00,79DAAFB4
2026-06-12T03:34:29Z,0.00,268.20,30.17,S,0.00,0.00,1014.10,78.66,1014.10,3.08,26.04,0.00,0.00,180.00,0.00,79DAAFB4
2026-06-12T03:17:09Z,0.00,268.20,29.90,S,0.00,0.00,1014.30,78.41,1014.30,3.11,25.73,0.00,0.00,180.00,0.00,79DAAFB4
2026-06-12T03:00:01Z,0.00,268.20,29.68,S,0.00,0.00,1014.30,79.47,1014.30,2.94,25.74,0.00,0.00,180.00,0.00,79DAAFB4
2026-06-12T02:42:53Z,0.00,268.20,29.40,S,0.00,0.00,1014.20,79.52,1014.20,2.92,25.48,0.00,0.00,180.00,0.00,79DAAFB4
2026-06-12T02:25:34Z,0.00,268.20,29.01,S,0.00,0.00,1014.10,80.64,1014.10,2.74,25.34,0.00,0.00,180.00,0.00,79DAAFB4
2026-06-12T02:08:25Z,0.00,268.20,29.01,S,0.00,0.00,1014.30,81.84,1014.30,2.56,25.59,0.00,0.00,180.00,0.00,79DAAFB4
2026-06-12T01:51:17Z,0.00,268.20,28.83,S,0.00,0.00,1014.30,82.07,1014.30,2.52,25.46,0.00,0.00,180.00,0.00,79DAAFB4
2026-06-12T01:34:09Z,0.00,268.20,28.52,S,0.00,0.00,1014.20,82.68,1014.20,2.42,25.28,0.00,0.00,180.00,0.00,79DAAFB4
2026-06-12T01:16:50Z,0.00,268.20,28.35,S,0.00,0.00,1014.00,82.75,1014.00,2.40,25.13,0.00,0.00,180.00,0.00,79DAAFB4
2026-06-12T00:59:41Z,0.00,268.20,28.20,S,0.00,0.00,1014.00,84.43,1014.00,2.15,25.32,0.00,0.00,180.00,0.00,79DAAFB4
2026-06-12T00:42:32Z,0.00,268.20,27.99,S,0.00,0.00,1014.00,84.00,1014.00,2.21,25.03,0.00,0.00,180.00,0.00,79DAAFB4
2026-06-12T00:25:13Z,0.00,268.20,27.90,S,0.00,0.00,1013.80,84.05,1013.80,2.20,24.95,0.00,0.00,180.00,0.00,79DAAFB4
2026-06-12T00:08:05Z,0.00,268.20,27.74,S,0.00,0.00,1013.70,85.90,1013.70,1.93,25.16,0.00,0.00,180.00,0.00,79DAAFB4
2026-06-11T23:50:57Z,0.00,268.20,27.61,S,0.00,0.00,1013.50,86.69,1013.50,1.81,25.19,0.00,0.00,180.00,0.00,79DAAFB4
2026-06-11T23:33:38Z,0.00,268.20,27.46,S,0.00,0.00,1013.30,87.04,1013.30,1.76,25.11,0.00,0.00,180.00,0.00,79DAAFB4
2026-06-11T23:16:19Z,0.00,268.20,27.30,S,0.00,0.00,1013.10,87.19,1013.10,1.74,24.98,0.00,0.00,180.00,0.00,79DAAFB4
2026-06-11T22:59:11Z,0.00,268.20,27.25,S,0.00,0.00,1012.90,87.59,1012.90,1.68,25.01,0.00,0.00,180.00,0.00,79DAAFB4
2026-06-11T22:41:51Z,0.00,268.20,27.18,S,0.00,0.00,1012.60,87.67,1012.60,1.67,24.95,0.00,0.00,180.00,0.00,79DAAFB4
2026-06-11T22:24:42Z,0.00,268.20,27.21,S,0.00,0.00,1012.30,87.44,1012.30,1.70,24.94,0.00,0.00,180.00,0.00,79DAAFB4
2026-06-11T22:07:34Z,0.00,268.20,27.24,S,0.00,0.00,1012.20,87.15,1012.20,1.74,24.91,0.00,0.00,180.00,0.00,79DAAFB4
2026-06-11T21:50:26Z,0.00,268.20,27.20,S,0.00,0.00,1012.10,87.49,1012.10,1.69,24.94,0.00,0.00,180.00,0.00,79DAAFB4
2026-06-11T21:33:18Z,0.00,268.20,27.21,S,0.00,0.00,1012.00,87.61,1012.00,1.68,24.97,0.00,0.00,180.00,0.00,79DAAFB4
2026-06-11T21:16:10Z,0.00,268.20,27.14,S,0.00,0.00,1011.90,88.39,1011.90,1.56,25.05,0.00,0.00,180.00,0.00,79DAAFB4
2026-06-11T20:59:02Z,0.00,268.20,27.14,S,0.00,0.00,1011.80,88.65,1011.80,1.53,25.10,0.00,0.00,180.00,0.00,79DAAFB4
2026-06-11T20:41:54Z,0.00,268.20,27.10,S,0.00,0.00,1011.70,88.76,1011.70,1.51,25.08,0.00,0.00,180.00,0.00,79DAAFB4
2026-06-11T20:24:35Z,0.00,268.20,27.15,S,0.00,0.00,1011.50,88.94,1011.50,1.49,25.16,0.00,0.00,180.00,0.00,79DAAFB4
2026-06-11T20:07:26Z,0.00,268.20,27.26,S,0.00,0.00,1011.60,88.98,1011.60,1.48,25.28,0.00,0.00,180.00,0.00,79DAAFB4
2026-06-11T19:50:18Z,0.00,268.20,27.16,S,0.00,0.00,1011.70,88.23,1011.70,1.59,25.04,0.00,0.00,180.00,0.00,79DAAFB4
2026-06-11T19:33:10Z,0.00,268.20,27.15,S,0.00,0.00,1011.80,87.35,1011.80,1.71,24.86,0.00,0.00,180.00,0.00,79DAAFB4
2026-06-11T19:16:01Z,0.00,268.20,27.20,S,0.00,0.00,1011.80,87.38,1011.80,1.71,24.92,0.00,0.00,180.00,0.00,79DAAFB4
2026-06-11T18:57:13Z,0.00,268.20,27.18,S,0.00,0.00,1011.90,87.28,1011.90,1.72,24.88,0.00,0.00,180.00,0.00,79DAAFB4
2026-06-11T18:40:05Z,0.00,268.20,27.18,S,0.00,0.00,1012.10,86.60,1012.10,1.82,24.75,0.00,0.00,180.00,0.00,79DAAFB4
2026-06-11T18:22:46Z,0.00,268.20,27.12,S,0.00,0.00,1012.30,86.40,1012.30,1.84,24.65,0.00,0.00,180.00,0.00,79DAAFB4
2026-06-11T18:05:38Z,0.00,268.20,27.15,S,0.00,0.00,1012.70,86.83,1012.70,1.78,24.76,0.00,0.00,180.00,0.00,79DAAFB4
2026-06-11T17:48:18Z,0.00,268.20,27.13,S,0.00,0.00,1013.00,86.31,1013.00,1.86,24.64,0.00,0.00,180.00,0.00,79DAAFB4
2026-06-11T17:30:59Z,0.00,268.20,27.14,S,0.00,0.00,1013.30,86.73,1013.30,1.80,24.73,0.00,0.00,180.00,0.00,79DAAFB4
2026-06-11T17:13:51Z,0.00,268.20,27.12,S,0.00,0.00,1013.60,86.90,1013.60,1.77,24.75,0.00,0.00,180.00,0.00,79DAAFB4
2026-06-11T16:56:31Z,0.00,268.20,27.13,S,0.00,0.00,1014.00,87.02,1014.00,1.76,24.78,0.00,0.00,180.00,0.00,79DAAFB4
2026-06-11T16:39:11Z,0.00,268.20,27.11,S,0.00,0.00,1014.40,86.53,1014.40,1.83,24.66,0.00,0.00,180.00,0.00,79DAAFB4
2026-06-11T16:22:02Z,0.00,268.20,27.14,S,0.00,0.00,1014.90,87.15,1014.90,1.74,24.81,0.00,0.00,180.00,0.00,79DAAFB4
2026-06-11T16:04:54Z,0.00,268.20,27.17,S,0.00,0.00,1015.10,86.40,1015.10,1.85,24.70,0.00,0.00,180.00,0.00,79DAAFB4
2026-06-11T15:47:46Z,0.00,268.20,27.21,S,0.00,0.00,1015.30,87.62,1015.30,1.67,24.97,0.00,0.00,180.00,0.00,79DAAFB4
2026-06-11T15:30:38Z,0.00,268.20,27.10,S,0.00,0.00,1015.20,88.02,1015.20,1.62,24.94,0.00,0.00,180.00,0.00,79DAAFB4
2026-06-11T15:13:30Z,0.00,268.20,26.93,S,0.00,0.00,1015.00,87.76,1015.00,1.65,24.72,0.00,0.00,180.00,0.00,79DAAFB4
2026-06-11T14:56:22Z,0.00,268.20,26.85,S,0.00,0.00,1015.00,88.36,1015.00,1.56,24.76,0.00,0.00,180.00,0.00,79DAAFB4
2026-06-11T14:39:14Z,0.00,268.20,26.81,S,0.00,0.00,1014.90,88.22,1014.90,1.58,24.69,0.00,0.00,180.00,0.00,79DAAFB4
2026-06-11T14:21:55Z,0.00,268.20,26.68,S,0.00,0.00,1014.80,89.36,1014.80,1.42,24.78,0.00,0.00,180.00,0.00,79DAAFB4
2026-06-11T14:04:46Z,0.00,268.20,26.51,S,0.00,0.00,1014.40,89.03,1014.40,1.46,24.55,0.00,0.00,180.00,0.00,79DAAFB4
2026-06-11T13:47:38Z,0.00,268.20,26.40,S,0.00,0.00,1013.90,88.66,1013.90,1.51,24.37,0.00,0.00,180.00,0.00,79DAAFB4
2026-06-11T13:30:30Z,0.00,268.20,26.27,S,0.00,0.00,1013.60,90.22,1013.60,1.29,24.54,0.00,0.00,180.00,0.00,79DAAFB4
2026-06-11T13:13:11Z,0.00,268.20,26.00,S,0.00,0.00,1012.80,89.29,1012.80,1.42,24.10,0.00,0.00,180.00,0.00,79DAAFB4
2026-06-11T12:56:02Z,0.00,268.20,25.69,S,0.00,0.00,1012.80,88.16,1012.80,1.57,23.58,0.00,0.00,180.00,0.00,79DAAFB4
2026-06-11T12:38:53Z,0.00,268.20,25.67,S,0.00,0.00,1012.90,85.78,1012.90,1.90,23.11,0.00,0.00,180.00,0.00,79DAAFB4
2026-06-11T12:21:34Z,0.00,268.20,26.08,S,0.00,0.00,1012.90,85.50,1012.90,1.95,23.45,0.00,0.00,180.00,0.00,79DAAFB4
2026-06-11T12:04:26Z,0.00,268.20,26.93,S,0.00,0.00,1012.50,84.19,1012.50,2.15,24.03,0.00,0.00,180.00,0.00,79DAAFB4
2026-06-11T11:47:18Z,0.00,268.20,27.75,S,0.00,0.00,1011.90,84.52,1011.90,2.13,24.90,0.00,0.00,180.00,0.00,79DAAFB4
2026-06-11T11:29:59Z,0.00,268.20,28.08,S,0.00,0.00,1011.30,81.64,1011.30,2.55,24.64,0.00,0.00,180.00,0.00,79DAAFB4
2026-06-11T11:12:40Z,0.00,268.20,29.13,S,0.00,0.00,1011.40,77.42,1011.40,3.22,24.77,0.00,0.00,180.00,0.00,79DAAFB4
2026-06-11T10:55:32Z,0.00,268.20,30.48,S,0.00,0.00,1011.10,62.23,1011.10,5.69,22.43,0.00,0.00,180.00,0.00,79DAAFB4
2026-06-11T10:38:12Z,0.00,268.20,31.40,S,0.00,0.00,1010.50,64.34,1010.50,5.42,23.85,0.00,0.00,180.00,0.00,79DAAFB4
2026-06-11T10:21:03Z,0.00,268.20,31.72,S,0.00,0.00,1009.70,73.86,1009.70,3.90,26.47,0.00,0.00,180.00,0.00,79DAAFB4
2026-06-11T10:03:55Z,0.00,268.20,31.96,S,0.00,0.00,1009.30,72.57,1009.30,4.12,26.40,0.00,0.00,180.00,0.00,79DAAFB4
2026-06-11T09:46:47Z,0.00,268.20,32.22,S,0.00,0.00,1009.10,71.44,1009.10,4.32,26.39,0.00,0.00,180.00,0.00,79DAAFB4
2026-06-11T09:29:39Z,0.00,268.20,32.63,S,0.00,0.00,1008.90,70.84,1008.90,4.45,26.64,0.00,0.00,180.00,0.00,79DAAFB4
2026-06-11T09:12:31Z,0.00,268.20,33.24,S,0.00,0.00,1008.70,68.66,1008.70,4.85,26.69,0.00,0.00,180.00,0.00,79DAAFB4
2026-06-11T08:55:23Z,0.00,268.20,34.02,S,0.00,0.00,1008.60,65.00,1008.60,5.53,26.50,0.00,0.00,180.00,0.00,79DAAFB4
2026-06-11T08:38:04Z,0.00,268.20,34.81,S,0.00,0.00,1008.50,62.53,1008.50,6.04,26.58,0.00,0.00,180.00,0.00,79DAAFB4
2026-06-11T08:20:45Z,0.00,268.20,34.84,S,0.00,0.00,1008.50,59.57,1008.50,6.57,25.79,0.00,0.00,180.00,0.00,79DAAFB4
2026-06-11T08:03:37Z,0.00,268.20,34.25,S,0.00,0.00,1008.70,61.42,1008.70,6.18,25.75,0.00,0.00,180.00,0.00,79DAAFB4
2026-06-11T07:46:17Z,0.00,268.20,34.47,S,0.00,0.00,1008.80,63.71,1008.80,5.80,26.58,0.00,0.00,180.00,0.00,79DAAFB4
2026-06-11T07:29:08Z,0.00,268.20,34.09,S,0.00,0.00,1008.90,64.27,1008.90,5.67,26.37,0.00,0.00,180.00,0.00,79DAAFB4
2026-06-11T07:12:00Z,0.00,268.20,33.27,S,0.00,0.00,1009.30,66.33,1009.30,5.24,26.13,0.00,0.00,180.00,0.00,79DAAFB4
2026-06-11T06:54:52Z,0.00,268.20,32.85,S,0.00,0.00,1009.40,63.09,1009.40,5.76,24.89,0.00,0.00,180.00,0.00,79DAAFB4
2026-06-11T06:37:44Z,0.00,268.20,32.44,S,0.00,0.00,1009.60,65.00,1009.60,5.40,25.00,0.00,0.00,180.00,0.00,79DAAFB4
2026-06-11T06:20:36Z,0.00,268.20,32.33,S,0.00,0.00,1009.90,65.08,1009.90,5.38,24.92,0.00,0.00,180.00,0.00,79DAAFB4
2026-06-11T06:03:28Z,0.00,268.20,32.05,S,0.00,0.00,1010.20,67.05,1010.20,5.03,25.15,0.00,0.00,180.00,0.00,79DAAFB4
2026-06-11T05:46:09Z,0.00,268.20,31.90,S,0.00,0.00,1010.40,69.30,1010.40,4.65,25.57,0.00,0.00,180.00,0.00,79DAAFB4
2026-06-11T05:28:50Z,0.00,268.20,31.79,S,0.00,0.00,1010.70,64.70,1010.70,5.40,24.31,0.00,0.00,180.00,0.00,79DAAFB4
2026-06-11T05:11:42Z,0.00,268.20,31.86,S,0.00,0.00,1010.80,65.69,1010.80,5.24,24.63,0.00,0.00,180.00,0.00,79DAAFB4
2026-06-11T04:54:22Z,0.00,268.20,31.95,S,0.00,0.00,1010.80,64.07,1010.80,5.51,24.30,0.00,0.00,180.00,0.00,79DAAFB4
2026-06-11T04:37:13Z,0.00,268.20,31.82,S,0.00,0.00,1010.90,66.38,1010.90,5.12,24.77,0.00,0.00,180.00,0.00,79DAAFB4
2026-06-11T04:20:05Z,0.00,268.20,31.47,S,0.00,0.00,1011.20,69.31,1011.20,4.62,25.16,0.00,0.00,180.00,0.00,79DAAFB4
2026-06-11T04:02:57Z,0.00,268.20,31.11,S,0.00,0.00,1011.60,69.50,1011.60,4.56,24.86,0.00,0.00,180.00,0.00,79DAAFB4
2026-06-11T03:45:49Z,0.00,268.20,30.96,S,0.00,0.00,1012.10,72.31,1012.10,4.10,25.39,0.00,0.00,180.00,0.00,79DAAFB4
2026-06-11T03:28:41Z,0.00,268.20,30.69,S,0.00,0.00,1012.50,73.73,1012.50,3.87,25.45,0.00,0.00,180.00,0.00,79DAAFB4
2026-06-11T03:11:33Z,0.00,268.20,30.63,S,0.00,0.00,1012.70,75.04,1012.70,3.66,25.69,0.00,0.00,180.00,0.00,79DAAFB4
2026-06-11T02:54:25Z,0.00,268.20,30.50,S,0.00,0.00,1012.80,74.37,1012.80,3.76,25.42,0.00,0.00,180.00,0.00,79DAAFB4
2026-06-11T02:37:06Z,0.00,268.20,30.52,S,0.00,0.00,1012.90,75.68,1012.90,3.55,25.73,0.00,0.00,180.00,0.00,79DAAFB4
2026-06-11T02:19:57Z,0.00,268.20,30.35,S,0.00,0.00,1012.80,77.04,1012.80,3.34,25.87,0.00,0.00,180.00,0.00,79DAAFB4
2026-06-11T02:02:49Z,0.00,268.20,30.16,S,0.00,0.00,1012.70,76.11,1012.70,3.47,25.48,0.00,0.00,180.00,0.00,79DAAFB4
2026-06-11T01:45:41Z,0.00,268.20,29.97,S,0.00,0.00,1012.80,77.60,1012.80,3.23,25.62,0.00,0.00,180.00,0.00,79DAAFB4
2026-06-11T01:28:22Z,0.00,268.20,29.76,S,0.00,0.00,1012.60,78.52,1012.60,3.08,25.62,0.00,0.00,180.00,0.00,79DAAFB4
2026-06-11T01:11:13Z,0.00,268.20,29.48,S,0.00,0.00,1012.40,81.09,1012.40,2.69,25.89,0.00,0.00,180.00,0.00,79DAAFB4
2026-06-11T00:54:04Z,0.00,268.20,29.21,S,0.00,0.00,1012.20,82.38,1012.20,2.49,25.89,0.00,0.00,180.00,0.00,79DAAFB4
2026-06-11T00:36:45Z,0.00,268.20,29.00,S,0.00,0.00,1012.00,84.92,1012.00,2.11,26.20,0.00,0.00,180.00,0.00,79DAAFB4
2026-06-11T00:19:37Z,0.00,268.20,28.80,S,0.00,0.00,1012.00,85.21,1012.00,2.06,26.06,0.00,0.00,180.00,0.00,79DAAFB4
2026-06-11T00:02:29Z,0.00,268.20,28.72,S,0.00,0.00,1011.80,85.46,1011.80,2.02,26.03,0.00,0.00,180.00,0.00,79DAAFB4
2026-06-10T23:45:10Z,0.00,268.20,28.64,S,0.00,0.00,1011.70,86.15,1011.70,1.92,26.09,0.00,0.00,180.00,0.00,79DAAFB4
2026-06-10T23:27:51Z,0.00,268.20,28.47,S,0.00,0.00,1011.60,86.28,1011.60,1.89,25.95,0.00,0.00,180.00,0.00,79DAAFB4
2026-06-10T23:10:43Z,0.00,268.20,28.42,S,0.00,0.00,1011.40,85.73,1011.40,1.97,25.79,0.00,0.00,180.00,0.00,79DAAFB4
2026-06-10T22:53:23Z,0.00,268.20,28.47,S,0.00,0.00,1011.20,85.57,1011.20,2.00,25.81,0.00,0.00,180.00,0.00,79DAAFB4
2026-06-10T22:36:14Z,0.00,268.20,28.44,S,0.00,0.00,1011.20,85.67,1011.20,1.98,25.80,0.00,0.00,180.00,0.00,79DAAFB4
2026-06-10T22:19:06Z,0.00,268.20,28.52,S,0.00,0.00,1011.00,85.30,1011.00,2.04,25.81,0.00,0.00,180.00,0.00,79DAAFB4
2026-06-10T22:01:58Z,0.00,268.20,28.54,S,0.00,0.00,1010.80,84.91,1010.80,2.09,25.75,0.00,0.00,180.00,0.00,79DAAFB4
2026-06-10T21:44:50Z,0.00,268.20,28.56,S,0.00,0.00,1010.60,84.73,1010.60,2.12,25.73,0.00,0.00,180.00,0.00,79DAAFB4
2026-06-10T21:27:42Z,0.00,268.20,28.57,S,0.00,0.00,1010.50,84.61,1010.50,2.14,25.72,0.00,0.00,180.00,0.00,79DAAFB4
2026-06-10T21:10:34Z,0.00,268.20,28.58,S,0.00,0.00,1010.50,84.11,1010.50,2.21,25.63,0.00,0.00,180.00,0.00,79DAAFB4
2026-06-10T20:53:26Z,0.00,268.20,28.63,S,0.00,0.00,1010.20,83.94,1010.20,2.24,25.64,0.00,0.00,180.00,0.00,79DAAFB4
2026-06-10T20:36:07Z,0.00,268.20,28.61,S,0.00,0.00,1010.20,83.80,1010.20,2.26,25.60,0.00,0.00,180.00,0.00,79DAAFB4
2026-06-10T20:18:58Z,0.00,268.20,28.67,S,0.00,0.00,1010.50,83.54,1010.50,2.30,25.60,0.00,0.00,180.00,0.00,79DAAFB4
2026-06-10T20:01:50Z,0.00,268.20,28.72,S,0.00,0.00,1010.40,83.68,1010.40,2.28,25.68,0.00,0.00,180.00,0.00,79DAAFB4
2026-06-10T19:44:42Z,0.00,268.20,28.81,S,0.00,0.00,1010.60,83.59,1010.60,2.29,25.75,0.00,0.00,180.00,0.00,79DAAFB4
2026-06-10T19:27:23Z,0.00,268.20,28.84,S,0.00,0.00,1010.70,83.44,1010.70,2.32,25.75,0.00,0.00,180.00,0.00,79DAAFB4
2026-06-10T19:10:14Z,0.00,268.20,28.81,S,0.00,0.00,1010.80,83.09,1010.80,2.37,25.65,0.00,0.00,180.00,0.00,79DAAFB4
2026-06-10T18:53:05Z,0.00,268.20,28.84,S,0.00,0.00,1010.80,82.90,1010.80,2.40,25.64,0.00,0.00,180.00,0.00,79DAAFB4
2026-06-10T18:35:46Z,0.00,268.20,28.95,S,0.00,0.00,1010.90,82.61,1010.90,2.44,25.69,0.00,0.00,180.00,0.00,79DAAFB4
2026-06-10T18:18:38Z,0.00,268.20,29.02,S,0.00,0.00,1011.00,82.58,1011.00,2.45,25.75,0.00,0.00,180.00,0.00,79DAAFB4
2026-06-10T18:01:30Z,0.00,268.20,28.98,S,0.00,0.00,1011.10,82.22,1011.10,2.50,25.64,0.00,0.00,180.00,0.00,79DAAFB4
2026-06-10T17:44:11Z,0.00,268.20,29.13,S,0.00,0.00,1011.10,82.12,1011.10,2.52,25.76,0.00,0.00,180.00,0.00,79DAAFB4
2026-06-10T17:26:52Z,0.00,268.20,29.21,S,0.00,0.00,1011.50,82.50,1011.50,2.47,25.92,0.00,0.00,180.00,0.00,79DAAFB4
2026-06-10T17:09:44Z,0.00,268.20,29.36,S,0.00,0.00,1011.70,82.07,1011.70,2.54,25.97,0.00,0.00,180.00,0.00,79DAAFB4
2026-06-10T16:52:24Z,0.00,268.20,29.41,S,0.00,0.00,1011.80,81.81,1011.80,2.58,25.97,0.00,0.00,180.00,0.00,79DAAFB4
2026-06-10T16:35:15Z,0.00,268.20,29.48,S,0.00,0.00,1011.90,82.09,1011.90,2.54,26.10,0.00,0.00,180.00,0.00,79DAAFB4
2026-06-10T16:15:17Z,0.00,268.20,29.51,S,0.00,0.00,1012.00,81.81,1012.00,2.58,26.07,0.00,0.00,180.00,0.00,79DAAFB4
2026-06-10T15:58:08Z,0.00,268.20,29.58,S,0.00,0.00,1012.20,81.46,1012.20,2.64,26.06,0.00,0.00,180.00,0.00,79DAAFB4
2026-06-10T15:40:59Z,0.00,268.20,29.62,S,0.00,0.00,1012.10,81.26,1012.10,2.67,26.06,0.00,0.00,180.00,0.00,79DAAFB4
2026-06-10T15:23:40Z,0.00,268.20,29.70,S,0.00,0.00,1012.00,81.30,1012.00,2.66,26.15,0.00,0.00,180.00,0.00,79DAAFB4
2026-06-10T15:06:32Z,0.00,268.20,29.74,S,0.00,0.00,1011.80,80.97,1011.80,2.71,26.12,0.00,0.00,180.00,0.00,79DAAFB4
2026-06-10T14:49:24Z,0.00,268.20,29.83,S,0.00,0.00,1011.50,80.28,1011.50,2.82,26.06,0.00,0.00,180.00,0.00,79DAAFB4
2026-06-10T14:32:05Z,0.00,268.20,29.90,S,0.00,0.00,1011.50,79.33,1011.50,2.97,25.93,0.00,0.00,180.00,0.00,79DAAFB4
2026-06-10T14:14:46Z,0.00,268.20,30.02,S,0.00,0.00,1011.50,78.35,1011.50,3.12,25.83,0.00,0.00,180.00,0.00,79DAAFB4
2026-06-10T13:57:38Z,0.00,268.20,30.08,S,0.00,0.00,1011.50,76.09,1011.50,3.47,25.40,0.00,0.00,180.00,0.00,79DAAFB4
2026-06-10T13:40:18Z,0.00,268.20,30.15,S,0.00,0.00,1011.20,75.42,1011.20,3.57,25.32,0.00,0.00,180.00,0.00,79DAAFB4
2026-06-10T13:23:09Z,0.00,268.20,29.97,S,0.00,0.00,1010.90,81.36,1010.90,2.66,26.42,0.00,0.00,180.00,0.00,79DAAFB4
2026-06-10T13:06:01Z,0.00,268.20,29.96,S,0.00,0.00,1010.30,82.50,1010.30,2.49,26.65,0.00,0.00,180.00,0.00,79DAAFB4
2026-06-10T12:48:53Z,0.00,268.20,29.80,S,0.00,0.00,1009.70,82.99,1009.70,2.41,26.59,0.00,0.00,180.00,0.00,79DAAFB4
2026-06-10T12:31:45Z,0.00,268.20,29.92,S,0.00,0.00,1009.50,83.91,1009.50,2.28,26.90,0.00,0.00,180.00,0.00,79DAAFB4
2026-06-10T12:14:37Z,0.00,268.20,29.92,S,0.00,0.00,1009.10,83.45,1009.10,2.35,26.80,0.00,0.00,180.00,0.00,79DAAFB4
2026-06-10T11:57:29Z,0.00,268.20,30.09,S,0.00,0.00,1008.80,82.56,1008.80,2.49,26.79,0.00,0.00,180.00,0.00,79DAAFB4
2026-06-10T11:40:21Z,0.00,268.20,30.40,S,0.00,0.00,1008.80,80.79,1008.80,2.77,26.72,0.00,0.00,180.00,0.00,79DAAFB4
2026-06-10T11:23:02Z,0.00,268.20,30.73,S,0.00,0.00,1008.60,74.81,1008.60,3.70,25.74,0.00,0.00,180.00,0.00,79DAAFB4
2026-06-10T11:05:53Z,0.00,268.20,30.89,S,0.00,0.00,1008.40,71.94,1008.40,4.16,25.23,0.00,0.00,180.00,0.00,79DAAFB4
2026-06-10T10:48:45Z,0.00,268.20,31.10,S,0.00,0.00,1008.00,71.94,1008.00,4.17,25.43,0.00,0.00,180.00,0.00,79DAAFB4
2026-06-10T10:31:37Z,0.00,268.20,31.30,S,0.00,0.00,1007.60,70.63,1007.60,4.39,25.32,0.00,0.00,180.00,0.00,79DAAFB4
2026-06-10T10:14:18Z,0.00,268.20,31.61,S,0.00,0.00,1007.30,68.62,1007.30,4.74,25.13,0.00,0.00,180.00,0.00,79DAAFB4
2026-06-10T09:57:09Z,0.00,268.20,31.97,S,0.00,0.00,1007.30,68.05,1007.30,4.86,25.33,0.00,0.00,180.00,0.00,79DAAFB4
2026-06-10T09:40:00Z,0.00,268.20,32.33,S,0.00,0.00,1007.20,67.02,1007.20,5.05,25.41,0.00,0.00,180.00,0.00,79DAAFB4
2026-06-10T09:22:41Z,0.00,268.20,31.76,S,0.00,0.00,1007.00,68.40,1007.00,4.78,25.21,0.00,0.00,180.00,0.00,79DAAFB4
2026-06-10T09:05:33Z,0.00,268.20,31.59,S,0.00,0.00,1007.40,70.72,1007.40,4.40,25.61,0.00,0.00,180.00,0.00,79DAAFB4
2026-06-10T08:48:25Z,0.00,268.20,31.76,S,0.00,0.00,1007.80,71.51,1007.80,4.28,25.96,0.00,0.00,180.00,0.00,79DAAFB4
2026-06-10T08:31:06Z,0.00,268.20,31.49,S,0.00,0.00,1008.00,71.31,1008.00,4.30,25.66,0.00,0.00,180.00,0.00,79DAAFB4
2026-06-10T08:13:47Z,0.00,268.20,31.43,S,0.00,0.00,1007.60,74.59,1007.60,3.77,26.36,0.00,0.00,180.00,0.00,79DAAFB4
2026-06-10T07:56:38Z,0.00,268.20,30.65,S,0.00,0.00,1007.60,77.42,1007.60,3.29,26.24,0.00,0.00,180.00,0.00,79DAAFB4
2026-06-10T07:39:30Z,0.00,268.20,30.29,S,0.00,0.00,1007.80,78.65,1007.80,3.09,26.16,0.00,0.00,180.00,0.00,79DAAFB4
2026-06-10T07:22:22Z,0.00,268.20,30.04,S,0.00,0.00,1008.10,80.63,1008.10,2.78,26.34,0.00,0.00,180.00,0.00,79DAAFB4
2026-06-10T07:05:03Z,0.00,268.20,29.88,S,0.00,0.00,1008.50,81.23,1008.50,2.68,26.31,0.00,0.00,180.00,0.00,79DAAFB4
2026-06-10T06:47:54Z,0.00,268.20,29.93,S,0.00,0.00,1008.50,79.54,1008.50,2.94,26.00,0.00,0.00,180.00,0.00,79DAAFB4
2026-06-10T06:30:45Z,0.00,268.20,30.74,S,0.00,0.00,1009.10,74.50,1009.10,3.75,25.68,0.00,0.00,180.00,0.00,79DAAFB4
2026-06-10T06:13:26Z,0.00,268.20,32.17,S,0.00,0.00,1009.00,67.27,1009.00,5.00,25.32,0.00,0.00,180.00,0.00,79DAAFB4
2026-06-10T05:56:18Z,0.00,268.20,33.20,S,0.00,0.00,1008.60,65.99,1008.60,5.30,25.98,0.00,0.00,180.00,0.00,79DAAFB4
2026-06-10T05:39:10Z,0.00,268.20,32.81,S,0.00,0.00,1008.90,65.55,1008.90,5.34,25.49,0.00,0.00,180.00,0.00,79DAAFB4
2026-06-10T05:21:51Z,0.00,268.20,32.62,S,0.00,0.00,1009.30,66.70,1009.30,5.13,25.61,0.00,0.00,180.00,0.00,79DAAFB4
2026-06-10T05:04:32Z,0.00,268.20,32.42,S,0.00,0.00,1009.50,67.86,1009.50,4.92,25.71,0.00,0.00,180.00,0.00,79DAAFB4
2026-06-10T04:30:04Z,0.00,268.20,31.68,S,0.00,0.00,1009.90,72.86,1009.90,4.06,26.20,0.00,0.00,180.00,0.00,79DAAFB4
2026-06-10T04:12:55Z,0.00,268.20,31.55,S,0.00,0.00,1010.30,72.72,1010.30,4.08,26.05,0.00,0.00,180.00,0.00,79DAAFB4
2026-06-10T03:55:47Z,0.00,268.20,31.30,S,0.00,0.00,1010.40,73.76,1010.40,3.90,26.05,0.00,0.00,180.00,0.00,79DAAFB4
2026-06-10T03:38:28Z,0.00,268.20,31.20,S,0.00,0.00,1010.40,72.32,1010.40,4.12,25.62,0.00,0.00,180.00,0.00,79DAAFB4
2026-06-10T03:21:20Z,0.00,268.20,31.05,S,0.00,0.00,1010.50,75.37,1010.50,3.63,26.17,0.00,0.00,180.00,0.00,79DAAFB4
2026-06-10T03:04:12Z,0.00,268.20,30.73,S,0.00,0.00,1010.70,76.53,1010.70,3.43,26.12,0.00,0.00,180.00,0.00,79DAAFB4
2026-06-10T02:45:28Z,0.00,268.20,30.54,S,0.00,0.00,1010.80,78.38,1010.80,3.14,26.34,0.00,0.00,180.00,0.00,79DAAFB4
2026-06-10T02:28:20Z,0.00,268.20,30.26,S,0.00,0.00,1010.70,78.78,1010.70,3.07,26.16,0.00,0.00,180.00,0.00,79DAAFB4
2026-06-10T02:11:12Z,0.00,268.20,30.00,S,0.00,0.00,1010.90,80.56,1010.90,2.79,26.28,0.00,0.00,180.00,0.00,79DAAFB4
2026-06-10T01:54:04Z,0.00,268.20,29.74,S,0.00,0.00,1010.70,81.40,1010.70,2.65,26.21,0.00,0.00,180.00,0.00,79DAAFB4
2026-06-10T01:36:45Z,0.00,268.20,29.53,S,0.00,0.00,1010.60,82.00,1010.60,2.55,26.13,0.00,0.00,180.00,0.00,79DAAFB4
2026-06-10T01:19:26Z,0.00,268.20,29.30,S,0.00,0.00,1010.60,82.67,1010.60,2.45,26.04,0.00,0.00,180.00,0.00,79DAAFB4
2026-06-10T01:02:18Z,0.00,268.20,29.19,S,0.00,0.00,1010.60,84.59,1010.60,2.16,26.32,0.00,0.00,180.00,0.00,79DAAFB4
2026-06-10T00:44:58Z,0.00,268.20,29.06,S,0.00,0.00,1010.60,85.32,1010.60,2.05,26.34,0.00,0.00,180.00,0.00,79DAAFB4
2026-06-10T00:27:49Z,0.00,268.20,28.91,S,0.00,0.00,1010.50,85.81,1010.50,1.97,26.29,0.00,0.00,180.00,0.00,79DAAFB4
2026-06-10T00:10:41Z,0.00,268.20,28.83,S,0.00,0.00,1010.40,85.91,1010.40,1.96,26.23,0.00,0.00,180.00,0.00,79DAAFB4
2026-06-09T23:53:33Z,0.00,268.20,28.85,S,0.00,0.00,1010.20,86.13,1010.20,1.92,26.29,0.00,0.00,180.00,0.00,79DAAFB4
2026-06-09T23:36:25Z,0.00,268.20,28.72,S,0.00,0.00,1009.70,86.76,1009.70,1.83,26.29,0.00,0.00,180.00,0.00,79DAAFB4
2026-06-09T23:19:17Z,0.00,268.20,28.62,S,0.00,0.00,1009.40,86.63,1009.40,1.85,26.17,0.00,0.00,180.00,0.00,79DAAFB4
2026-06-09T23:02:09Z,0.00,268.20,28.58,S,0.00,0.00,1009.20,86.50,1009.20,1.86,26.10,0.00,0.00,180.00,0.00,79DAAFB4
2026-06-09T22:45:01Z,0.00,268.20,28.52,S,0.00,0.00,1008.90,85.88,1008.90,1.95,25.92,0.00,0.00,180.00,0.00,79DAAFB4
2026-06-09T22:27:42Z,0.00,268.20,28.66,S,0.00,0.00,1008.80,85.95,1008.80,1.95,26.07,0.00,0.00,180.00,0.00,79DAAFB4
2026-06-09T22:10:33Z,0.00,268.20,28.66,S,0.00,0.00,1008.70,85.87,1008.70,1.96,26.06,0.00,0.00,180.00,0.00,79DAAFB4
2026-06-09T21:53:25Z,0.00,268.20,28.58,S,0.00,0.00,1008.60,85.94,1008.60,1.95,25.99,0.00,0.00,180.00,0.00,79DAAFB4
2026-06-09T21:36:17Z,0.00,268.20,28.61,S,0.00,0.00,1008.50,85.94,1008.50,1.95,26.02,0.00,0.00,180.00,0.00,79DAAFB4
2026-06-09T21:18:58Z,0.00,268.20,28.70,S,0.00,0.00,1008.20,85.60,1008.20,2.00,26.04,0.00,0.00,180.00,0.00,79DAAFB4
2026-06-09T21:01:49Z,0.00,268.20,28.70,S,0.00,0.00,1008.30,85.39,1008.30,2.03,26.00,0.00,0.00,180.00,0.00,79DAAFB4
2026-06-09T20:44:40Z,0.00,268.20,28.72,S,0.00,0.00,1008.30,85.21,1008.30,2.06,25.98,0.00,0.00,180.00,0.00,79DAAFB4
2026-06-09T20:27:21Z,0.00,268.20,28.76,S,0.00,0.00,1008.40,84.87,1008.40,2.11,25.96,0.00,0.00,180.00,0.00,79DAAFB4
2026-06-09T20:10:13Z,0.00,268.20,28.92,S,0.00,0.00,1008.50,84.73,1008.50,2.13,26.08,0.00,0.00,180.00,0.00,79DAAFB4
2026-06-09T19:53:05Z,0.00,268.20,28.92,S,0.00,0.00,1008.70,84.44,1008.70,2.17,26.03,0.00,0.00,180.00,0.00,79DAAFB4
2026-06-09T19:35:46Z,0.00,268.20,28.96,S,0.00,0.00,1008.60,84.02,1008.60,2.24,25.98,0.00,0.00,180.00,0.00,79DAAFB4
2026-06-09T19:18:27Z,0.00,268.20,29.00,S,0.00,0.00,1008.80,83.55,1008.80,2.31,25.93,0.00,0.00,180.00,0.00,79DAAFB4
2026-06-09T19:01:19Z,0.00,268.20,29.06,S,0.00,0.00,1009.10,83.10,1009.10,2.37,25.89,0.00,0.00,180.00,0.00,79DAAFB4
2026-06-09T18:43:59Z,0.00,268.20,29.13,S,0.00,0.00,1009.30,82.88,1009.30,2.41,25.92,0.00,0.00,180.00,0.00,79DAAFB4
2026-06-09T18:26:50Z,0.00,268.20,29.12,S,0.00,0.00,1009.40,82.75,1009.40,2.43,25.88,0.00,0.00,180.00,0.00,79DAAFB4
2026-06-09T18:09:42Z,0.00,268.20,29.19,S,0.00,0.00,1009.40,82.38,1009.40,2.49,25.87,0.00,0.00,180.00,0.00,79DAAFB4
2026-06-09T17:52:34Z,0.00,268.20,29.19,S,0.00,0.00,1009.50,82.01,1009.50,2.54,25.80,0.00,0.00,180.00,0.00,79DAAFB4
2026-06-09T17:35:26Z,0.00,268.20,29.21,S,0.00,0.00,1009.70,81.75,1009.70,2.58,25.76,0.00,0.00,180.00,0.00,79DAAFB4
2026-06-09T17:18:18Z,0.00,268.20,29.25,S,0.00,0.00,1009.80,81.62,1009.80,2.60,25.77,0.00,0.00,180.00,0.00,79DAAFB4
2026-06-09T17:01:10Z,0.00,268.20,29.33,S,0.00,0.00,1009.60,81.45,1009.60,2.63,25.82,0.00,0.00,180.00,0.00,79DAAFB4
2026-06-09T16:44:02Z,0.00,268.20,29.42,S,0.00,0.00,1009.60,80.70,1009.60,2.74,25.75,0.00,0.00,180.00,0.00,79DAAFB4
2026-06-09T16:26:43Z,0.00,268.20,29.48,S,0.00,0.00,1009.90,79.89,1009.90,2.87,25.64,0.00,0.00,180.00,0.00,79DAAFB4
2026-06-09T16:09:34Z,0.00,268.20,29.56,S,0.00,0.00,1009.90,79.44,1009.90,2.94,25.62,0.00,0.00,180.00,0.00,79DAAFB4
2026-06-09T15:52:26Z,0.00,268.20,29.62,S,0.00,0.00,1010.10,78.85,1010.10,3.03,25.55,0.00,0.00,180.00,0.00,79DAAFB4
2026-06-09T15:35:18Z,0.00,268.20,29.68,S,0.00,0.00,1010.20,78.35,1010.20,3.11,25.50,0.00,0.00,180.00,0.00,79DAAFB4
2026-06-09T15:17:59Z,0.00,268.20,29.73,S,0.00,0.00,1010.30,78.02,1010.30,3.16,25.48,0.00,0.00,180.00,0.00,79DAAFB4
2026-06-09T15:00:50Z,0.00,268.20,29.89,S,0.00,0.00,1010.20,77.51,1010.20,3.24,25.52,0.00,0.00,180.00,0.00,79DAAFB4
2026-06-09T14:43:41Z,0.00,268.20,29.91,S,0.00,0.00,1010.00,77.05,1010.00,3.31,25.44,0.00,0.00,180.00,0.00,79DAAFB4
2026-06-09T14:26:33Z,0.00,268.20,29.99,S,0.00,0.00,1009.80,76.72,1009.80,3.37,25.45,0.00,0.00,180.00,0.00,79DAAFB4
2026-06-09T14:09:25Z,0.00,268.20,30.00,S,0.00,0.00,1009.40,76.16,1009.40,3.45,25.33,0.00,0.00,180.00,0.00,79DAAFB4
2026-06-09T13:52:17Z,0.00,268.20,30.07,S,0.00,0.00,1009.30,75.74,1009.30,3.52,25.31,0.00,0.00,180.00,0.00,79DAAFB4
2026-06-09T13:35:08Z,0.00,268.20,30.15,S,0.00,0.00,1009.20,75.49,1009.20,3.56,25.33,0.00,0.00,180.00,0.00,79DAAFB4
2026-06-09T13:15:50Z,0.00,268.20,30.22,S,0.00,0.00,1008.70,75.28,1008.70,3.60,25.35,0.00,0.00,180.00,0.00,79DAAFB4
2026-06-09T12:58:31Z,0.00,268.20,30.33,S,0.00,0.00,1008.40,75.37,1008.40,3.59,25.48,0.00,0.00,180.00,0.00,79DAAFB4
2026-06-09T12:41:22Z,0.00,268.20,30.39,S,0.00,0.00,1008.10,75.14,1008.10,3.63,25.48,0.00,0.00,180.00,0.00,79DAAFB4
2026-06-09T12:24:14Z,0.00,268.20,30.42,S,0.00,0.00,1007.90,74.52,1007.90,3.73,25.37,0.00,0.00,180.00,0.00,79DAAFB4
2026-06-09T12:07:06Z,0.00,268.20,30.50,S,0.00,0.00,1007.80,73.58,1007.80,3.88,25.24,0.00,0.00,180.00,0.00,79DAAFB4
2026-06-09T11:49:47Z,0.00,268.20,30.58,S,0.00,0.00,1007.60,72.46,1007.60,4.06,25.06,0.00,0.00,180.00,0.00,79DAAFB4
2026-06-09T11:32:38Z,0.00,268.20,30.69,S,0.00,0.00,1007.50,72.23,1007.50,4.10,25.11,0.00,0.00,180.00,0.00,79DAAFB4
2026-06-09T11:15:29Z,0.00,268.20,30.88,S,0.00,0.00,1007.30,71.75,1007.30,4.19,25.18,0.00,0.00,180.00,0.00,79DAAFB4
2026-06-09T10:58:10Z,0.00,268.20,31.13,S,0.00,0.00,1006.90,71.42,1006.90,4.26,25.34,0.00,0.00,180.00,0.00,79DAAFB4
2026-06-09T10:41:02Z,0.00,268.20,31.22,S,0.00,0.00,1007.00,70.78,1007.00,4.36,25.27,0.00,0.00,180.00,0.00,79DAAFB4
2026-06-09T10:23:54Z,0.00,268.20,31.31,S,0.00,0.00,1006.80,72.93,1006.80,4.03,25.87,0.00,0.00,180.00,0.00,79DAAFB4
2026-06-09T10:06:35Z,0.00,268.20,31.43,S,0.00,0.00,1006.40,71.53,1006.40,4.26,25.65,0.00,0.00,180.00,0.00,79DAAFB4
2026-06-09T09:49:16Z,0.00,268.20,31.59,S,0.00,0.00,1006.20,70.01,1006.20,4.51,25.44,0.00,0.00,180.00,0.00,79DAAFB4
2026-06-09T09:32:08Z,0.00,268.20,31.64,S,0.00,0.00,1006.10,68.29,1006.10,4.79,25.07,0.00,0.00,180.00,0.00,79DAAFB4
2026-06-09T09:14:48Z,0.00,268.20,31.67,S,0.00,0.00,1006.10,66.77,1006.10,5.04,24.72,0.00,0.00,180.00,0.00,79DAAFB4
2026-06-09T08:57:39Z,0.00,268.20,31.71,S,0.00,0.00,1005.80,65.79,1005.80,5.21,24.51,0.00,0.00,180.00,0.00,79DAAFB4
2026-06-09T08:40:31Z,0.00,268.20,31.59,S,0.00,0.00,1005.70,66.33,1005.70,5.11,24.54,0.00,0.00,180.00,0.00,79DAAFB4
2026-06-09T08:23:23Z,0.00,268.20,31.31,S,0.00,0.00,1005.90,69.27,1005.90,4.61,25.00,0.00,0.00,180.00,0.00,79DAAFB4
2026-06-09T08:06:15Z,0.00,268.20,31.42,S,0.00,0.00,1006.00,67.88,1006.00,4.84,24.76,0.00,0.00,180.00,0.00,79DAAFB4
2026-06-09T07:49:07Z,0.00,268.20,31.40,S,0.00,0.00,1006.40,68.48,1006.40,4.75,24.89,0.00,0.00,180.00,0.00,79DAAFB4
2026-06-09T07:31:59Z,0.00,268.20,31.37,S,0.00,0.00,1006.60,67.54,1006.60,4.90,24.63,0.00,0.00,180.00,0.00,79DAAFB4
2026-06-09T07:14:51Z,0.00,268.20,31.21,S,0.00,0.00,1006.90,68.14,1006.90,4.79,24.63,0.00,0.00,180.00,0.00,79DAAFB4
2026-06-09T06:57:32Z,0.00,268.20,31.03,S,0.00,0.00,1006.80,70.69,1006.80,4.37,25.07,0.00,0.00,180.00,0.00,79DAAFB4
2026-06-09T06:40:23Z,0.00,268.20,31.14,S,0.00,0.00,1006.90,66.99,1006.90,4.97,24.28,0.00,0.00,180.00,0.00,79DAAFB4
2026-06-09T06:23:15Z,0.00,268.20,31.09,S,0.00,0.00,1007.10,74.25,1007.10,3.81,25.96,0.00,0.00,180.00,0.00,79DAAFB4
2026-06-09T06:06:07Z,0.00,268.20,31.24,S,0.00,0.00,1007.30,75.20,1007.30,3.67,26.32,0.00,0.00,180.00,0.00,79DAAFB4
2026-06-09T05:48:48Z,0.00,268.20,31.68,S,0.00,0.00,1007.40,76.18,1007.40,3.53,26.96,0.00,0.00,180.00,0.00,79DAAFB4
2026-06-09T05:31:39Z,0.00,268.20,32.71,S,0.00,0.00,1007.60,74.74,1007.60,3.82,27.63,0.00,0.00,180.00,0.00,79DAAFB4
2026-06-09T05:14:30Z,0.00,268.20,33.08,S,0.00,0.00,1007.50,67.94,1007.50,4.96,26.36,0.00,0.00,180.00,0.00,79DAAFB4
2026-06-09T04:57:11Z,0.00,268.20,33.00,S,0.00,0.00,1007.60,66.68,1007.60,5.16,25.96,0.00,0.00,180.00,0.00,79DAAFB4
2026-06-09T04:40:03Z,0.00,268.20,32.98,S,0.00,0.00,1007.90,67.82,1007.90,4.97,26.23,0.00,0.00,180.00,0.00,79DAAFB4
2026-06-09T04:22:55Z,0.00,268.20,32.64,S,0.00,0.00,1008.10,68.28,1008.10,4.87,26.02,0.00,0.00,180.00,0.00,79DAAFB4
2026-06-09T04:05:36Z,0.00,268.20,32.36,S,0.00,0.00,1008.20,69.76,1008.20,4.61,26.12,0.00,0.00,180.00,0.00,79DAAFB4
2026-06-09T03:48:17Z,0.00,268.20,31.92,S,0.00,0.00,1008.70,71.41,1008.70,4.31,26.09,0.00,0.00,180.00,0.00,79DAAFB4
2026-06-09T03:31:09Z,0.00,268.20,31.76,S,0.00,0.00,1009.00,72.33,1009.00,4.15,26.16,0.00,0.00,180.00,0.00,79DAAFB4
2026-06-09T03:13:49Z,0.00,268.20,31.41,S,0.00,0.00,1009.40,73.70,1009.40,3.91,26.14,0.00,0.00,180.00,0.00,79DAAFB4
2026-06-09T02:56:40Z,0.00,268.20,31.20,S,0.00,0.00,1009.50,75.10,1009.50,3.68,26.26,0.00,0.00,180.00,0.00,79DAAFB4
2026-06-09T02:39:32Z,0.00,268.20,30.96,S,0.00,0.00,1009.70,77.17,1009.70,3.34,26.49,0.00,0.00,180.00,0.00,79DAAFB4
2026-06-09T02:22:24Z,0.00,268.20,30.75,S,0.00,0.00,1009.80,76.33,1009.80,3.46,26.10,0.00,0.00,180.00,0.00,79DAAFB4
2026-06-09T02:05:16Z,0.00,268.20,30.70,S,0.00,0.00,1009.80,78.38,1009.80,3.15,26.50,0.00,0.00,180.00,0.00,79DAAFB4
2026-06-09T01:48:08Z,0.00,268.20,30.33,S,0.00,0.00,1010.00,80.36,1010.00,2.83,26.56,0.00,0.00,180.00,0.00,79DAAFB4
2026-06-09T01:31:00Z,0.00,268.20,30.01,S,0.00,0.00,1010.00,81.94,1010.00,2.58,26.58,0.00,0.00,180.00,0.00,79DAAFB4
2026-06-09T01:13:52Z,0.00,268.20,29.61,S,0.00,0.00,1009.60,83.75,1009.60,2.30,26.56,0.00,0.00,180.00,0.00,79DAAFB4
2026-06-09T00:56:33Z,0.00,268.20,29.37,S,0.00,0.00,1009.60,85.76,1009.60,1.99,26.73,0.00,0.00,180.00,0.00,79DAAFB4
2026-06-09T00:39:24Z,0.00,268.20,29.01,S,0.00,0.00,1009.40,86.60,1009.40,1.86,26.54,0.00,0.00,180.00,0.00,79DAAFB4
2026-06-09T00:22:16Z,0.00,268.20,28.85,S,0.00,0.00,1009.40,88.09,1009.40,1.64,26.68,0.00,0.00,180.00,0.00,79DAAFB4
2026-06-09T00:05:08Z,0.00,268.20,28.65,S,0.00,0.00,1009.20,88.70,1009.20,1.55,26.60,0.00,0.00,180.00,0.00,79DAAFB4
2026-06-08T23:47:49Z,0.00,268.20,28.51,S,0.00,0.00,1009.40,89.15,1009.40,1.48,26.54,0.00,0.00,180.00,0.00,79DAAFB4
2026-06-08T23:30:40Z,0.00,268.20,28.50,S,0.00,0.00,1009.40,89.52,1009.40,1.43,26.61,0.00,0.00,180.00,0.00,79DAAFB4
2026-06-08T23:13:31Z,0.00,268.20,28.46,S,0.00,0.00,1009.20,89.43,1009.20,1.44,26.55,0.00,0.00,180.00,0.00,79DAAFB4
2026-06-08T22:56:12Z,0.00,268.20,28.36,S,0.00,0.00,1009.10,89.41,1009.10,1.44,26.45,0.00,0.00,180.00,0.00,79DAAFB4
2026-06-08T22:39:04Z,0.00,268.20,28.41,S,0.00,0.00,1008.80,89.33,1008.80,1.45,26.48,0.00,0.00,180.00,0.00,79DAAFB4
2026-06-08T22:21:56Z,0.00,268.20,28.38,S,0.00,0.00,1008.80,89.26,1008.80,1.46,26.44,0.00,0.00,180.00,0.00,79DAAFB4
2026-06-08T22:04:37Z,0.00,268.20,28.51,S,0.00,0.00,1008.70,88.77,1008.70,1.54,26.47,0.00,0.00,180.00,0.00,79DAAFB4
2026-06-08T21:47:18Z,0.00,268.20,28.49,S,0.00,0.00,1008.70,88.60,1008.70,1.56,26.42,0.00,0.00,180.00,0.00,79DAAFB4
2026-06-08T21:30:09Z,0.00,268.20,28.56,S,0.00,0.00,1008.60,88.39,1008.60,1.59,26.45,0.00,0.00,180.00,0.00,79DAAFB4
2026-06-08T21:13:01Z,0.00,268.20,28.59,S,0.00,0.00,1008.40,88.16,1008.40,1.62,26.43,0.00,0.00,180.00,0.00,79DAAFB4
2026-06-08T20:55:53Z,0.00,268.20,28.61,S,0.00,0.00,1008.10,87.85,1008.10,1.67,26.39,0.00,0.00,180.00,0.00,79DAAFB4
2026-06-08T20:38:34Z,0.00,268.20,28.63,S,0.00,0.00,1008.00,87.98,1008.00,1.65,26.44,0.00,0.00,180.00,0.00,79DAAFB4
2026-06-08T20:21:25Z,0.00,268.20,28.69,S,0.00,0.00,1008.30,87.80,1008.30,1.68,26.46,0.00,0.00,180.00,0.00,79DAAFB4
2026-06-08T20:04:16Z,0.00,268.20,28.73,S,0.00,0.00,1008.30,88.05,1008.30,1.64,26.55,0.00,0.00,180.00,0.00,79DAAFB4
2026-06-08T19:46:57Z,0.00,268.20,28.71,S,0.00,0.00,1008.50,88.26,1008.50,1.61,26.57,0.00,0.00,180.00,0.00,79DAAFB4
2026-06-08T19:29:49Z,0.00,268.20,28.68,S,0.00,0.00,1008.50,88.10,1008.50,1.64,26.51,0.00,0.00,180.00,0.00,79DAAFB4
2026-06-08T19:12:41Z,0.00,268.20,28.67,S,0.00,0.00,1008.50,88.10,1008.50,1.63,26.50,0.00,0.00,180.00,0.00,79DAAFB4
2026-06-08T18:55:22Z,0.00,268.20,28.73,S,0.00,0.00,1008.50,87.93,1008.50,1.66,26.53,0.00,0.00,180.00,0.00,79DAAFB4
2026-06-08T18:38:03Z,0.00,268.20,28.82,S,0.00,0.00,1008.70,87.97,1008.70,1.66,26.62,0.00,0.00,180.00,0.00,79DAAFB4
2026-06-08T18:20:54Z,0.00,268.20,28.78,S,0.00,0.00,1008.90,88.05,1008.90,1.64,26.60,0.00,0.00,180.00,0.00,79DAAFB4
2026-06-08T18:03:46Z,0.00,268.20,28.88,S,0.00,0.00,1009.00,87.89,1009.00,1.67,26.67,0.00,0.00,180.00,0.00,79DAAFB4
2026-06-08T17:46:38Z,0.00,268.20,28.91,S,0.00,0.00,1009.20,87.47,1009.20,1.73,26.61,0.00,0.00,180.00,0.00,79DAAFB4
2026-06-08T17:29:30Z,0.00,268.20,19.29,S,0.00,0.00,672.80,57.86,672.80,5.19,10.79,0.00,0.00,180.00,0.00,79DAAFB4
2026-06-08T17:12:22Z,0.00,268.20,29.06,S,0.00,0.00,1009.70,86.36,1009.70,1.90,26.55,0.00,0.00,180.00,0.00,79DAAFB4
2026-06-08T16:55:14Z,0.00,268.20,29.10,S,0.00,0.00,1009.90,86.05,1009.90,1.94,26.52,0.00,0.00,180.00,0.00,79DAAFB4
2026-06-08T16:38:06Z,0.00,268.20,29.17,S,0.00,0.00,1009.80,85.38,1009.80,2.04,26.46,0.00,0.00,180.00,0.00,79DAAFB4
2026-06-08T16:20:58Z,0.00,268.20,29.24,S,0.00,0.00,1010.00,84.28,1010.00,2.21,26.31,0.00,0.00,180.00,0.00,79DAAFB4
2026-06-08T16:03:50Z,0.00,268.20,29.20,S,0.00,0.00,1010.10,83.41,1010.10,2.33,26.09,0.00,0.00,180.00,0.00,79DAAFB4
2026-06-08T15:46:31Z,0.00,268.20,29.28,S,0.00,0.00,1010.00,83.53,1010.00,2.32,26.20,0.00,0.00,180.00,0.00,79DAAFB4
2026-06-08T15:29:22Z,0.00,268.20,29.25,S,0.00,0.00,1010.00,84.53,1010.00,2.17,26.37,0.00,0.00,180.00,0.00,79DAAFB4
2026-06-08T15:12:13Z,0.00,268.20,29.31,S,0.00,0.00,1009.60,85.24,1009.60,2.07,26.57,0.00,0.00,180.00,0.00,79DAAFB4
2026-06-08T14:55:05Z,0.00,268.20,29.32,S,0.00,0.00,1009.50,84.83,1009.50,2.13,26.50,0.00,0.00,180.00,0.00,79DAAFB4
2026-06-08T14:37:57Z,0.00,268.20,29.43,S,0.00,0.00,1009.30,84.64,1009.30,2.16,26.57,0.00,0.00,180.00,0.00,79DAAFB4
2026-06-08T14:20:38Z,0.00,268.20,29.51,S,0.00,0.00,1009.10,83.84,1009.10,2.28,26.48,0.00,0.00,180.00,0.00,79DAAFB4
2026-06-08T14:03:29Z,0.00,268.20,29.53,S,0.00,0.00,1008.80,83.49,1008.80,2.33,26.43,0.00,0.00,180.00,0.00,79DAAFB4
2026-06-08T13:46:20Z,0.00,268.20,29.58,S,0.00,0.00,1008.30,83.35,1008.30,2.35,26.45,0.00,0.00,180.00,0.00,79DAAFB4
2026-06-08T13:29:01Z,0.00,268.20,29.67,S,0.00,0.00,1008.30,83.30,1008.30,2.36,26.53,0.00,0.00,180.00,0.00,79DAAFB4
2026-06-08T13:11:53Z,0.00,268.20,29.70,S,0.00,0.00,1008.30,82.60,1008.30,2.47,26.42,0.00,0.00,180.00,0.00,79DAAFB4
2026-06-08T12:54:45Z,0.00,268.20,29.82,S,0.00,0.00,1008.10,81.15,1008.10,2.69,26.23,0.00,0.00,180.00,0.00,79DAAFB4
2026-06-08T12:37:26Z,0.00,268.20,29.91,S,0.00,0.00,1008.10,80.47,1008.10,2.80,26.18,0.00,0.00,180.00,0.00,79DAAFB4
2026-06-08T12:20:07Z,0.00,268.20,29.94,S,0.00,0.00,1008.10,80.12,1008.10,2.85,26.13,0.00,0.00,180.00,0.00,79DAAFB4
2026-06-08T12:02:58Z,0.00,268.20,29.96,S,0.00,0.00,1007.70,79.49,1007.70,2.95,26.02,0.00,0.00,180.00,0.00,79DAAFB4
2026-06-08T11:45:50Z,0.00,268.20,30.10,S,0.00,0.00,1007.50,79.28,1007.50,2.98,26.11,0.00,0.00,180.00,0.00,79DAAFB4
2026-06-08T11:28:42Z,0.00,268.20,30.20,S,0.00,0.00,1007.50,78.63,1007.50,3.09,26.07,0.00,0.00,180.00,0.00,79DAAFB4
2026-06-08T11:11:23Z,0.00,268.20,30.34,S,0.00,0.00,1007.40,77.70,1007.40,3.23,26.00,0.00,0.00,180.00,0.00,79DAAFB4
2026-06-08T10:54:14Z,0.00,268.20,30.54,S,0.00,0.00,1007.20,77.89,1007.20,3.21,26.24,0.00,0.00,180.00,0.00,79DAAFB4
2026-06-08T10:33:28Z,0.00,268.20,30.90,S,0.00,0.00,1006.90,76.78,1006.90,3.40,26.34,0.00,0.00,180.00,0.00,79DAAFB4
2026-06-08T10:22:24Z,0.00,268.20,31.42,WSW,0.00,0.00,1005.80,73.53,1005.80,3.94,26.11,0.00,0.00,237.00,0.00,79DAAFB4
2026-06-08T10:05:14Z,0.00,268.20,31.61,S,0.00,0.00,1005.70,72.29,1005.70,4.15,26.00,0.00,0.00,180.00,0.00,79DAAFB4
2026-06-08T09:48:04Z,0.00,268.20,31.56,ESE,0.94,2.84,1005.80,71.76,1005.80,4.23,25.83,0.00,0.00,120.00,0.00,79DAAFB4
2026-06-08T09:30:54Z,0.00,268.20,31.83,S,0.00,0.00,1006.10,70.82,1006.10,4.40,25.87,0.00,0.00,180.00,0.00,79DAAFB4
2026-06-08T09:13:41Z,0.00,268.20,32.30,S,0.00,0.00,1005.90,68.46,1005.90,4.81,25.74,0.00,0.00,180.00,0.00,79DAAFB4
2026-06-08T08:56:32Z,0.00,268.20,32.46,S,0.00,0.00,1005.50,66.27,1005.50,5.19,25.35,0.00,0.00,180.00,0.00,79DAAFB4
2026-06-08T08:39:24Z,0.00,268.20,32.22,NE,1.04,3.17,1005.70,65.87,1005.70,5.24,25.02,0.00,0.00,44.00,0.00,79DAAFB4
2026-06-08T08:22:14Z,0.00,268.20,32.34,NNE,0.72,2.23,1005.70,67.72,1005.70,4.94,25.60,0.00,0.00,24.00,0.00,79DAAFB4
2026-06-08T08:04:53Z,0.00,268.20,32.44,N,0.00,0.00,1005.30,69.30,1005.30,4.69,26.08,0.00,0.00,9.00,0.00,79DAAFB4
2026-06-08T07:47:44Z,0.00,268.20,32.02,WNW,5.22,7.16,1005.50,69.50,1005.50,4.62,25.73,0.00,0.00,298.00,2.95,79DAAFB4
2026-06-08T07:30:34Z,0.00,268.20,31.84,W,1.91,4.00,1006.40,69.36,1006.40,4.63,25.53,0.00,0.00,276.00,0.00,79DAAFB4
2026-06-08T07:13:24Z,0.00,268.20,31.64,WSW,5.22,6.19,1006.40,74.38,1006.40,3.82,26.52,0.00,0.00,252.00,4.36,79DAAFB4
2026-06-08T06:56:03Z,0.00,268.20,32.31,NNE,1.98,3.85,1006.60,70.90,1006.60,4.42,26.35,0.00,0.00,33.00,0.00,79DAAFB4
2026-06-08T06:38:49Z,0.00,268.20,33.91,NNE,0.00,0.00,1006.60,64.57,1006.60,5.60,26.28,0.00,0.00,33.00,0.00,79DAAFB4
2026-06-08T06:18:12Z,0.00,268.20,36.61,S,0.00,0.00,1006.50,59.95,1006.50,6.68,27.55,0.00,0.00,180.00,0.00,79DAAFB4
2026-06-08T06:00:51Z,0.00,268.20,38.11,S,0.00,0.00,1006.70,56.15,1006.70,7.58,27.83,0.00,0.00,180.00,0.00,79DAAFB4
2026-06-08T05:43:41Z,0.00,268.20,34.39,S,0.00,0.00,1007.10,67.41,1007.10,5.15,27.47,0.00,0.00,180.00,0.00,79DAAFB4
2026-06-08T05:26:31Z,0.00,268.20,35.66,SW,0.00,0.00,1007.20,61.47,1007.20,6.31,27.09,0.00,0.00,224.00,0.00,79DAAFB4
2026-06-08T05:09:21Z,0.00,268.20,36.52,S,0.00,0.00,1007.40,59.29,1007.40,6.80,27.28,0.00,0.00,180.00,0.00,79DAAFB4
2026-06-08T04:52:11Z,0.00,268.20,36.23,ESE,0.83,2.48,1007.50,60.47,1007.50,6.55,27.34,0.00,0.00,121.00,0.00,79DAAFB4
2026-06-08T04:35:01Z,0.00,268.20,35.62,NNW,3.13,4.57,1007.70,58.90,1007.70,6.78,26.33,0.00,0.00,348.00,2.38,79DAAFB4
2026-06-08T04:17:52Z,0.00,268.20,36.67,ENE,1.37,4.14,1007.70,56.55,1007.70,7.34,26.61,0.00,0.00,69.00,0.00,79DAAFB4
2026-06-08T04:00:43Z,0.00,268.20,34.63,SSE,0.00,0.00,1008.20,62.77,1008.20,5.98,26.48,0.00,0.00,160.00,0.00,79DAAFB4
2026-06-08T03:43:31Z,0.00,268.20,34.08,S,0.00,0.00,1008.40,64.12,1008.40,5.69,26.32,0.00,0.00,180.00,0.00,79DAAFB4
2026-06-08T03:25:53Z,0.00,268.20,33.75,SSW,0.00,0.00,1008.60,65.39,1008.60,5.44,26.34,0.00,0.00,197.00,0.00,79DAAFB4
2026-06-05T09:44:31Z,0.00,268.20,37.67,SSE,0.00,0.00,1005.10,49.24,1005.10,8.94,25.19,0.00,0.00,164.00,0.00,79DAAFB4
2026-06-05T09:27:21Z,0.00,268.20,38.50,SSE,0.00,0.00,1004.90,47.92,1004.90,9.34,25.49,0.00,0.00,148.00,0.00,79DAAFB4
2026-06-05T09:10:18Z,0.00,268.20,38.83,S,2.81,3.60,1004.80,47.86,1004.80,9.40,25.77,0.00,0.00,185.00,1.94,79DAAFB4
2026-06-05T08:50:32Z,0.00,268.20,37.61,S,0.00,0.00,1004.70,50.39,1004.70,8.69,25.53,0.00,0.00,180.00,0.00,79DAAFB4
2026-06-05T08:33:12Z,0.00,268.20,37.97,SSE,1.55,4.64,1004.80,48.82,1004.80,9.07,25.32,0.00,0.00,150.00,0.00,79DAAFB4
2026-06-05T08:16:03Z,0.00,268.20,39.68,SSW,2.70,3.56,1004.70,46.42,1004.70,9.85,26.02,0.00,0.00,205.00,1.66,79DAAFB4
2026-06-05T07:58:53Z,0.00,268.20,39.76,S,4.25,4.75,1004.90,43.09,1004.90,10.63,24.84,0.00,0.00,190.00,3.71,79DAAFB4
2026-06-05T07:41:44Z,0.00,268.20,40.15,SSW,3.24,4.14,1005.10,44.91,1005.10,10.27,25.89,0.00,0.00,212.00,1.98,79DAAFB4
2026-06-05T07:24:33Z,0.00,268.20,39.32,SSW,0.97,2.92,1005.30,47.67,1005.30,9.52,26.15,0.00,0.00,203.00,0.00,79DAAFB4
2026-06-05T07:07:23Z,0.00,268.20,38.70,S,0.00,0.00,1005.60,49.35,1005.60,9.06,26.17,0.00,0.00,180.00,0.00,79DAAFB4
2026-06-05T06:50:14Z,0.00,268.20,37.76,SSW,0.00,0.00,1005.80,49.01,1005.80,9.00,25.20,0.00,0.00,212.00,0.00,79DAAFB4
2026-06-05T06:33:11Z,0.00,268.20,36.85,S,0.00,0.00,1006.30,52.55,1006.30,8.15,25.54,0.00,0.00,180.00,0.00,79DAAFB4
2026-06-05T06:13:23Z,0.00,268.20,38.58,NE,2.52,3.96,1006.30,47.79,1006.30,9.38,25.52,0.00,0.00,50.00,1.76,79DAAFB4
2026-06-05T05:56:14Z,0.00,268.20,36.98,NE,1.22,3.74,1006.70,51.23,1006.70,8.43,25.23,0.00,0.00,39.00,0.00,79DAAFB4
2026-06-05T05:39:15Z,0.00,268.20,37.49,S,0.00,0.00,1006.90,49.34,1006.90,8.89,25.06,0.00,0.00,180.00,0.00,79DAAFB4
2026-06-05T05:22:05Z,0.00,268.20,36.76,SE,3.02,4.00,1007.10,51.79,1007.10,8.29,25.21,0.00,0.00,127.00,2.09,79DAAFB4
2026-06-05T05:04:15Z,0.00,268.20,37.65,SSE,1.51,4.57,1007.20,47.96,1007.20,9.21,24.73,0.00,0.00,152.00,0.00,79DAAFB4
2026-06-05T04:41:37Z,0.00,268.20,37.80,N,0.00,0.00,1007.50,48.81,1007.50,9.05,25.16,0.00,0.00,357.00,0.00,79DAAFB4
2026-06-05T04:24:36Z,0.00,268.20,37.15,ENE,1.76,5.29,1012.74,51.82,1007.80,8.33,25.58,0.00,0.00,58.00,0.00,79DAAFB4
2026-06-05T04:16:03Z,0.00,268.20,36.10,S,0.00,0.00,1009.69,55.27,1008.00,7.52,25.70,0.00,0.00,180.00,0.00,79DAAFB4
2026-06-05T03:55:19Z,0.00,268.20,36.53,WSW,3.46,4.10,1010.19,52.74,1008.50,8.07,25.30,0.00,0.00,253.00,2.45,79DAAFB4
2026-06-05T03:37:15Z,0.00,268.20,36.22,NE,0.00,0.00,1011.59,55.01,1008.70,7.58,25.73,0.00,0.00,54.00,0.00,79DAAFB4
2026-06-05T03:19:39Z,0.00,268.20,35.93,W,1.76,2.84,1011.69,55.69,1008.80,7.42,25.67,0.00,0.00,259.00,0.00,79DAAFB4
2026-06-05T02:59:46Z,0.00,268.20,34.82,WSW,0.00,0.00,1011.89,59.66,1009.00,6.56,25.80,0.00,0.00,238.00,0.00,79DAAFB4
2026-06-05T02:38:58Z,0.00,268.20,34.07,SW,0.00,0.00,1011.89,61.23,1009.00,6.20,25.53,0.00,0.00,230.00,0.00,79DAAFB4
2026-06-05T02:18:10Z,0.00,268.20,33.45,NW,0.00,0.00,1011.99,65.30,1009.10,5.43,26.04,0.00,0.00,318.00,0.00,79DAAFB4
2026-06-05T02:00:24Z,0.00,268.20,32.50,SE,0.00,0.00,1013.94,69.10,1009.00,4.72,26.09,0.00,0.00,140.00,0.00,79DAAFB4
2026-06-05T01:51:57Z,0.00,268.20,32.78,S,0.00,0.00,1009.00,68.59,1009.00,4.83,26.23,0.00,0.00,180.00,0.00,79DAAFB4
2026-06-05T01:30:42Z,0.00,268.20,29.69,S,0.00,0.00,1009.30,79.29,1009.30,2.96,25.71,0.00,0.00,180.00,0.00,79DAAFB4
2026-06-05T01:13:34Z,0.00,268.20,29.75,S,0.00,0.00,1010.80,83.33,1010.80,2.36,26.61,0.00,0.00,180.00,0.00,79DAAFB4
2026-06-05T00:56:26Z,0.00,268.20,29.57,S,0.00,0.00,1010.70,85.10,1010.70,2.09,26.80,0.00,0.00,180.00,0.00,79DAAFB4
2026-06-05T00:39:18Z,0.00,268.20,29.57,S,0.00,0.00,1010.70,84.69,1010.70,2.16,26.71,0.00,0.00,180.00,0.00,79DAAFB4
2026-06-05T00:21:59Z,0.00,268.20,29.62,S,0.00,0.00,1010.60,85.70,1010.60,2.01,26.96,0.00,0.00,180.00,0.00,79DAAFB4
2026-06-05T00:01:30Z,0.00,268.20,29.65,S,0.00,0.00,1010.60,84.57,1010.60,2.18,26.77,0.00,0.00,180.00,0.00,79DAAFB4
2026-06-04T23:44:22Z,0.00,268.20,29.57,S,0.00,0.00,1010.30,84.13,1010.30,2.24,26.60,0.00,0.00,180.00,0.00,79DAAFB4
2026-06-04T23:27:02Z,0.00,268.20,29.61,S,0.00,0.00,1010.00,84.00,1010.00,2.26,26.61,0.00,0.00,180.00,0.00,79DAAFB4
2026-06-04T23:09:53Z,0.00,268.20,29.57,S,0.00,0.00,1009.90,84.17,1009.90,2.23,26.61,0.00,0.00,180.00,0.00,79DAAFB4
2026-06-04T22:52:34Z,0.00,268.20,29.60,S,0.00,0.00,1009.50,84.09,1009.50,2.24,26.62,0.00,0.00,180.00,0.00,79DAAFB4
2026-06-04T22:35:25Z,0.00,268.20,29.61,S,0.00,0.00,1009.20,84.04,1009.20,2.25,26.62,0.00,0.00,180.00,0.00,79DAAFB4
2026-06-04T22:18:16Z,0.00,268.20,29.59,S,0.00,0.00,1008.80,83.95,1008.80,2.27,26.58,0.00,0.00,180.00,0.00,79DAAFB4
2026-06-04T22:00:57Z,0.00,268.20,29.62,S,0.00,0.00,1008.80,83.94,1008.80,2.27,26.61,0.00,0.00,180.00,0.00,79DAAFB4
2026-06-04T21:43:49Z,0.00,268.20,29.58,S,0.00,0.00,1008.90,83.88,1008.90,2.28,26.56,0.00,0.00,180.00,0.00,79DAAFB4
2026-06-04T21:26:41Z,0.00,268.20,29.58,S,0.00,0.00,1008.80,83.82,1008.80,2.28,26.55,0.00,0.00,180.00,0.00,79DAAFB4
2026-06-04T21:09:22Z,0.00,268.20,29.57,S,0.00,0.00,1008.70,83.92,1008.70,2.27,26.56,0.00,0.00,180.00,0.00,79DAAFB4
2026-06-04T20:52:03Z,0.00,268.20,29.59,S,0.00,0.00,1008.60,83.65,1008.60,2.31,26.52,0.00,0.00,180.00,0.00,79DAAFB4
2026-06-04T20:34:54Z,0.00,268.20,29.59,S,0.00,0.00,1008.50,83.62,1008.50,2.31,26.52,0.00,0.00,180.00,0.00,79DAAFB4
2026-06-04T20:17:46Z,0.00,268.20,29.57,S,0.00,0.00,1008.40,83.34,1008.40,2.36,26.44,0.00,0.00,180.00,0.00,79DAAFB4
2026-06-04T20:00:38Z,0.00,268.20,29.63,S,0.00,0.00,1008.40,83.41,1008.40,2.35,26.51,0.00,0.00,180.00,0.00,79DAAFB4
2026-06-04T19:43:30Z,0.00,268.20,19.72,S,0.00,0.00,672.40,55.51,672.40,5.54,10.57,0.00,0.00,180.00,0.00,79DAAFB4
2026-06-04T19:26:22Z,0.00,268.20,29.58,S,0.00,0.00,1008.70,83.18,1008.70,2.38,26.42,0.00,0.00,180.00,0.00,79DAAFB4
2026-06-04T19:09:14Z,0.00,268.20,29.61,S,0.00,0.00,1008.80,83.13,1008.80,2.39,26.44,0.00,0.00,180.00,0.00,79DAAFB4
2026-06-04T18:52:06Z,0.00,268.20,29.57,S,0.00,0.00,1009.10,83.10,1009.10,2.39,26.39,0.00,0.00,180.00,0.00,79DAAFB4
2026-06-04T18:34:47Z,0.00,268.20,29.66,S,0.00,0.00,1009.10,83.12,1009.10,2.39,26.48,0.00,0.00,180.00,0.00,79DAAFB4
2026-06-04T18:17:39Z,0.00,268.20,29.63,S,0.00,0.00,1009.40,83.01,1009.40,2.41,26.43,0.00,0.00,180.00,0.00,79DAAFB4
2026-06-04T18:00:19Z,0.00,268.20,29.67,S,0.00,0.00,1009.60,83.04,1009.60,2.40,26.48,0.00,0.00,180.00,0.00,79DAAFB4
2026-06-04T17:43:00Z,0.00,268.20,29.65,S,0.00,0.00,1009.60,83.11,1009.60,2.39,26.47,0.00,0.00,180.00,0.00,79DAAFB4
2026-06-04T17:25:52Z,0.00,268.20,29.67,S,0.00,0.00,1009.70,82.77,1009.70,2.44,26.42,0.00,0.00,180.00,0.00,79DAAFB4
2026-06-04T17:08:33Z,0.00,268.20,29.64,S,0.00,0.00,1009.70,82.80,1009.70,2.44,26.40,0.00,0.00,180.00,0.00,79DAAFB4
2026-06-04T16:51:24Z,0.00,268.20,29.61,S,0.00,0.00,1009.90,82.71,1009.90,2.45,26.35,0.00,0.00,180.00,0.00,79DAAFB4
2026-06-04T16:34:15Z,0.00,268.20,29.66,S,0.00,0.00,1010.00,82.61,1010.00,2.47,26.38,0.00,0.00,180.00,0.00,79DAAFB4
2026-06-04T16:17:07Z,0.00,268.20,29.70,S,0.00,0.00,1010.00,82.51,1010.00,2.48,26.40,0.00,0.00,180.00,0.00,79DAAFB4
2026-06-04T16:00:21Z,0.00,268.20,29.70,S,0.00,0.00,1010.10,82.54,1010.10,2.48,26.40,0.00,0.00,180.00,0.00,79DAAFB4
2026-06-04T15:43:13Z,0.00,268.20,29.68,S,0.00,0.00,1010.10,81.90,1010.10,2.57,26.25,0.00,0.00,180.00,0.00,79DAAFB4
2026-06-04T15:26:05Z,0.00,268.20,29.75,S,0.00,0.00,1010.10,81.55,1010.10,2.63,26.25,0.00,0.00,180.00,0.00,79DAAFB4
2026-06-04T15:08:46Z,0.00,268.20,29.66,S,0.00,0.00,1010.30,80.54,1010.30,2.78,25.95,0.00,0.00,180.00,0.00,79DAAFB4
2026-06-04T14:51:27Z,0.00,268.20,29.71,S,0.00,0.00,1010.20,79.73,1010.20,2.90,25.83,0.00,0.00,180.00,0.00,79DAAFB4
2026-06-04T14:34:18Z,0.00,268.20,29.75,S,0.00,0.00,1010.20,79.05,1010.20,3.00,25.72,0.00,0.00,180.00,0.00,79DAAFB4
2026-06-04T14:17:10Z,0.00,268.20,29.73,S,0.00,0.00,1009.90,78.45,1009.90,3.09,25.57,0.00,0.00,180.00,0.00,79DAAFB4
2026-06-04T14:00:02Z,0.00,268.20,29.78,S,0.00,0.00,1009.70,78.35,1009.70,3.11,25.60,0.00,0.00,180.00,0.00,79DAAFB4
2026-06-04T13:42:43Z,0.00,268.20,29.84,S,0.00,0.00,1009.20,78.30,1009.20,3.12,25.65,0.00,0.00,180.00,0.00,79DAAFB4
2026-06-04T13:25:34Z,0.00,268.20,29.84,S,0.00,0.00,1008.90,77.88,1008.90,3.18,25.56,0.00,0.00,180.00,0.00,79DAAFB4
2026-06-04T13:08:25Z,0.00,268.20,29.89,S,0.00,0.00,1008.80,77.16,1008.80,3.30,25.45,0.00,0.00,180.00,0.00,79DAAFB4
2026-06-04T12:51:16Z,0.00,268.20,29.93,S,0.00,0.00,1008.50,76.46,1008.50,3.40,25.33,0.00,0.00,180.00,0.00,79DAAFB4
2026-06-04T12:34:08Z,0.00,268.20,30.01,S,0.00,0.00,1008.30,75.17,1008.30,3.61,25.12,0.00,0.00,180.00,0.00,79DAAFB4
2026-06-04T12:17:00Z,0.00,268.20,30.06,S,0.00,0.00,1008.00,74.40,1008.00,3.73,25.00,0.00,0.00,180.00,0.00,79DAAFB4
2026-06-04T11:59:41Z,0.00,268.20,30.23,S,0.00,0.00,1007.50,73.77,1007.50,3.83,25.02,0.00,0.00,180.00,0.00,79DAAFB4
2026-06-04T11:42:22Z,0.00,268.20,30.48,S,0.00,0.00,1007.40,72.91,1007.40,3.98,25.06,0.00,0.00,180.00,0.00,79DAAFB4
2026-06-04T11:25:14Z,0.00,268.20,30.65,S,0.00,0.00,1007.30,72.09,1007.30,4.12,25.04,0.00,0.00,180.00,0.00,79DAAFB4
2026-06-04T11:07:54Z,0.00,268.20,30.90,S,0.00,0.00,1007.10,71.31,1007.10,4.26,25.09,0.00,0.00,180.00,0.00,79DAAFB4
2026-06-04T10:50:45Z,0.00,268.20,31.67,S,0.00,0.00,1007.00,68.46,1007.00,4.77,25.14,0.00,0.00,180.00,0.00,79DAAFB4
2026-06-04T10:33:37Z,0.00,268.20,31.92,S,0.00,0.00,1006.40,68.27,1006.40,4.82,25.33,0.00,0.00,180.00,0.00,79DAAFB4
2026-06-04T10:16:23Z,0.00,268.20,31.71,S,0.00,0.00,1006.10,70.98,1006.10,4.36,25.79,0.00,0.00,180.00,0.00,79DAAFB4
2026-06-04T09:59:04Z,0.00,268.20,31.81,S,0.00,0.00,1006.10,70.77,1006.10,4.40,25.84,0.00,0.00,180.00,0.00,79DAAFB4
2026-06-04T09:41:56Z,0.00,268.20,32.16,S,0.00,0.00,1006.00,66.37,1006.00,5.15,25.09,0.00,0.00,180.00,0.00,79DAAFB4
2026-06-04T09:24:36Z,0.00,268.20,31.82,S,0.00,0.00,1005.70,68.45,1005.70,4.78,25.28,0.00,0.00,180.00,0.00,79DAAFB4
2026-06-04T09:07:27Z,0.00,268.20,31.42,S,0.00,0.00,1005.70,68.61,1005.70,4.73,24.94,0.00,0.00,180.00,0.00,79DAAFB4
2026-06-04T08:50:19Z,0.00,268.20,31.94,S,0.00,0.00,1005.60,67.53,1005.60,4.94,25.17,0.00,0.00,180.00,0.00,79DAAFB4
2026-06-04T08:33:11Z,0.00,268.20,32.39,S,0.00,0.00,1005.50,65.95,1005.50,5.24,25.20,0.00,0.00,180.00,0.00,79DAAFB4
2026-06-04T08:16:03Z,0.00,268.20,32.61,S,0.00,0.00,1005.40,68.31,1005.40,4.86,26.00,0.00,0.00,180.00,0.00,79DAAFB4
2026-06-04T07:58:55Z,0.00,268.20,32.65,S,0.00,0.00,1005.50,66.98,1005.50,5.09,25.71,0.00,0.00,180.00,0.00,79DAAFB4
2026-06-04T07:41:47Z,0.00,268.20,32.78,S,0.00,0.00,1005.60,67.12,1005.60,5.07,25.87,0.00,0.00,180.00,0.00,79DAAFB4
2026-06-04T07:24:39Z,0.00,268.20,33.52,S,0.00,0.00,1005.60,63.81,1005.60,5.70,25.71,0.00,0.00,180.00,0.00,79DAAFB4
2026-06-04T07:07:20Z,0.00,268.20,33.21,ENE,3.49,3.96,1005.70,64.54,1005.70,5.54,25.61,0.00,0.00,61.00,2.63,79DAAFB4
2026-06-04T06:50:12Z,0.00,268.20,33.08,S,0.00,0.00,1006.00,63.91,1006.00,5.64,25.32,0.00,0.00,180.00,0.00,79DAAFB4
2026-06-04T06:33:03Z,0.00,268.20,32.84,E,0.00,0.00,1006.00,65.71,1006.00,5.31,25.56,0.00,0.00,81.00,0.00,79DAAFB4
2026-06-04T06:15:55Z,0.00,268.20,32.82,NNW,0.58,1.80,1006.40,68.06,1006.40,4.92,26.14,0.00,0.00,335.00,0.00,79DAAFB4
2026-06-04T05:58:47Z,0.00,268.20,22.19,S,0.00,0.00,671.00,43.43,671.00,7.57,9.17,0.00,0.00,180.00,0.00,79DAAFB4
2026-06-04T05:41:39Z,0.00,268.20,33.10,S,0.00,0.00,1006.90,67.12,1006.90,5.10,26.17,0.00,0.00,180.00,0.00,79DAAFB4
2026-06-04T05:24:31Z,0.00,268.20,32.88,S,0.00,0.00,1007.30,67.47,1007.30,5.02,26.05,0.00,0.00,180.00,0.00,79DAAFB4
2026-06-04T05:07:23Z,0.00,268.20,32.49,S,0.00,0.00,1007.70,67.60,1007.70,4.97,25.71,0.00,0.00,180.00,0.00,79DAAFB4
2026-06-04T04:50:03Z,0.00,268.20,32.34,NNE,0.00,0.00,1007.90,69.93,1007.90,4.58,26.14,0.00,0.00,24.00,0.00,79DAAFB4
2026-06-04T04:32:55Z,0.00,268.20,32.83,S,0.00,0.00,1008.30,68.04,1008.30,4.92,26.14,0.00,0.00,180.00,0.00,79DAAFB4
2026-06-04T04:15:36Z,0.00,268.20,32.08,S,0.00,0.00,1008.50,71.49,1008.50,4.31,26.27,0.00,0.00,180.00,0.00,79DAAFB4
2026-06-04T03:58:17Z,0.00,268.20,32.50,S,0.00,0.00,1008.60,69.18,1008.60,4.71,26.11,0.00,0.00,180.00,0.00,79DAAFB4
2026-06-04T03:41:08Z,0.00,268.20,32.31,S,0.00,0.00,1008.70,70.90,1008.70,4.42,26.35,0.00,0.00,180.00,0.00,79DAAFB4
2026-06-04T03:23:59Z,0.00,268.20,31.12,S,0.00,0.00,1008.90,76.38,1008.90,3.48,26.47,0.00,0.00,180.00,0.00,79DAAFB4
2026-06-04T03:06:51Z,0.00,268.20,30.49,S,0.00,0.00,1008.90,77.42,1008.90,3.28,26.09,0.00,0.00,180.00,0.00,79DAAFB4
2026-06-04T02:49:43Z,0.00,268.20,30.26,S,0.00,0.00,1008.90,78.19,1008.90,3.16,26.03,0.00,0.00,180.00,0.00,79DAAFB4
2026-06-04T02:32:24Z,0.00,268.20,29.95,NE,0.00,0.00,1008.80,79.25,1008.80,2.98,25.96,0.00,0.00,53.00,0.00,79DAAFB4
2026-06-04T02:15:15Z,0.00,268.20,30.16,S,0.00,0.00,1008.80,78.52,1008.80,3.10,26.00,0.00,0.00,180.00,0.00,79DAAFB4
2026-06-04T01:58:06Z,0.00,268.20,30.16,S,0.00,0.00,1008.90,78.68,1008.90,3.08,26.04,0.00,0.00,180.00,0.00,79DAAFB4
2026-06-04T01:40:47Z,0.00,268.20,29.76,S,0.00,0.00,1009.00,79.42,1009.00,2.95,25.81,0.00,0.00,180.00,0.00,79DAAFB4
2026-06-04T01:23:39Z,0.00,268.20,29.46,S,0.00,0.00,1008.80,80.43,1008.80,2.78,25.73,0.00,0.00,180.00,0.00,79DAAFB4
2026-06-04T01:06:31Z,0.00,268.20,29.40,S,0.00,0.00,1008.60,81.59,1008.60,2.61,25.91,0.00,0.00,180.00,0.00,79DAAFB4
2026-06-04T00:49:12Z,0.00,268.20,29.30,S,0.00,0.00,1008.30,78.69,1008.30,3.04,25.21,0.00,0.00,180.00,0.00,79DAAFB4
2026-06-04T00:31:53Z,0.00,268.20,29.30,S,0.00,0.00,1008.20,80.72,1008.20,2.74,25.64,0.00,0.00,180.00,0.00,79DAAFB4
2026-06-04T00:14:45Z,0.00,268.20,29.36,S,0.00,0.00,1008.00,80.46,1008.00,2.78,25.64,0.00,0.00,180.00,0.00,79DAAFB4
2026-06-03T23:57:25Z,0.00,268.20,29.32,S,0.00,0.00,1007.80,80.42,1007.80,2.78,25.59,0.00,0.00,180.00,0.00,79DAAFB4
2026-06-03T23:40:16Z,0.00,268.20,29.31,S,0.00,0.00,1007.70,80.37,1007.70,2.79,25.57,0.00,0.00,180.00,0.00,79DAAFB4
2026-06-03T23:23:08Z,0.00,268.20,29.31,S,0.00,0.00,1007.70,80.46,1007.70,2.77,25.59,0.00,0.00,180.00,0.00,79DAAFB4
2026-06-03T23:05:49Z,0.00,268.20,29.29,S,0.00,0.00,1007.60,80.46,1007.60,2.77,25.57,0.00,0.00,180.00,0.00,79DAAFB4
2026-06-03T22:48:41Z,0.00,268.20,29.30,S,0.00,0.00,1007.50,80.58,1007.50,2.76,25.61,0.00,0.00,180.00,0.00,79DAAFB4
2026-06-03T22:31:33Z,0.00,268.20,29.30,S,0.00,0.00,1007.60,80.68,1007.60,2.74,25.63,0.00,0.00,180.00,0.00,79DAAFB4
2026-06-03T22:14:14Z,0.00,268.20,29.24,S,0.00,0.00,1007.50,80.86,1007.50,2.71,25.61,0.00,0.00,180.00,0.00,79DAAFB4
2026-06-03T21:57:06Z,0.00,268.20,29.28,S,0.00,0.00,1007.50,80.99,1007.50,2.69,25.67,0.00,0.00,180.00,0.00,79DAAFB4
2026-06-03T21:39:46Z,0.00,268.20,29.36,S,0.00,0.00,1007.50,81.23,1007.50,2.66,25.80,0.00,0.00,180.00,0.00,79DAAFB4
2026-06-03T21:22:27Z,0.00,268.20,29.25,S,0.00,0.00,1007.30,81.48,1007.30,2.62,25.75,0.00,0.00,180.00,0.00,79DAAFB4
2026-06-03T21:01:57Z,0.00,268.20,29.42,S,0.00,0.00,1007.40,81.63,1007.40,2.60,25.94,0.00,0.00,180.00,0.00,79DAAFB4
2026-06-03T20:44:48Z,0.00,268.20,29.36,S,0.00,0.00,1007.40,81.84,1007.40,2.57,25.93,0.00,0.00,180.00,0.00,79DAAFB4
2026-06-03T20:27:40Z,0.00,268.20,29.31,S,0.00,0.00,1007.30,81.84,1007.30,2.57,25.88,0.00,0.00,180.00,0.00,79DAAFB4
2026-06-03T20:10:32Z,0.00,268.20,29.35,S,0.00,0.00,1007.00,82.00,1007.00,2.55,25.95,0.00,0.00,180.00,0.00,79DAAFB4
2026-06-03T19:53:13Z,0.00,268.20,29.35,S,0.00,0.00,1006.80,82.32,1006.80,2.50,26.02,0.00,0.00,180.00,0.00,79DAAFB4
2026-06-03T19:36:04Z,0.00,268.20,29.32,S,0.00,0.00,1006.70,82.68,1006.70,2.45,26.06,0.00,0.00,180.00,0.00,79DAAFB4
2026-06-03T19:18:55Z,0.00,268.20,29.30,S,0.00,0.00,1007.10,82.53,1007.10,2.47,26.01,0.00,0.00,180.00,0.00,79DAAFB4
2026-06-03T19:01:36Z,0.00,268.20,29.33,S,0.00,0.00,1007.00,82.67,1007.00,2.45,26.07,0.00,0.00,180.00,0.00,79DAAFB4
2026-06-03T18:44:28Z,0.00,268.20,29.30,S,0.00,0.00,1007.20,82.68,1007.20,2.44,26.04,0.00,0.00,180.00,0.00,79DAAFB4
2026-06-03T18:27:20Z,0.00,268.20,29.39,S,0.00,0.00,1007.30,82.71,1007.30,2.44,26.14,0.00,0.00,180.00,0.00,79DAAFB4
2026-06-03T18:10:01Z,0.00,268.20,29.32,S,0.00,0.00,1007.80,82.58,1007.80,2.46,26.04,0.00,0.00,180.00,0.00,79DAAFB4
2026-06-03T17:52:42Z,0.00,268.20,29.27,S,0.00,0.00,1008.00,82.84,1008.00,2.42,26.05,0.00,0.00,180.00,0.00,79DAAFB4
2026-06-03T17:35:33Z,0.00,268.20,29.27,S,0.00,0.00,1008.30,83.02,1008.30,2.39,26.08,0.00,0.00,180.00,0.00,79DAAFB4
2026-06-03T17:18:25Z,0.00,268.20,29.21,S,0.00,0.00,1008.90,83.14,1008.90,2.37,26.05,0.00,0.00,180.00,0.00,79DAAFB4
2026-06-03T17:01:17Z,0.00,268.20,29.23,S,0.00,0.00,1009.10,83.28,1009.10,2.35,26.10,0.00,0.00,180.00,0.00,79DAAFB4
2026-06-03T16:43:58Z,0.00,268.20,29.21,S,0.00,0.00,1009.40,83.42,1009.40,2.33,26.10,0.00,0.00,180.00,0.00,79DAAFB4
2026-06-03T16:26:50Z,0.00,268.20,29.20,S,0.00,0.00,1009.70,83.27,1009.70,2.35,26.06,0.00,0.00,180.00,0.00,79DAAFB4
2026-06-03T16:09:42Z,0.00,268.20,29.15,S,0.00,0.00,1009.80,83.18,1009.80,2.37,26.00,0.00,0.00,180.00,0.00,79DAAFB4
2026-06-03T15:53:07Z,0.00,268.20,29.10,S,0.00,0.00,1009.80,83.23,1009.80,2.36,25.96,0.00,0.00,180.00,0.00,79DAAFB4
2026-06-03T15:35:59Z,0.00,268.20,29.15,S,0.00,0.00,1009.70,83.13,1009.70,2.37,25.99,0.00,0.00,180.00,0.00,79DAAFB4
2026-06-03T15:18:40Z,0.00,268.20,29.08,S,0.00,0.00,1009.80,83.56,1009.80,2.31,26.01,0.00,0.00,180.00,0.00,79DAAFB4
2026-06-03T15:01:21Z,0.00,268.20,29.05,S,0.00,0.00,1009.70,83.48,1009.70,2.32,25.96,0.00,0.00,180.00,0.00,79DAAFB4
2026-06-03T14:44:12Z,0.00,268.20,28.97,S,0.00,0.00,1009.40,83.78,1009.40,2.27,25.94,0.00,0.00,180.00,0.00,79DAAFB4
2026-06-03T14:27:04Z,0.00,268.20,28.93,S,0.00,0.00,1009.40,84.07,1009.40,2.23,25.96,0.00,0.00,180.00,0.00,79DAAFB4
2026-06-03T14:09:56Z,0.00,268.20,28.89,S,0.00,0.00,1009.40,84.27,1009.40,2.20,25.96,0.00,0.00,180.00,0.00,79DAAFB4
2026-06-03T13:52:48Z,0.00,268.20,19.21,S,0.00,0.00,672.80,56.67,672.80,5.33,10.40,0.00,0.00,180.00,0.00,79DAAFB4
2026-06-03T13:35:40Z,0.00,268.20,28.63,S,0.00,0.00,1009.00,85.79,1009.00,1.97,26.01,0.00,0.00,180.00,0.00,79DAAFB4
2026-06-03T13:18:32Z,0.00,268.20,28.53,S,0.00,0.00,1008.80,86.34,1008.80,1.89,26.02,0.00,0.00,180.00,0.00,79DAAFB4
2026-06-03T13:01:24Z,0.00,268.20,28.50,S,0.00,0.00,1008.50,87.32,1008.50,1.74,26.18,0.00,0.00,180.00,0.00,79DAAFB4
2026-06-03T12:44:05Z,0.00,268.20,28.45,S,0.00,0.00,1008.20,88.15,1008.20,1.62,26.29,0.00,0.00,180.00,0.00,79DAAFB4
2026-06-03T12:26:57Z,0.00,268.20,28.37,S,0.00,0.00,1007.80,88.10,1007.80,1.63,26.21,0.00,0.00,180.00,0.00,79DAAFB4
2026-06-03T12:09:37Z,0.00,268.20,28.21,S,0.00,0.00,1007.70,89.17,1007.70,1.47,26.25,0.00,0.00,180.00,0.00,79DAAFB4
2026-06-03T11:52:18Z,0.00,268.20,28.21,S,0.00,0.00,1007.60,88.90,1007.60,1.51,26.20,0.00,0.00,180.00,0.00,79DAAFB4
2026-06-03T11:35:10Z,0.00,268.20,28.35,S,0.00,0.00,1007.40,88.77,1007.40,1.53,26.31,0.00,0.00,180.00,0.00,79DAAFB4
2026-06-03T11:17:51Z,0.00,268.20,28.54,S,0.00,0.00,1006.80,89.24,1006.80,1.47,26.59,0.00,0.00,180.00,0.00,79DAAFB4
2026-06-03T11:00:42Z,0.00,268.20,28.47,S,0.00,0.00,1006.20,89.62,1006.20,1.41,26.59,0.00,0.00,180.00,0.00,79DAAFB4
2026-06-03T10:43:33Z,0.00,268.20,28.21,S,0.00,0.00,1006.30,90.67,1006.30,1.26,26.54,0.00,0.00,180.00,0.00,79DAAFB4
2026-06-03T10:26:24Z,0.00,268.20,27.44,S,0.00,0.00,1006.00,92.06,1006.00,1.05,26.03,0.00,0.00,180.00,0.00,79DAAFB4
2026-06-03T10:09:15Z,0.00,268.20,27.25,S,0.00,0.00,1005.90,92.70,1005.90,0.96,25.96,0.00,0.00,180.00,0.00,79DAAFB4
2026-06-03T09:52:07Z,0.20,268.20,26.70,S,0.00,0.00,1005.80,93.18,1005.80,0.89,25.50,0.00,0.00,180.00,0.00,79DAAFB4
2026-06-03T09:34:57Z,10.20,268.00,26.73,S,0.00,0.00,1005.50,93.17,1005.50,0.89,25.53,0.00,0.00,180.00,0.00,79DAAFB4
2026-06-03T09:17:49Z,0.00,257.80,30.81,S,0.00,0.00,1005.60,78.39,1005.60,3.15,26.61,0.00,0.00,180.00,0.00,79DAAFB4
2026-06-03T09:00:41Z,0.00,257.80,31.75,W,4.25,4.72,1005.10,67.51,1005.10,4.93,24.98,0.00,0.00,264.00,3.74,79DAAFB4
2026-06-03T08:43:33Z,0.00,257.80,32.32,S,0.00,0.00,1004.60,66.20,1004.60,5.19,25.20,0.00,0.00,180.00,0.00,79DAAFB4
2026-06-03T08:26:23Z,0.00,257.80,32.05,NW,0.68,2.05,1004.60,67.63,1004.60,4.93,25.30,0.00,0.00,305.00,0.00,79DAAFB4
2026-06-03T08:09:14Z,0.00,257.80,31.92,WNW,3.24,4.00,1004.90,67.48,1004.90,4.95,25.14,0.00,0.00,296.00,2.70,79DAAFB4
2026-06-03T07:51:55Z,0.00,257.80,31.80,NE,3.38,3.64,1005.00,68.25,1005.00,4.81,25.22,0.00,0.00,54.00,2.99,79DAAFB4
2026-06-03T07:34:47Z,0.00,257.80,31.65,ENE,0.00,0.00,1005.40,68.27,1005.40,4.80,25.08,0.00,0.00,66.00,0.00,79DAAFB4
2026-06-03T07:17:37Z,0.00,257.80,31.52,S,0.00,0.00,1005.60,68.99,1005.60,4.67,25.13,0.00,0.00,180.00,0.00,79DAAFB4
2026-06-03T07:00:17Z,0.00,257.80,31.57,S,0.00,0.00,1005.80,68.91,1005.80,4.69,25.16,0.00,0.00,180.00,0.00,79DAAFB4
2026-06-03T06:43:08Z,0.00,257.80,31.45,S,0.00,0.00,1006.00,70.22,1006.00,4.47,25.36,0.00,0.00,180.00,0.00,79DAAFB4
2026-06-03T06:26:00Z,0.00,257.80,31.66,S,0.00,0.00,1006.20,68.74,1006.20,4.72,25.20,0.00,0.00,180.00,0.00,79DAAFB4
2026-06-03T06:08:41Z,0.00,257.80,31.49,S,0.00,0.00,1006.40,68.10,1006.40,4.81,24.88,0.00,0.00,180.00,0.00,79DAAFB4
2026-06-03T05:51:33Z,0.00,257.80,31.09,S,0.00,0.00,1006.70,70.35,1006.70,4.42,25.05,0.00,0.00,180.00,0.00,79DAAFB4
2026-06-03T05:34:25Z,0.00,257.80,30.85,ENE,0.61,1.91,1007.00,70.93,1007.00,4.32,24.96,0.00,0.00,64.00,0.00,79DAAFB4
2026-06-03T05:17:06Z,0.00,257.80,30.68,S,0.00,0.00,1007.30,72.15,1007.30,4.11,25.08,0.00,0.00,180.00,0.00,79DAAFB4
2026-06-03T04:59:57Z,0.00,257.80,30.60,ENE,0.00,0.00,1007.50,71.99,1007.50,4.13,24.97,0.00,0.00,57.00,0.00,79DAAFB4
2026-06-03T04:42:38Z,0.00,257.80,30.75,S,0.00,0.00,1007.70,72.29,1007.70,4.09,25.18,0.00,0.00,180.00,0.00,79DAAFB4
2026-06-03T04:25:19Z,0.00,257.80,30.96,S,0.00,0.00,1007.90,72.46,1007.90,4.08,25.42,0.00,0.00,180.00,0.00,79DAAFB4
2026-06-03T04:08:10Z,0.00,257.80,30.97,S,0.00,0.00,1007.90,70.82,1007.90,4.34,25.04,0.00,0.00,180.00,0.00,79DAAFB4
2026-06-03T03:51:01Z,0.00,257.80,30.39,NE,0.00,0.00,1008.00,72.86,1008.00,3.98,24.97,0.00,0.00,47.00,0.00,79DAAFB4
2026-06-03T03:33:52Z,0.00,257.80,30.46,S,0.00,0.00,1008.10,72.49,1008.10,4.05,24.95,0.00,0.00,180.00,0.00,79DAAFB4
2026-06-03T03:16:42Z,0.00,257.80,30.15,S,0.00,0.00,1008.10,74.42,1008.10,3.73,25.09,0.00,0.00,180.00,0.00,79DAAFB4
2026-06-03T02:59:33Z,0.00,257.80,29.85,S,0.00,0.00,1008.10,77.41,1008.10,3.26,25.46,0.00,0.00,180.00,0.00,79DAAFB4
2026-06-03T02:42:14Z,0.00,257.80,29.51,S,0.00,0.00,1008.10,78.35,1008.10,3.10,25.34,0.00,0.00,180.00,0.00,79DAAFB4
2026-06-03T02:25:05Z,0.00,257.80,29.03,WNW,0.72,2.16,1008.40,78.47,1008.40,3.06,24.90,0.00,0.00,287.00,0.00,79DAAFB4
2026-06-03T02:07:56Z,0.00,257.80,29.03,S,0.00,0.00,1008.20,78.71,1008.20,3.02,24.95,0.00,0.00,180.00,0.00,79DAAFB4
2026-06-03T01:50:37Z,0.00,257.80,28.75,S,0.00,0.00,1008.10,78.22,1008.10,3.08,24.57,0.00,0.00,180.00,0.00,79DAAFB4
2026-06-03T01:33:29Z,0.00,257.80,29.06,WNW,4.00,4.54,1008.10,77.46,1008.10,3.21,24.71,0.00,0.00,298.00,3.67,79DAAFB4
2026-06-03T01:16:21Z,0.00,257.80,29.36,S,0.00,0.00,1008.10,77.49,1008.10,3.22,25.01,0.00,0.00,180.00,0.00,79DAAFB4
2026-06-03T00:59:02Z,0.00,257.80,29.11,S,0.00,0.00,1008.30,81.06,1008.30,2.68,25.52,0.00,0.00,180.00,0.00,79DAAFB4
2026-06-03T00:41:43Z,0.00,257.80,29.05,S,0.00,0.00,1008.20,78.26,1008.20,3.09,24.87,0.00,0.00,180.00,0.00,79DAAFB4
2026-06-03T00:24:34Z,0.00,257.80,29.08,S,0.00,0.00,1008.10,77.89,1008.10,3.15,24.82,0.00,0.00,180.00,0.00,79DAAFB4
2026-06-03T00:07:26Z,0.00,257.80,29.37,S,0.00,0.00,1008.10,79.24,1008.10,2.96,25.39,0.00,0.00,180.00,0.00,79DAAFB4
2026-06-02T23:50:18Z,0.00,257.80,29.36,S,0.00,0.00,1008.00,80.28,1008.00,2.80,25.60,0.00,0.00,180.00,0.00,79DAAFB4
2026-06-02T23:32:59Z,0.00,257.80,29.45,S,0.00,0.00,1007.80,80.79,1007.80,2.73,25.80,0.00,0.00,180.00,0.00,79DAAFB4
2026-06-02T23:15:50Z,0.00,257.80,29.41,S,0.00,0.00,1007.50,81.02,1007.50,2.69,25.81,0.00,0.00,180.00,0.00,79DAAFB4
2026-06-02T22:58:41Z,0.00,257.80,29.37,S,0.00,0.00,1007.00,81.24,1007.00,2.66,25.81,0.00,0.00,180.00,0.00,79DAAFB4
2026-06-02T22:41:33Z,0.00,257.80,29.37,S,0.00,0.00,1006.90,81.38,1006.90,2.64,25.84,0.00,0.00,180.00,0.00,79DAAFB4
2026-06-02T22:24:25Z,0.00,257.80,29.43,S,0.00,0.00,1006.70,81.34,1006.70,2.65,25.89,0.00,0.00,180.00,0.00,79DAAFB4
2026-06-02T22:07:17Z,0.00,257.80,29.40,S,0.00,0.00,1006.60,81.29,1006.60,2.65,25.85,0.00,0.00,180.00,0.00,79DAAFB4
2026-06-02T21:48:33Z,0.00,257.80,29.41,S,0.00,0.00,1006.70,81.22,1006.70,2.66,25.85,0.00,0.00,180.00,0.00,79DAAFB4
2026-06-02T21:31:25Z,0.00,257.80,29.44,S,0.00,0.00,1007.10,81.24,1007.10,2.66,25.88,0.00,0.00,180.00,0.00,79DAAFB4
2026-06-02T21:14:17Z,0.00,257.80,29.42,S,0.00,0.00,1007.40,81.14,1007.40,2.68,25.84,0.00,0.00,180.00,0.00,79DAAFB4
2026-06-02T20:57:07Z,0.00,257.80,29.43,S,0.00,0.00,1007.50,81.27,1007.50,2.66,25.88,0.00,0.00,180.00,0.00,79DAAFB4
2026-06-02T20:39:56Z,0.00,257.80,29.47,S,0.00,0.00,1007.60,81.29,1007.60,2.66,25.92,0.00,0.00,180.00,0.00,79DAAFB4
2026-06-02T20:22:48Z,0.00,257.80,29.46,S,0.00,0.00,1007.50,81.20,1007.50,2.67,25.89,0.00,0.00,180.00,0.00,79DAAFB4
2026-06-02T20:05:40Z,0.00,257.80,29.39,S,0.00,0.00,1007.60,81.12,1007.60,2.68,25.81,0.00,0.00,180.00,0.00,79DAAFB4
2026-06-02T19:48:21Z,0.00,257.80,29.44,S,0.00,0.00,1007.60,81.13,1007.60,2.68,25.86,0.00,0.00,180.00,0.00,79DAAFB4
2026-06-02T19:31:02Z,0.00,257.80,29.45,S,0.00,0.00,1007.70,81.00,1007.70,2.70,25.84,0.00,0.00,180.00,0.00,79DAAFB4
2026-06-02T19:13:54Z,0.00,257.80,29.46,S,0.00,0.00,1007.90,81.20,1007.90,2.67,25.89,0.00,0.00,180.00,0.00,79DAAFB4
2026-06-02T18:56:45Z,0.00,257.80,29.47,S,0.00,0.00,1008.00,81.13,1008.00,2.68,25.89,0.00,0.00,180.00,0.00,79DAAFB4
2026-06-02T18:39:37Z,0.00,257.80,29.49,S,0.00,0.00,1007.90,81.15,1007.90,2.68,25.91,0.00,0.00,180.00,0.00,79DAAFB4
2026-06-02T18:19:08Z,0.00,257.80,29.46,S,0.00,0.00,1008.00,81.19,1008.00,2.67,25.89,0.00,0.00,180.00,0.00,79DAAFB4
2026-06-02T18:01:59Z,0.00,257.80,29.43,S,0.00,0.00,1008.20,81.26,1008.20,2.66,25.88,0.00,0.00,180.00,0.00,79DAAFB4
2026-06-02T17:44:50Z,0.00,257.80,29.46,S,0.00,0.00,1008.10,81.21,1008.10,2.67,25.89,0.00,0.00,180.00,0.00,79DAAFB4
2026-06-02T17:27:31Z,0.00,257.80,29.45,S,0.00,0.00,1008.30,81.21,1008.30,2.67,25.88,0.00,0.00,180.00,0.00,79DAAFB4
2026-06-02T17:10:23Z,0.00,257.80,29.46,S,0.00,0.00,1008.70,81.16,1008.70,2.68,25.88,0.00,0.00,180.00,0.00,79DAAFB4
2026-06-02T16:53:15Z,0.00,257.80,29.39,S,0.00,0.00,1009.10,81.03,1009.10,2.69,25.79,0.00,0.00,180.00,0.00,79DAAFB4
2026-06-02T16:35:56Z,0.00,257.80,29.46,S,0.00,0.00,1009.40,81.00,1009.40,2.70,25.85,0.00,0.00,180.00,0.00,79DAAFB4
2026-06-02T16:18:37Z,0.00,257.80,29.49,S,0.00,0.00,1009.70,81.02,1009.70,2.70,25.88,0.00,0.00,180.00,0.00,79DAAFB4
2026-06-02T16:01:29Z,0.00,257.80,29.45,S,0.00,0.00,1009.80,80.87,1009.80,2.72,25.81,0.00,0.00,180.00,0.00,79DAAFB4
2026-06-02T15:44:09Z,0.00,257.80,29.51,S,0.00,0.00,1010.00,80.77,1010.00,2.74,25.85,0.00,0.00,180.00,0.00,79DAAFB4
2026-06-02T15:27:00Z,0.00,257.80,29.52,S,0.00,0.00,1010.10,80.70,1010.10,2.75,25.85,0.00,0.00,180.00,0.00,79DAAFB4
2026-06-02T15:09:52Z,0.00,257.80,29.50,S,0.00,0.00,1010.10,80.55,1010.10,2.77,25.80,0.00,0.00,180.00,0.00,79DAAFB4
2026-06-02T14:52:33Z,0.00,257.80,29.49,S,0.00,0.00,1010.00,80.48,1010.00,2.78,25.77,0.00,0.00,180.00,0.00,79DAAFB4
2026-06-02T14:35:25Z,0.00,257.80,29.47,S,0.00,0.00,1010.00,80.35,1010.00,2.80,25.72,0.00,0.00,180.00,0.00,79DAAFB4
2026-06-02T14:18:17Z,0.00,257.80,29.48,S,0.00,0.00,1009.70,80.48,1009.70,2.78,25.76,0.00,0.00,180.00,0.00,79DAAFB4
2026-06-02T14:01:05Z,0.00,257.80,29.45,S,0.00,0.00,1009.40,80.89,1009.40,2.72,25.82,0.00,0.00,180.00,0.00,79DAAFB4
2026-06-02T13:43:57Z,0.00,257.80,29.50,S,0.00,0.00,1009.10,81.40,1009.10,2.64,25.97,0.00,0.00,180.00,0.00,79DAAFB4
2026-06-02T13:26:49Z,0.00,257.80,29.40,S,0.00,0.00,1008.90,82.49,1008.90,2.48,26.10,0.00,0.00,180.00,0.00,79DAAFB4
2026-06-02T13:09:41Z,0.00,257.80,29.28,S,0.00,0.00,1008.50,83.45,1008.50,2.33,26.18,0.00,0.00,180.00,0.00,79DAAFB4
2026-06-02T12:52:33Z,0.00,257.80,29.20,S,0.00,0.00,1008.10,83.88,1008.10,2.26,26.19,0.00,0.00,180.00,0.00,79DAAFB4
2026-06-02T12:35:24Z,0.00,257.80,29.09,S,0.00,0.00,1008.10,83.67,1008.10,2.29,26.04,0.00,0.00,180.00,0.00,79DAAFB4
2026-06-02T12:18:05Z,0.00,257.80,29.35,S,0.00,0.00,1008.00,83.10,1008.00,2.38,26.18,0.00,0.00,180.00,0.00,79DAAFB4
2026-06-02T12:00:56Z,0.00,257.80,29.48,S,0.00,0.00,1008.00,82.41,1008.00,2.49,26.16,0.00,0.00,180.00,0.00,79DAAFB4
2026-06-02T11:43:48Z,0.00,257.80,29.41,S,0.00,0.00,1007.70,84.12,1007.70,2.23,26.44,0.00,0.00,180.00,0.00,79DAAFB4
2026-06-02T11:26:40Z,0.00,257.80,29.48,S,0.00,0.00,1007.70,83.07,1007.70,2.39,26.30,0.00,0.00,180.00,0.00,79DAAFB4
2026-06-02T11:09:21Z,0.00,257.80,29.34,S,0.00,0.00,1007.60,83.72,1007.60,2.29,26.29,0.00,0.00,180.00,0.00,79DAAFB4
2026-06-02T10:52:12Z,0.00,257.80,29.06,S,0.00,0.00,1007.60,84.45,1007.60,2.18,26.17,0.00,0.00,180.00,0.00,79DAAFB4
2026-06-02T10:35:03Z,0.00,257.80,28.39,S,0.00,0.00,1007.10,83.52,1007.10,2.29,25.32,0.00,0.00,180.00,0.00,79DAAFB4
2026-06-02T10:17:44Z,0.00,257.80,28.10,S,0.00,0.00,1006.50,83.58,1006.50,2.27,25.05,0.00,0.00,180.00,0.00,79DAAFB4
2026-06-02T10:00:36Z,0.00,257.80,28.28,SW,1.44,2.23,1006.30,83.51,1006.30,2.29,25.21,0.00,0.00,228.00,0.00,79DAAFB4
2026-06-02T09:43:27Z,0.00,257.80,28.83,S,0.00,0.00,1005.90,80.85,1005.90,2.70,25.21,0.00,0.00,180.00,0.00,79DAAFB4
2026-06-02T09:26:18Z,0.00,257.80,29.30,S,0.00,0.00,1005.60,77.52,1005.60,3.21,24.96,0.00,0.00,180.00,0.00,79DAAFB4
2026-06-02T09:08:59Z,0.00,257.80,29.54,S,0.00,0.00,1005.50,78.16,1005.50,3.13,25.33,0.00,0.00,180.00,0.00,79DAAFB4
2026-06-02T08:51:40Z,0.00,257.80,30.07,WSW,0.00,0.00,1005.40,78.26,1005.40,3.14,25.86,0.00,0.00,255.00,0.00,79DAAFB4
2026-06-02T08:34:31Z,0.00,257.80,30.38,S,0.00,0.00,1004.90,76.10,1004.90,3.48,25.69,0.00,0.00,180.00,0.00,79DAAFB4
2026-06-02T08:17:21Z,0.00,257.80,31.29,S,0.00,0.00,1005.00,70.60,1005.00,4.40,25.30,0.00,0.00,180.00,0.00,79DAAFB4
2026-06-02T08:00:12Z,0.00,257.80,31.58,S,0.00,0.00,1005.30,72.52,1005.30,4.11,26.03,0.00,0.00,180.00,0.00,79DAAFB4
2026-06-02T07:43:04Z,0.00,257.80,31.92,NE,0.00,0.00,1005.50,71.74,1005.50,4.25,26.17,0.00,0.00,51.00,0.00,79DAAFB4
2026-06-02T07:25:56Z,0.00,257.80,32.36,S,0.00,0.00,1005.30,72.23,1005.30,4.20,26.71,0.00,0.00,180.00,0.00,79DAAFB4
2026-06-02T07:08:35Z,0.00,257.80,32.74,S,0.00,0.00,1005.60,70.23,1005.60,4.55,26.59,0.00,0.00,180.00,0.00,79DAAFB4
2026-06-02T06:51:26Z,0.00,257.80,32.16,S,0.00,0.00,1006.10,72.47,1006.10,4.15,26.57,0.00,0.00,180.00,0.00,79DAAFB4
2026-06-02T06:34:18Z,0.00,257.80,31.63,S,0.00,0.00,1006.30,74.84,1006.30,3.74,26.61,0.00,0.00,180.00,0.00,79DAAFB4
2026-06-02T06:16:59Z,0.00,257.80,31.16,S,0.00,0.00,1006.70,74.07,1006.70,3.84,25.98,0.00,0.00,180.00,0.00,79DAAFB4
2026-06-02T05:59:51Z,0.00,257.80,30.71,S,0.00,0.00,1007.00,73.19,1007.00,3.95,25.35,0.00,0.00,180.00,0.00,79DAAFB4
2026-06-02T05:42:43Z,0.00,257.80,30.36,S,0.00,0.00,1007.20,76.21,1007.20,3.46,25.69,0.00,0.00,180.00,0.00,79DAAFB4
2026-06-02T05:25:24Z,0.00,257.80,30.05,S,0.00,0.00,1007.30,77.61,1007.30,3.23,25.70,0.00,0.00,180.00,0.00,79DAAFB4
2026-06-02T05:08:15Z,0.00,257.80,30.33,S,0.00,0.00,1007.60,76.34,1007.60,3.44,25.69,0.00,0.00,180.00,0.00,79DAAFB4
2026-06-02T04:50:56Z,0.00,257.80,30.39,S,0.00,0.00,1007.90,77.30,1007.90,3.30,25.96,0.00,0.00,180.00,0.00,79DAAFB4
2026-06-02T04:33:37Z,0.00,257.80,30.66,S,0.00,0.00,1008.10,75.04,1008.10,3.66,25.72,0.00,0.00,180.00,0.00,79DAAFB4
2026-06-02T04:16:29Z,0.00,257.80,30.79,S,0.00,0.00,1008.20,74.94,1008.20,3.68,25.82,0.00,0.00,180.00,0.00,79DAAFB4
2026-06-02T03:59:09Z,0.00,257.80,30.73,S,0.00,0.00,1008.50,74.74,1008.50,3.71,25.72,0.00,0.00,180.00,0.00,79DAAFB4
2026-06-02T03:42:00Z,0.00,257.80,30.54,S,0.00,0.00,1008.80,76.37,1008.80,3.45,25.90,0.00,0.00,180.00,0.00,79DAAFB4
2026-06-02T03:24:41Z,0.00,257.80,30.09,S,0.00,0.00,1009.10,77.24,1009.10,3.29,25.66,0.00,0.00,180.00,0.00,79DAAFB4
2026-06-02T03:07:33Z,0.00,257.80,29.92,S,0.00,0.00,1009.00,77.78,1009.00,3.20,25.61,0.00,0.00,180.00,0.00,79DAAFB4
2026-06-02T02:50:25Z,0.00,257.80,29.67,NE,1.44,2.66,1009.10,79.98,1009.10,2.86,25.84,0.00,0.00,42.00,0.00,79DAAFB4
2026-06-02T02:33:16Z,0.00,257.80,29.37,S,0.00,0.00,1009.20,81.73,1009.20,2.59,25.91,0.00,0.00,180.00,0.00,79DAAFB4
2026-06-02T02:16:08Z,0.00,257.80,29.18,S,0.00,0.00,1009.10,83.04,1009.10,2.39,26.00,0.00,0.00,180.00,0.00,79DAAFB4
2026-06-02T01:59:00Z,0.00,257.80,29.24,S,0.00,0.00,1009.10,83.15,1009.10,2.37,26.08,0.00,0.00,180.00,0.00,79DAAFB4
2026-06-02T01:41:41Z,0.00,257.80,29.07,S,0.00,0.00,1009.00,83.85,1009.00,2.26,26.05,0.00,0.00,180.00,0.00,79DAAFB4
2026-06-02T01:24:22Z,0.00,257.80,29.44,S,0.00,0.00,1008.50,83.42,1008.50,2.34,26.33,0.00,0.00,180.00,0.00,79DAAFB4
2026-06-02T01:07:13Z,0.00,257.80,29.21,S,0.00,0.00,1008.70,84.67,1008.70,2.15,26.36,0.00,0.00,180.00,0.00,79DAAFB4
2026-06-02T00:50:04Z,0.00,257.80,29.21,S,0.00,0.00,1008.70,85.69,1008.70,2.00,26.56,0.00,0.00,180.00,0.00,79DAAFB4
2026-06-02T00:32:44Z,0.00,257.80,29.12,S,0.00,0.00,1008.70,83.51,1008.70,2.32,26.04,0.00,0.00,180.00,0.00,79DAAFB4
2026-06-02T00:15:35Z,0.00,257.80,29.29,S,0.00,0.00,1008.70,82.40,1008.70,2.49,25.97,0.00,0.00,180.00,0.00,79DAAFB4
2026-06-01T23:58:26Z,0.00,257.80,29.47,S,0.00,0.00,1008.50,81.49,1008.50,2.63,25.96,0.00,0.00,180.00,0.00,79DAAFB4
2026-06-01T23:41:17Z,0.00,257.80,29.45,S,0.00,0.00,1008.50,81.33,1008.50,2.65,25.91,0.00,0.00,180.00,0.00,79DAAFB4
2026-06-01T23:24:08Z,0.00,257.80,29.49,S,0.00,0.00,1008.40,81.28,1008.40,2.66,25.94,0.00,0.00,180.00,0.00,79DAAFB4
2026-06-01T23:06:49Z,0.00,257.80,29.49,S,0.00,0.00,1008.30,81.14,1008.30,2.68,25.91,0.00,0.00,180.00,0.00,79DAAFB4
2026-06-01T22:49:41Z,0.00,257.80,29.47,S,0.00,0.00,1008.30,81.07,1008.30,2.69,25.87,0.00,0.00,180.00,0.00,79DAAFB4
2026-06-01T22:32:33Z,0.00,257.80,29.48,S,0.00,0.00,1008.10,80.99,1008.10,2.70,25.87,0.00,0.00,180.00,0.00,79DAAFB4
2026-06-01T22:15:14Z,0.00,257.80,29.46,S,0.00,0.00,1008.00,80.90,1008.00,2.71,25.83,0.00,0.00,180.00,0.00,79DAAFB4
2026-06-01T21:57:55Z,0.00,257.80,29.46,S,0.00,0.00,1008.00,80.92,1008.00,2.71,25.83,0.00,0.00,180.00,0.00,79DAAFB4
2026-06-01T21:40:46Z,0.00,257.80,29.46,S,0.00,0.00,1007.90,80.78,1007.90,2.73,25.80,0.00,0.00,180.00,0.00,79DAAFB4
2026-06-01T21:23:38Z,0.00,257.80,29.44,S,0.00,0.00,1007.80,80.83,1007.80,2.72,25.80,0.00,0.00,180.00,0.00,79DAAFB4
2026-06-01T21:06:30Z,0.00,257.80,29.49,S,0.00,0.00,1007.40,80.84,1007.40,2.72,25.85,0.00,0.00,180.00,0.00,79DAAFB4
2026-06-01T20:49:21Z,0.00,257.80,29.44,S,0.00,0.00,1007.40,80.90,1007.40,2.71,25.81,0.00,0.00,180.00,0.00,79DAAFB4
2026-06-01T20:32:13Z,0.00,257.80,29.51,S,0.00,0.00,1007.40,80.98,1007.40,2.70,25.90,0.00,0.00,180.00,0.00,79DAAFB4
2026-06-01T20:15:04Z,0.00,257.80,29.43,S,0.00,0.00,1007.90,80.95,1007.90,2.71,25.81,0.00,0.00,180.00,0.00,79DAAFB4
2026-06-01T19:57:55Z,0.00,257.80,29.54,S,0.00,0.00,1008.00,81.05,1008.00,2.69,25.94,0.00,0.00,180.00,0.00,79DAAFB4
2026-06-01T19:40:35Z,0.00,257.80,29.51,S,0.00,0.00,1008.20,80.97,1008.20,2.71,25.89,0.00,0.00,180.00,0.00,79DAAFB4
2026-06-01T19:23:27Z,0.00,257.80,29.45,S,0.00,0.00,1008.30,81.05,1008.30,2.69,25.85,0.00,0.00,180.00,0.00,79DAAFB4
2026-06-01T19:06:07Z,0.00,257.80,29.48,S,0.00,0.00,1008.50,81.03,1008.50,2.70,25.88,0.00,0.00,180.00,0.00,79DAAFB4
2026-06-01T18:48:58Z,0.00,257.80,29.45,S,0.00,0.00,1008.60,80.89,1008.60,2.72,25.82,0.00,0.00,180.00,0.00,79DAAFB4
2026-06-01T18:31:50Z,0.00,257.80,29.44,S,0.00,0.00,1008.60,80.73,1008.60,2.74,25.77,0.00,0.00,180.00,0.00,79DAAFB4
2026-06-01T18:14:41Z,0.00,257.80,29.44,S,0.00,0.00,1008.60,80.61,1008.60,2.76,25.75,0.00,0.00,180.00,0.00,79DAAFB4
2026-06-01T17:57:21Z,0.00,257.80,29.49,S,0.00,0.00,1008.60,80.82,1008.60,2.73,25.84,0.00,0.00,180.00,0.00,79DAAFB4
2026-06-01T17:40:12Z,0.00,257.80,29.42,S,0.00,0.00,1008.50,80.72,1008.50,2.74,25.75,0.00,0.00,180.00,0.00,79DAAFB4
2026-06-01T17:23:04Z,0.00,257.80,29.39,S,0.00,0.00,1008.80,80.63,1008.80,2.75,25.71,0.00,0.00,180.00,0.00,79DAAFB4
2026-06-01T17:05:44Z,0.00,257.80,29.34,S,0.00,0.00,1009.30,80.55,1009.30,2.76,25.64,0.00,0.00,180.00,0.00,79DAAFB4
2026-06-01T16:48:36Z,0.00,257.80,29.35,S,0.00,0.00,1009.20,80.48,1009.20,2.77,25.63,0.00,0.00,180.00,0.00,79DAAFB4
2026-06-01T16:31:17Z,0.00,257.80,29.33,S,0.00,0.00,1009.40,80.45,1009.40,2.78,25.61,0.00,0.00,180.00,0.00,79DAAFB4
2026-06-01T16:14:08Z,0.00,257.80,29.37,S,0.00,0.00,1009.40,80.72,1009.40,2.74,25.70,0.00,0.00,180.00,0.00,79DAAFB4
2026-06-01T15:57:11Z,0.00,257.80,29.29,S,0.00,0.00,1009.40,80.53,1009.40,2.76,25.59,0.00,0.00,180.00,0.00,79DAAFB4
2026-06-01T15:40:02Z,0.00,257.80,29.29,S,0.00,0.00,1009.50,80.61,1009.50,2.75,25.60,0.00,0.00,180.00,0.00,79DAAFB4
2026-06-01T15:19:22Z,0.00,257.80,29.31,S,0.00,0.00,1009.80,80.79,1009.80,2.73,25.66,0.00,0.00,180.00,0.00,79DAAFB4
2026-06-01T15:02:14Z,0.00,257.80,29.29,S,0.00,0.00,1009.90,81.03,1009.90,2.69,25.69,0.00,0.00,180.00,0.00,79DAAFB4
2026-06-01T14:45:06Z,0.00,257.80,29.27,S,0.00,0.00,1009.80,81.29,1009.80,2.65,25.73,0.00,0.00,180.00,0.00,79DAAFB4
2026-06-01T14:27:57Z,0.00,257.80,29.23,S,0.00,0.00,1009.70,81.49,1009.70,2.62,25.73,0.00,0.00,180.00,0.00,79DAAFB4
2026-06-01T14:10:38Z,0.00,257.80,29.13,S,0.00,0.00,1009.70,81.80,1009.70,2.57,25.70,0.00,0.00,180.00,0.00,79DAAFB4
2026-06-01T13:53:19Z,0.00,257.80,29.20,S,0.00,0.00,1009.50,82.38,1009.50,2.49,25.88,0.00,0.00,180.00,0.00,79DAAFB4
2026-06-01T13:36:11Z,0.00,257.80,29.11,S,0.00,0.00,1009.30,82.37,1009.30,2.48,25.79,0.00,0.00,180.00,0.00,79DAAFB4
2026-06-01T13:18:51Z,0.00,257.80,29.07,S,0.00,0.00,1009.10,83.02,1009.10,2.39,25.89,0.00,0.00,180.00,0.00,79DAAFB4
2026-06-01T13:01:42Z,0.00,257.80,29.01,S,0.00,0.00,1009.00,84.06,1009.00,2.23,26.04,0.00,0.00,180.00,0.00,79DAAFB4
2026-06-01T12:44:34Z,0.00,257.80,28.80,S,0.00,0.00,1009.00,86.04,1009.00,1.94,26.23,0.00,0.00,180.00,0.00,79DAAFB4
2026-06-01T12:27:15Z,0.00,257.80,28.72,S,0.00,0.00,1008.70,87.01,1008.70,1.79,26.34,0.00,0.00,180.00,0.00,79DAAFB4
2026-06-01T12:10:07Z,0.00,257.80,28.66,S,0.00,0.00,1008.50,84.88,1008.50,2.10,25.86,0.00,0.00,180.00,0.00,79DAAFB4
2026-06-01T11:52:58Z,0.00,257.80,28.58,S,0.00,0.00,1008.40,84.77,1008.40,2.12,25.76,0.00,0.00,180.00,0.00,79DAAFB4
2026-06-01T11:35:50Z,0.00,257.80,28.55,S,0.00,0.00,1008.20,86.06,1008.20,1.93,25.99,0.00,0.00,180.00,0.00,79DAAFB4
2026-06-01T11:18:31Z,0.00,257.80,28.40,S,0.00,0.00,1008.20,87.34,1008.20,1.74,26.09,0.00,0.00,180.00,0.00,79DAAFB4
2026-06-01T11:01:21Z,0.00,257.80,28.15,S,0.00,0.00,1007.90,87.91,1007.90,1.65,25.95,0.00,0.00,180.00,0.00,79DAAFB4
2026-06-01T10:44:13Z,0.20,257.80,28.01,S,0.00,0.00,1008.10,89.83,1008.10,1.37,26.18,0.00,0.00,180.00,0.00,79DAAFB4
2026-06-01T10:26:53Z,1.80,257.60,27.61,WNW,0.54,1.62,1007.90,89.61,1007.90,1.40,25.74,0.00,0.00,289.00,0.00,79DAAFB4
2026-06-01T10:09:45Z,0.00,255.80,29.24,S,0.00,0.00,1007.60,80.15,1007.60,2.82,25.46,0.00,0.00,180.00,0.00,79DAAFB4
2026-06-01T09:52:35Z,0.00,255.80,30.06,WNW,2.12,2.20,1007.20,77.95,1007.20,3.18,25.78,0.00,0.00,283.00,2.09,79DAAFB4
2026-06-01T09:35:27Z,0.00,255.80,30.34,S,0.00,0.00,1006.70,77.40,1006.70,3.28,25.94,0.00,0.00,180.00,0.00,79DAAFB4
2026-06-01T09:18:18Z,0.20,255.80,31.03,S,0.00,0.00,1006.50,77.48,1006.50,3.30,26.62,0.00,0.00,180.00,0.00,79DAAFB4
2026-06-01T09:01:09Z,0.00,255.60,30.83,S,0.00,0.00,1006.60,78.43,1006.60,3.14,26.63,0.00,0.00,180.00,0.00,79DAAFB4
2026-06-01T08:44:01Z,0.00,255.60,29.27,S,0.00,0.00,1006.70,84.41,1006.70,2.19,26.36,0.00,0.00,180.00,0.00,79DAAFB4
2026-06-01T08:26:52Z,0.20,255.60,28.26,S,0.00,0.00,1006.90,85.82,1006.90,1.96,25.65,0.00,0.00,180.00,0.00,79DAAFB4
2026-06-01T08:09:43Z,0.80,255.40,28.11,S,0.00,0.00,1007.10,88.95,1007.10,1.50,26.11,0.00,0.00,180.00,0.00,79DAAFB4
2026-06-01T07:52:33Z,0.00,254.60,28.76,S,0.00,0.00,1007.40,82.86,1007.40,2.40,25.55,0.00,0.00,180.00,0.00,79DAAFB4
2026-06-01T07:35:14Z,0.00,254.60,29.58,S,0.00,0.00,1007.00,74.65,1007.00,3.66,24.59,0.00,0.00,180.00,0.00,79DAAFB4
2026-06-01T07:18:06Z,0.00,254.60,29.93,S,0.00,0.00,1007.00,72.68,1007.00,3.98,24.48,0.00,0.00,180.00,0.00,79DAAFB4
2026-06-01T07:00:58Z,0.00,254.60,30.29,S,0.00,0.00,1007.00,72.33,1007.00,4.06,24.75,0.00,0.00,180.00,0.00,79DAAFB4
2026-06-01T06:43:50Z,0.00,254.60,30.80,S,0.00,0.00,1007.10,65.78,1007.10,5.14,23.65,0.00,0.00,180.00,0.00,79DAAFB4
2026-06-01T06:26:42Z,0.00,254.60,30.81,S,0.00,0.00,1007.30,66.89,1007.30,4.96,23.94,0.00,0.00,180.00,0.00,79DAAFB4
2026-06-01T06:09:23Z,0.00,254.60,30.43,S,0.00,0.00,1007.60,69.25,1007.60,4.55,24.15,0.00,0.00,180.00,0.00,79DAAFB4
2026-06-01T05:52:24Z,0.00,254.60,30.37,S,0.00,0.00,1007.90,69.91,1007.90,4.44,24.25,0.00,0.00,180.00,0.00,79DAAFB4
2026-06-01T05:35:05Z,0.00,254.60,30.49,S,0.00,0.00,1008.20,70.07,1008.20,4.43,24.41,0.00,0.00,180.00,0.00,79DAAFB4
2026-06-01T05:17:56Z,0.00,254.60,30.40,S,0.00,0.00,1008.30,72.14,1008.30,4.10,24.81,0.00,0.00,180.00,0.00,79DAAFB4
2026-06-01T05:00:48Z,0.00,254.60,30.28,S,0.00,0.00,1008.60,75.25,1008.60,3.61,25.40,0.00,0.00,180.00,0.00,79DAAFB4
2026-06-01T04:43:39Z,0.00,254.60,30.29,S,0.00,0.00,1008.90,75.64,1008.90,3.55,25.50,0.00,0.00,180.00,0.00,79DAAFB4
2026-06-01T04:26:30Z,0.00,254.60,30.06,S,0.00,0.00,1009.20,75.69,1009.20,3.53,25.29,0.00,0.00,180.00,0.00,79DAAFB4
2026-06-01T04:09:22Z,0.00,254.60,30.04,S,0.00,0.00,1009.50,76.11,1009.50,3.46,25.36,0.00,0.00,180.00,0.00,79DAAFB4
2026-06-01T03:52:03Z,0.00,254.60,29.84,S,0.00,0.00,1009.70,75.93,1009.70,3.48,25.13,0.00,0.00,180.00,0.00,79DAAFB4
2026-06-01T03:34:54Z,0.00,254.60,29.67,S,0.00,0.00,1009.90,75.55,1009.90,3.53,24.88,0.00,0.00,180.00,0.00,79DAAFB4
2026-06-01T03:17:46Z,0.00,254.60,29.46,S,0.00,0.00,1010.10,77.22,1010.10,3.27,25.05,0.00,0.00,180.00,0.00,79DAAFB4
2026-06-01T03:00:32Z,0.00,254.60,29.20,S,0.00,0.00,1010.00,68.92,1010.00,4.52,22.90,0.00,0.00,180.00,0.00,79DAAFB4
2026-06-01T02:43:24Z,0.00,254.60,29.22,S,0.00,0.00,1010.10,76.90,1010.10,3.30,24.74,0.00,0.00,180.00,0.00,79DAAFB4
2026-06-01T02:26:04Z,0.00,254.60,29.15,S,0.00,0.00,1010.00,76.74,1010.00,3.32,24.64,0.00,0.00,180.00,0.00,79DAAFB4
2026-06-01T02:08:55Z,0.00,254.60,29.10,S,0.00,0.00,1010.00,78.36,1010.00,3.08,24.94,0.00,0.00,180.00,0.00,79DAAFB4
2026-06-01T01:51:47Z,0.00,254.60,28.87,S,0.00,0.00,1009.90,79.21,1009.90,2.94,24.90,0.00,0.00,180.00,0.00,79DAAFB4
2026-06-01T01:34:38Z,0.00,254.60,28.68,S,0.00,0.00,1009.80,80.71,1009.80,2.71,25.03,0.00,0.00,180.00,0.00,79DAAFB4
2026-06-01T01:17:30Z,0.00,254.60,28.44,S,0.00,0.00,1009.70,81.13,1009.70,2.64,24.88,0.00,0.00,180.00,0.00,79DAAFB4
2026-06-01T01:00:22Z,0.00,254.60,28.32,S,0.00,0.00,1009.60,81.87,1009.60,2.53,24.92,0.00,0.00,180.00,0.00,79DAAFB4
2026-06-01T00:43:14Z,0.00,254.60,28.18,S,0.00,0.00,1009.70,81.88,1009.70,2.52,24.79,0.00,0.00,180.00,0.00,79DAAFB4
2026-06-01T00:25:55Z,0.00,254.60,28.08,S,0.00,0.00,1009.60,82.49,1009.60,2.43,24.81,0.00,0.00,180.00,0.00,79DAAFB4
2026-06-01T00:08:36Z,0.00,254.60,27.83,S,0.00,0.00,1009.20,83.57,1009.20,2.27,24.79,0.00,0.00,180.00,0.00,79DAAFB4
2026-05-31T23:51:28Z,0.00,254.60,27.64,S,0.00,0.00,1009.00,84.55,1009.00,2.12,24.80,0.00,0.00,180.00,0.00,79DAAFB4
2026-05-31T23:34:09Z,0.00,254.60,27.59,S,0.00,0.00,1008.90,84.61,1008.90,2.11,24.76,0.00,0.00,180.00,0.00,79DAAFB4
2026-05-31T23:17:00Z,0.00,254.60,27.54,S,0.00,0.00,1008.80,84.71,1008.80,2.10,24.73,0.00,0.00,180.00,0.00,79DAAFB4
2026-05-31T22:59:51Z,0.00,254.60,27.51,S,0.00,0.00,1008.70,84.58,1008.70,2.11,24.68,0.00,0.00,180.00,0.00,79DAAFB4
2026-05-31T22:42:42Z,0.00,254.60,27.52,S,0.00,0.00,1008.50,84.51,1008.50,2.12,24.67,0.00,0.00,180.00,0.00,79DAAFB4
2026-05-31T22:25:34Z,0.00,254.60,27.52,S,0.00,0.00,1008.60,83.91,1008.60,2.21,24.55,0.00,0.00,180.00,0.00,79DAAFB4
2026-05-31T22:08:26Z,0.00,254.60,27.53,S,0.00,0.00,1008.60,83.71,1008.60,2.24,24.52,0.00,0.00,180.00,0.00,79DAAFB4
2026-05-31T21:51:16Z,0.00,254.60,27.50,S,0.00,0.00,1008.60,83.87,1008.60,2.21,24.52,0.00,0.00,180.00,0.00,79DAAFB4
2026-05-31T21:33:57Z,0.00,254.60,27.54,S,0.00,0.00,1008.60,83.41,1008.60,2.28,24.47,0.00,0.00,180.00,0.00,79DAAFB4
2026-05-31T21:16:49Z,0.00,254.60,27.48,S,0.00,0.00,1008.40,83.39,1008.40,2.28,24.41,0.00,0.00,180.00,0.00,79DAAFB4
2026-05-31T20:59:41Z,0.00,254.60,27.54,S,0.00,0.00,1008.30,83.94,1008.30,2.21,24.58,0.00,0.00,180.00,0.00,79DAAFB4
2026-05-31T20:42:22Z,0.00,254.60,27.49,S,0.00,0.00,1008.20,84.18,1008.20,2.17,24.58,0.00,0.00,180.00,0.00,79DAAFB4
2026-05-31T20:25:03Z,0.00,254.60,27.49,S,0.00,0.00,1008.20,84.51,1008.20,2.12,24.64,0.00,0.00,180.00,0.00,79DAAFB4
2026-05-31T20:07:55Z,0.00,254.60,27.42,S,0.00,0.00,1008.20,84.50,1008.20,2.12,24.57,0.00,0.00,180.00,0.00,79DAAFB4
2026-05-31T19:50:35Z,0.00,254.60,27.42,S,0.00,0.00,1008.20,84.40,1008.20,2.14,24.55,0.00,0.00,180.00,0.00,79DAAFB4
2026-05-31T19:33:26Z,0.00,254.60,27.34,S,0.00,0.00,1008.20,85.45,1008.20,1.98,24.68,0.00,0.00,180.00,0.00,79DAAFB4
2026-05-31T19:16:18Z,0.00,254.60,27.34,S,0.00,0.00,1008.40,86.01,1008.40,1.91,24.79,0.00,0.00,180.00,0.00,79DAAFB4
2026-05-31T18:58:59Z,0.00,254.60,27.28,S,0.00,0.00,1008.50,86.03,1008.50,1.90,24.73,0.00,0.00,180.00,0.00,79DAAFB4
2026-05-31T18:41:51Z,0.00,254.60,27.40,S,0.00,0.00,1008.60,85.06,1008.60,2.04,24.66,0.00,0.00,180.00,0.00,79DAAFB4
2026-05-31T18:24:43Z,0.00,254.60,27.34,S,0.00,0.00,1008.70,84.91,1008.70,2.06,24.57,0.00,0.00,180.00,0.00,79DAAFB4
2026-05-31T18:07:35Z,0.00,254.60,27.35,S,0.00,0.00,1008.80,84.96,1008.80,2.05,24.59,0.00,0.00,180.00,0.00,79DAAFB4
2026-05-31T17:50:26Z,0.00,254.60,27.33,S,0.00,0.00,1009.00,84.89,1009.00,2.06,24.56,0.00,0.00,180.00,0.00,79DAAFB4
2026-05-31T17:33:07Z,0.00,254.60,27.32,S,0.00,0.00,1009.10,84.73,1009.10,2.09,24.52,0.00,0.00,180.00,0.00,79DAAFB4
2026-05-31T17:15:48Z,0.00,254.60,27.36,S,0.00,0.00,1009.20,84.55,1009.20,2.11,24.52,0.00,0.00,180.00,0.00,79DAAFB4
2026-05-31T16:58:39Z,0.00,254.60,27.34,S,0.00,0.00,1009.30,85.30,1009.30,2.01,24.65,0.00,0.00,180.00,0.00,79DAAFB4
2026-05-31T16:41:30Z,0.00,254.60,27.43,S,0.00,0.00,1009.20,83.71,1009.20,2.24,24.42,0.00,0.00,180.00,0.00,79DAAFB4
2026-05-31T16:24:10Z,0.00,254.60,27.52,S,0.00,0.00,1009.50,82.88,1009.50,2.36,24.35,0.00,0.00,180.00,0.00,79DAAFB4
2026-05-31T16:07:01Z,0.00,254.60,27.63,S,0.00,0.00,1009.50,83.02,1009.50,2.34,24.48,0.00,0.00,180.00,0.00,79DAAFB4
2026-05-31T15:49:53Z,0.00,254.60,27.63,S,0.00,0.00,1009.60,82.64,1009.60,2.40,24.40,0.00,0.00,180.00,0.00,79DAAFB4
2026-05-31T15:32:45Z,0.00,254.60,27.64,S,0.00,0.00,1009.80,83.17,1009.80,2.32,24.52,0.00,0.00,180.00,0.00,79DAAFB4
2026-05-31T15:15:37Z,0.00,254.60,27.67,S,0.00,0.00,1009.80,83.09,1009.80,2.33,24.53,0.00,0.00,180.00,0.00,79DAAFB4
2026-05-31T14:58:29Z,0.00,254.60,27.75,S,0.00,0.00,1009.80,83.76,1009.80,2.24,24.75,0.00,0.00,180.00,0.00,79DAAFB4
2026-05-31T14:41:21Z,0.00,254.60,27.62,S,0.00,0.00,1009.70,84.81,1009.70,2.08,24.83,0.00,0.00,180.00,0.00,79DAAFB4
2026-05-31T14:24:02Z,0.00,254.60,27.59,S,0.00,0.00,1009.60,84.84,1009.60,2.08,24.80,0.00,0.00,180.00,0.00,79DAAFB4
2026-05-31T14:06:43Z,0.00,254.60,27.50,S,0.00,0.00,1009.50,86.04,1009.50,1.90,24.95,0.00,0.00,180.00,0.00,79DAAFB4
2026-05-31T13:49:35Z,0.00,254.60,27.56,S,0.00,0.00,1009.30,86.18,1009.30,1.89,25.04,0.00,0.00,180.00,0.00,79DAAFB4
2026-05-31T13:32:16Z,0.00,254.60,27.46,S,0.00,0.00,1009.20,87.04,1009.20,1.76,25.11,0.00,0.00,180.00,0.00,79DAAFB4
2026-05-31T13:15:06Z,0.00,254.60,27.42,S,0.00,0.00,1009.00,87.19,1009.00,1.74,25.10,0.00,0.00,180.00,0.00,79DAAFB4
2026-05-31T12:57:57Z,0.00,254.60,27.30,S,0.00,0.00,1009.00,86.77,1009.00,1.80,24.90,0.00,0.00,180.00,0.00,79DAAFB4
2026-05-31T12:40:49Z,0.00,254.60,27.49,S,0.00,0.00,1009.10,86.76,1009.10,1.80,25.08,0.00,0.00,180.00,0.00,79DAAFB4
2026-05-31T12:20:42Z,0.00,254.60,27.58,S,0.00,0.00,1039.48,86.27,1009.00,1.87,25.08,0.00,0.00,180.00,0.00,79DAAFB4
2026-05-31T12:03:34Z,0.00,254.60,27.93,S,0.00,0.00,1039.28,85.21,1008.80,2.03,25.21,0.00,0.00,180.00,0.00,79DAAFB4
2026-05-31T11:46:15Z,0.00,254.60,28.33,S,0.00,0.00,1039.28,80.29,1008.80,2.76,24.60,0.00,0.00,180.00,0.00,79DAAFB4
2026-05-31T11:29:07Z,0.00,254.60,28.53,S,0.00,0.00,1039.08,78.14,1008.60,3.09,24.34,0.00,0.00,180.00,0.00,79DAAFB4
2026-05-31T11:11:47Z,0.00,254.60,28.65,S,0.00,0.00,1038.98,78.35,1008.50,3.06,24.50,0.00,0.00,180.00,0.00,79DAAFB4
2026-05-31T10:54:39Z,0.00,254.60,28.85,S,0.00,0.00,1038.58,79.02,1008.10,2.97,24.84,0.00,0.00,180.00,0.00,79DAAFB4
2026-05-31T10:37:29Z,0.00,254.60,29.06,S,0.00,0.00,1038.28,78.34,1007.80,3.08,24.90,0.00,0.00,180.00,0.00,79DAAFB4
2026-05-31T10:20:20Z,0.00,254.60,29.49,S,0.00,0.00,1037.88,76.60,1007.40,3.36,24.94,0.00,0.00,180.00,0.00,79DAAFB4
2026-05-31T10:03:12Z,0.00,254.60,29.74,S,0.00,0.00,1037.58,74.55,1007.10,3.69,24.73,0.00,0.00,180.00,0.00,79DAAFB4
2026-05-31T09:46:04Z,0.00,254.60,29.70,S,0.00,0.00,1037.48,75.15,1007.00,3.59,24.82,0.00,0.00,180.00,0.00,79DAAFB4
2026-05-31T09:28:45Z,0.00,254.60,29.73,S,0.00,0.00,1037.38,77.88,1006.90,3.18,25.45,0.00,0.00,180.00,0.00,79DAAFB4
2026-05-31T09:11:37Z,0.00,254.60,29.92,S,0.00,0.00,1037.28,77.86,1006.80,3.19,25.63,0.00,0.00,180.00,0.00,79DAAFB4
2026-05-31T08:54:28Z,0.00,254.60,30.89,S,0.00,0.00,1037.08,76.57,1006.60,3.43,26.29,0.00,0.00,180.00,0.00,79DAAFB4
2026-05-31T08:37:20Z,0.00,254.60,31.36,S,0.00,0.00,1036.88,70.78,1006.40,4.37,25.41,0.00,0.00,180.00,0.00,79DAAFB4
2026-05-31T08:20:12Z,0.00,254.60,31.39,S,0.00,0.00,1036.98,70.48,1006.50,4.42,25.37,0.00,0.00,180.00,0.00,79DAAFB4
2026-05-31T08:03:04Z,0.00,254.60,30.78,S,0.00,0.00,1036.98,71.68,1006.50,4.19,25.07,0.00,0.00,180.00,0.00,79DAAFB4
2026-05-31T07:45:55Z,0.00,254.60,30.08,S,0.00,0.00,1037.08,78.04,1006.60,3.17,25.82,0.00,0.00,180.00,0.00,79DAAFB4
2026-05-31T07:28:47Z,0.00,254.60,29.76,S,0.00,0.00,1037.18,79.41,1006.70,2.95,25.81,0.00,0.00,180.00,0.00,79DAAFB4
2026-05-31T07:11:28Z,0.00,254.60,29.74,S,0.00,0.00,1037.48,79.25,1007.00,2.97,25.75,0.00,0.00,180.00,0.00,79DAAFB4
2026-05-31T06:54:19Z,0.00,254.60,29.78,S,0.00,0.00,1037.78,77.65,1007.30,3.22,25.45,0.00,0.00,180.00,0.00,79DAAFB4
2026-05-31T06:37:11Z,0.00,254.60,29.70,S,0.00,0.00,1038.08,78.90,1007.60,3.02,25.64,0.00,0.00,180.00,0.00,79DAAFB4
2026-05-31T06:20:03Z,0.00,254.60,29.77,S,0.00,0.00,1038.38,78.44,1007.90,3.10,25.61,0.00,0.00,180.00,0.00,79DAAFB4
2026-05-31T06:02:44Z,0.00,254.60,29.95,S,0.00,0.00,1038.58,77.30,1008.10,3.28,25.54,0.00,0.00,180.00,0.00,79DAAFB4
2026-05-31T05:45:35Z,0.00,254.60,30.00,S,0.00,0.00,1038.88,77.19,1008.40,3.30,25.56,0.00,0.00,180.00,0.00,79DAAFB4
2026-05-31T05:28:26Z,0.00,254.60,29.83,S,0.00,0.00,1038.88,76.65,1008.40,3.37,25.28,0.00,0.00,180.00,0.00,79DAAFB4
2026-05-31T05:11:07Z,0.00,254.60,29.70,S,0.00,0.00,1039.08,77.10,1008.60,3.30,25.25,0.00,0.00,180.00,0.00,79DAAFB4
2026-05-31T04:53:59Z,0.00,254.60,29.51,S,0.00,0.00,1039.28,78.51,1008.80,3.07,25.37,0.00,0.00,180.00,0.00,79DAAFB4
2026-05-31T04:36:51Z,0.00,254.60,29.42,S,0.00,0.00,1039.58,79.17,1009.10,2.97,25.43,0.00,0.00,180.00,0.00,79DAAFB4
2026-05-31T04:19:32Z,0.00,254.60,29.21,S,0.00,0.00,1039.68,78.92,1009.20,3.00,25.17,0.00,0.00,180.00,0.00,79DAAFB4
2026-05-31T04:02:13Z,0.00,254.60,29.21,S,0.00,0.00,1039.68,78.18,1009.20,3.11,25.01,0.00,0.00,180.00,0.00,79DAAFB4
2026-05-31T03:45:04Z,0.00,254.60,29.11,S,0.00,0.00,1039.68,79.02,1009.20,2.98,25.09,0.00,0.00,180.00,0.00,79DAAFB4
2026-05-31T03:27:56Z,0.00,254.60,28.80,S,0.00,0.00,1039.68,80.25,1009.20,2.79,25.05,0.00,0.00,180.00,0.00,79DAAFB4
2026-05-31T03:10:48Z,0.00,254.60,28.57,S,0.00,0.00,1039.78,80.25,1009.30,2.78,24.83,0.00,0.00,180.00,0.00,79DAAFB4
2026-05-31T02:53:29Z,0.00,254.60,28.50,S,0.00,0.00,1039.68,81.34,1009.20,2.61,24.99,0.00,0.00,180.00,0.00,79DAAFB4
2026-05-31T02:36:20Z,0.00,254.60,28.27,S,0.00,0.00,1039.48,82.18,1009.00,2.48,24.93,0.00,0.00,180.00,0.00,79DAAFB4
2026-05-31T02:19:11Z,0.00,254.60,28.03,S,0.00,0.00,1039.58,82.31,1009.10,2.46,24.73,0.00,0.00,180.00,0.00,79DAAFB4
2026-05-31T02:01:52Z,0.00,254.60,27.93,S,0.00,0.00,1039.58,82.98,1009.10,2.36,24.77,0.00,0.00,180.00,0.00,79DAAFB4
2026-05-31T01:44:44Z,0.00,254.60,27.76,S,0.00,0.00,1039.58,84.10,1009.10,2.19,24.82,0.00,0.00,180.00,0.00,79DAAFB4
2026-05-31T01:27:36Z,0.00,254.60,27.61,S,0.00,0.00,1039.58,84.63,1009.10,2.11,24.78,0.00,0.00,180.00,0.00,79DAAFB4
2026-05-31T01:10:17Z,0.00,254.60,27.41,S,0.00,0.00,1039.28,84.69,1008.80,2.09,24.60,0.00,0.00,180.00,0.00,79DAAFB4
2026-05-31T00:52:58Z,0.00,254.60,27.15,S,0.00,0.00,1038.98,85.14,1008.50,2.02,24.43,0.00,0.00,180.00,0.00,79DAAFB4
2026-05-31T00:35:49Z,0.00,254.60,26.97,S,0.00,0.00,1038.78,86.20,1008.30,1.87,24.46,0.00,0.00,180.00,0.00,79DAAFB4
2026-05-31T00:18:41Z,0.00,254.60,26.77,S,0.00,0.00,1038.68,86.64,1008.20,1.80,24.35,0.00,0.00,180.00,0.00,79DAAFB4
2026-05-31T00:01:33Z,0.00,254.60,26.62,S,0.00,0.00,1038.68,87.02,1008.20,1.75,24.28,0.00,0.00,180.00,0.00,79DAAFB4
2026-05-30T23:44:14Z,0.00,254.60,26.59,S,0.00,0.00,1038.78,88.23,1008.30,1.58,24.48,0.00,0.00,180.00,0.00,79DAAFB4
2026-05-30T23:27:03Z,0.00,254.60,26.51,S,0.00,0.00,1038.68,88.79,1008.20,1.50,24.51,0.00,0.00,180.00,0.00,79DAAFB4
2026-05-30T23:09:55Z,0.00,254.60,26.53,S,0.00,0.00,1038.28,89.23,1007.80,1.44,24.61,0.00,0.00,180.00,0.00,79DAAFB4
2026-05-30T22:52:36Z,0.00,254.60,26.51,S,0.00,0.00,1038.18,89.32,1007.70,1.42,24.61,0.00,0.00,180.00,0.00,79DAAFB4
2026-05-30T22:35:27Z,0.00,254.60,26.51,S,0.00,0.00,1037.98,89.49,1007.50,1.40,24.64,0.00,0.00,180.00,0.00,79DAAFB4
2026-05-30T22:18:18Z,0.00,254.60,26.53,S,0.00,0.00,1038.08,89.32,1007.60,1.42,24.63,0.00,0.00,180.00,0.00,79DAAFB4
2026-05-30T22:00:59Z,0.00,254.60,26.58,S,0.00,0.00,1037.98,88.81,1007.50,1.49,24.58,0.00,0.00,180.00,0.00,79DAAFB4
2026-05-30T21:43:51Z,0.00,254.60,26.57,S,0.00,0.00,1037.88,89.56,1007.40,1.39,24.71,0.00,0.00,180.00,0.00,79DAAFB4
2026-05-30T21:26:43Z,0.00,254.60,26.55,S,0.00,0.00,1037.88,89.85,1007.40,1.35,24.74,0.00,0.00,180.00,0.00,79DAAFB4
2026-05-30T21:09:24Z,0.00,254.60,26.56,S,0.00,0.00,1037.68,89.50,1007.20,1.40,24.69,0.00,0.00,180.00,0.00,79DAAFB4
2026-05-30T20:52:05Z,0.00,254.60,26.60,S,0.00,0.00,1037.68,89.69,1007.20,1.37,24.76,0.00,0.00,180.00,0.00,79DAAFB4
2026-05-30T20:34:56Z,0.00,254.60,26.67,S,0.00,0.00,1037.78,89.80,1007.30,1.36,24.85,0.00,0.00,180.00,0.00,79DAAFB4
2026-05-30T20:17:48Z,0.00,254.60,26.67,S,0.00,0.00,1037.98,89.57,1007.50,1.39,24.81,0.00,0.00,180.00,0.00,79DAAFB4
2026-05-30T20:00:40Z,0.00,254.60,26.69,S,0.00,0.00,1038.18,90.12,1007.70,1.31,24.93,0.00,0.00,180.00,0.00,79DAAFB4
2026-05-30T19:43:21Z,0.00,254.60,26.77,S,0.00,0.00,1038.18,90.54,1007.70,1.26,25.09,0.00,0.00,180.00,0.00,79DAAFB4
2026-05-30T19:26:12Z,0.00,254.60,26.75,S,0.00,0.00,1038.18,90.46,1007.70,1.27,25.06,0.00,0.00,180.00,0.00,79DAAFB4
2026-05-30T19:09:03Z,0.00,254.60,26.74,S,0.00,0.00,1038.38,90.82,1007.90,1.22,25.11,0.00,0.00,180.00,0.00,79DAAFB4
2026-05-30T18:51:54Z,0.00,254.60,26.66,S,0.00,0.00,1038.58,90.70,1008.10,1.23,25.01,0.00,0.00,180.00,0.00,79DAAFB4
2026-05-30T18:34:46Z,0.00,254.60,26.69,S,0.00,0.00,1038.68,91.18,1008.20,1.17,25.13,0.00,0.00,180.00,0.00,79DAAFB4
2026-05-30T18:17:27Z,0.00,254.60,26.63,S,0.00,0.00,1038.88,90.97,1008.40,1.19,25.03,0.00,0.00,180.00,0.00,79DAAFB4
2026-05-30T18:00:19Z,0.00,254.60,26.60,S,0.00,0.00,1038.98,90.95,1008.50,1.20,25.00,0.00,0.00,180.00,0.00,79DAAFB4
2026-05-30T17:42:59Z,0.00,254.60,26.61,S,0.00,0.00,1039.28,90.06,1008.80,1.32,24.84,0.00,0.00,180.00,0.00,79DAAFB4
2026-05-30T17:25:50Z,0.00,254.60,26.59,S,0.00,0.00,1039.38,90.23,1008.90,1.30,24.85,0.00,0.00,180.00,0.00,79DAAFB4
2026-05-30T17:08:42Z,0.00,254.60,26.58,S,0.00,0.00,1039.68,90.40,1009.20,1.27,24.88,0.00,0.00,180.00,0.00,79DAAFB4
2026-05-30T16:51:22Z,0.00,254.60,26.62,S,0.00,0.00,1039.88,90.61,1009.40,1.24,24.95,0.00,0.00,180.00,0.00,79DAAFB4
2026-05-30T16:34:13Z,0.00,254.60,26.56,S,0.00,0.00,1040.08,91.30,1009.60,1.15,25.02,0.00,0.00,180.00,0.00,79DAAFB4
2026-05-30T16:17:05Z,0.00,254.60,26.54,S,0.00,0.00,1040.28,91.13,1009.80,1.17,24.97,0.00,0.00,180.00,0.00,79DAAFB4
2026-05-30T15:59:57Z,0.00,254.60,26.47,S,0.00,0.00,1040.28,92.07,1009.80,1.04,25.07,0.00,0.00,180.00,0.00,79DAAFB4
2026-05-30T15:42:49Z,0.00,254.60,26.40,S,0.00,0.00,1040.38,91.20,1009.90,1.16,24.85,0.00,0.00,180.00,0.00,79DAAFB4
2026-05-30T15:25:41Z,0.00,254.60,26.33,S,0.00,0.00,1040.58,91.78,1010.10,1.08,24.88,0.00,0.00,180.00,0.00,79DAAFB4
2026-05-30T15:08:33Z,0.00,254.60,26.24,S,0.00,0.00,1040.58,92.26,1010.10,1.01,24.88,0.00,0.00,180.00,0.00,79DAAFB4
2026-05-30T14:51:25Z,0.00,254.60,26.19,S,0.00,0.00,1040.38,92.72,1009.90,0.95,24.92,0.00,0.00,180.00,0.00,79DAAFB4
2026-05-30T14:34:06Z,0.00,254.60,26.07,S,0.00,0.00,1040.08,92.76,1009.60,0.94,24.80,0.00,0.00,180.00,0.00,79DAAFB4
2026-05-30T14:16:57Z,0.00,254.60,25.93,S,0.00,0.00,1040.18,92.71,1009.70,0.95,24.66,0.00,0.00,180.00,0.00,79DAAFB4
2026-05-30T13:59:49Z,0.00,254.60,25.79,S,0.00,0.00,1040.28,92.07,1009.80,1.03,24.40,0.00,0.00,180.00,0.00,79DAAFB4
2026-05-30T13:42:41Z,0.00,254.60,25.90,S,0.00,0.00,1040.28,92.57,1009.80,0.97,24.60,0.00,0.00,180.00,0.00,79DAAFB4
2026-05-30T13:25:22Z,0.00,254.60,26.13,S,0.00,0.00,1040.48,92.33,1010.00,1.00,24.79,0.00,0.00,180.00,0.00,79DAAFB4
2026-05-30T13:08:13Z,0.00,254.60,26.79,S,0.00,0.00,1040.28,91.17,1009.80,1.17,25.23,0.00,0.00,180.00,0.00,79DAAFB4
2026-05-30T12:51:04Z,0.00,254.60,26.98,S,0.00,0.00,1039.68,89.72,1009.20,1.37,25.14,0.00,0.00,180.00,0.00,79DAAFB4
2026-05-30T12:33:45Z,0.00,254.60,27.26,S,0.00,0.00,1039.08,89.43,1008.60,1.42,25.37,0.00,0.00,180.00,0.00,79DAAFB4
2026-05-30T12:16:37Z,0.00,254.60,27.42,S,0.00,0.00,1038.18,88.71,1007.70,1.52,25.39,0.00,0.00,180.00,0.00,79DAAFB4
2026-05-30T11:59:29Z,0.00,254.60,27.87,S,0.00,0.00,1038.38,87.08,1007.90,1.77,25.52,0.00,0.00,180.00,0.00,79DAAFB4
2026-05-30T11:42:10Z,0.00,254.60,28.89,S,0.00,0.00,1038.38,88.56,1007.90,1.57,26.81,0.00,0.00,180.00,0.00,79DAAFB4
2026-05-30T11:24:51Z,0.00,254.60,29.58,S,0.00,0.00,1037.88,82.57,1007.40,2.47,26.29,0.00,0.00,180.00,0.00,79DAAFB4
2026-05-30T11:07:42Z,0.00,254.60,29.68,S,0.00,0.00,1037.68,78.53,1007.20,3.08,25.54,0.00,0.00,180.00,0.00,79DAAFB4
2026-05-30T10:50:34Z,0.00,254.60,29.79,S,0.00,0.00,1037.48,76.63,1007.00,3.37,25.24,0.00,0.00,180.00,0.00,79DAAFB4
2026-05-30T10:33:26Z,0.00,254.60,29.89,S,0.00,0.00,1037.38,76.57,1006.90,3.39,25.32,0.00,0.00,180.00,0.00,79DAAFB4
2026-05-30T10:16:07Z,0.00,254.60,29.99,S,0.00,0.00,1037.18,75.48,1006.70,3.56,25.17,0.00,0.00,180.00,0.00,79DAAFB4
2026-05-30T09:58:58Z,0.00,254.60,29.99,S,0.00,0.00,1036.88,75.77,1006.40,3.51,25.24,0.00,0.00,180.00,0.00,79DAAFB4
2026-05-30T09:39:27Z,0.00,254.60,30.01,S,0.00,0.00,1006.78,74.63,1006.30,3.69,25.00,0.00,0.00,180.00,0.00,79DAAFB4
2026-05-30T09:22:18Z,0.00,254.60,30.07,S,0.00,0.00,1006.68,73.10,1006.20,3.93,24.71,0.00,0.00,180.00,0.00,79DAAFB4
2026-05-30T09:05:10Z,0.00,254.60,30.11,S,0.00,0.00,1006.48,72.92,1006.00,3.96,24.71,0.00,0.00,180.00,0.00,79DAAFB4
2026-05-30T08:48:02Z,0.00,254.60,30.07,S,0.00,0.00,1006.48,70.83,1006.00,4.28,24.19,0.00,0.00,180.00,0.00,79DAAFB4
2026-05-30T08:30:54Z,0.00,254.60,30.18,S,0.00,0.00,1006.38,71.17,1005.90,4.23,24.37,0.00,0.00,180.00,0.00,79DAAFB4
2026-05-30T08:13:46Z,0.00,254.60,30.13,S,0.00,0.00,1006.28,72.26,1005.80,4.06,24.58,0.00,0.00,180.00,0.00,79DAAFB4
2026-05-30T07:56:38Z,0.00,254.60,30.22,S,0.00,0.00,1006.18,72.59,1005.70,4.02,24.74,0.00,0.00,180.00,0.00,79DAAFB4
2026-05-30T07:39:30Z,0.00,254.60,30.33,S,0.00,0.00,1006.18,74.06,1005.70,3.79,25.18,0.00,0.00,180.00,0.00,79DAAFB4
2026-05-30T07:22:11Z,0.00,254.60,30.34,S,0.00,0.00,1006.18,72.28,1005.70,4.07,24.78,0.00,0.00,180.00,0.00,79DAAFB4
2026-05-30T07:05:02Z,0.00,254.60,30.29,S,0.00,0.00,1006.28,73.06,1005.80,3.95,24.92,0.00,0.00,180.00,0.00,79DAAFB4
2026-05-30T06:47:54Z,0.00,254.60,30.23,S,0.00,0.00,1006.48,72.96,1006.00,3.96,24.84,0.00,0.00,180.00,0.00,79DAAFB4
2026-05-30T06:30:46Z,0.00,254.60,30.13,S,0.00,0.00,1006.78,76.37,1006.30,3.43,25.51,0.00,0.00,180.00,0.00,79DAAFB4
2026-05-30T06:13:27Z,0.00,254.60,30.00,S,0.00,0.00,1007.08,77.73,1006.60,3.21,25.68,0.00,0.00,180.00,0.00,79DAAFB4
2026-05-30T05:56:18Z,0.00,254.60,29.73,S,0.00,0.00,1007.38,78.74,1006.90,3.05,25.64,0.00,0.00,180.00,0.00,79DAAFB4
2026-05-30T05:39:09Z,0.00,254.60,29.39,S,0.00,0.00,1007.98,80.62,1007.50,2.75,25.70,0.00,0.00,180.00,0.00,79DAAFB4
2026-05-30T05:21:50Z,0.00,254.60,28.91,S,0.00,0.00,1008.58,83.79,1008.10,2.27,25.89,0.00,0.00,180.00,0.00,79DAAFB4
2026-05-30T05:04:42Z,0.00,254.60,28.53,S,0.00,0.00,1009.18,84.62,1008.70,2.14,25.68,0.00,0.00,180.00,0.00,79DAAFB4
2026-05-30T04:47:34Z,0.00,254.60,28.46,S,0.00,0.00,1009.68,86.37,1009.20,1.88,25.96,0.00,0.00,180.00,0.00,79DAAFB4
2026-05-30T04:30:15Z,0.00,254.60,28.54,S,0.00,0.00,1009.98,87.16,1009.50,1.77,26.19,0.00,0.00,180.00,0.00,79DAAFB4
2026-05-30T04:12:56Z,0.00,254.60,28.88,S,0.00,0.00,1010.38,84.93,1009.90,2.10,26.09,0.00,0.00,180.00,0.00,79DAAFB4
2026-05-30T03:55:48Z,0.00,254.60,29.27,S,0.00,0.00,1010.58,79.76,1010.10,2.88,25.41,0.00,0.00,180.00,0.00,79DAAFB4
2026-05-30T03:38:28Z,0.00,254.60,29.39,S,0.00,0.00,1010.68,79.23,1010.20,2.96,25.41,0.00,0.00,180.00,0.00,79DAAFB4
2026-05-30T03:21:19Z,0.00,254.60,29.37,S,0.00,0.00,1010.78,78.46,1010.30,3.08,25.23,0.00,0.00,180.00,0.00,79DAAFB4
2026-05-30T03:04:11Z,0.00,254.60,29.25,S,0.00,0.00,1010.78,77.49,1010.30,3.22,24.90,0.00,0.00,180.00,0.00,79DAAFB4
2026-05-30T02:47:03Z,0.00,254.60,29.14,S,0.00,0.00,1010.58,77.14,1010.10,3.26,24.72,0.00,0.00,180.00,0.00,79DAAFB4
2026-05-30T02:29:55Z,0.00,254.60,29.12,S,0.00,0.00,1010.78,77.52,1010.30,3.20,24.78,0.00,0.00,180.00,0.00,79DAAFB4
2026-05-30T02:12:47Z,0.00,254.60,28.85,S,0.00,0.00,1010.48,78.76,1010.00,3.01,24.79,0.00,0.00,180.00,0.00,79DAAFB4
2026-05-30T01:55:39Z,0.00,254.60,28.57,S,0.00,0.00,1010.28,77.59,1009.80,3.17,24.26,0.00,0.00,180.00,0.00,79DAAFB4
2026-05-30T01:38:31Z,0.00,254.60,28.35,S,0.00,0.00,1009.98,79.58,1009.50,2.87,24.47,0.00,0.00,180.00,0.00,79DAAFB4
2026-05-30T01:21:12Z,0.00,254.60,28.16,S,0.00,0.00,1010.18,81.48,1009.70,2.58,24.68,0.00,0.00,180.00,0.00,79DAAFB4
2026-05-30T01:04:03Z,0.00,254.60,27.91,S,0.00,0.00,1010.18,82.10,1009.70,2.48,24.57,0.00,0.00,180.00,0.00,79DAAFB4
2026-05-30T00:46:55Z,0.00,254.60,27.60,S,0.00,0.00,1010.08,84.58,1009.60,2.12,24.76,0.00,0.00,180.00,0.00,79DAAFB4
2026-05-30T00:29:47Z,0.00,254.60,27.47,S,0.00,0.00,1009.88,84.12,1009.40,2.18,24.54,0.00,0.00,180.00,0.00,79DAAFB4
2026-05-30T00:12:28Z,0.00,254.60,27.38,S,0.00,0.00,1009.68,84.16,1009.20,2.17,24.46,0.00,0.00,180.00,0.00,79DAAFB4
2026-05-29T23:55:19Z,0.00,254.60,27.21,S,0.00,0.00,1009.48,84.39,1009.00,2.13,24.34,0.00,0.00,180.00,0.00,79DAAFB4
2026-05-29T23:38:10Z,0.00,254.60,27.12,S,0.00,0.00,1009.48,86.11,1009.00,1.89,24.59,0.00,0.00,180.00,0.00,79DAAFB4
2026-05-29T23:20:51Z,0.00,254.60,26.92,S,0.00,0.00,1009.38,88.13,1008.90,1.60,24.78,0.00,0.00,180.00,0.00,79DAAFB4
2026-05-29T23:03:43Z,0.00,254.60,26.88,S,0.00,0.00,1009.28,89.04,1008.80,1.47,24.92,0.00,0.00,180.00,0.00,79DAAFB4
2026-05-29T22:46:35Z,0.00,254.60,26.79,S,0.00,0.00,1009.08,90.79,1008.60,1.22,25.16,0.00,0.00,180.00,0.00,79DAAFB4
2026-05-29T22:29:16Z,0.00,254.60,26.78,S,0.00,0.00,1008.68,91.79,1008.20,1.08,25.33,0.00,0.00,180.00,0.00,79DAAFB4
2026-05-29T22:11:57Z,0.00,254.60,26.79,S,0.00,0.00,1008.58,91.90,1008.10,1.07,25.36,0.00,0.00,180.00,0.00,79DAAFB4
2026-05-29T21:54:49Z,0.00,254.60,26.76,S,0.00,0.00,1008.28,92.02,1007.80,1.05,25.35,0.00,0.00,180.00,0.00,79DAAFB4
2026-05-29T21:37:29Z,0.00,254.60,26.88,S,0.00,0.00,1008.18,91.89,1007.70,1.07,25.45,0.00,0.00,180.00,0.00,79DAAFB4
2026-05-29T21:20:20Z,0.00,254.60,26.98,S,0.00,0.00,1008.28,90.51,1007.80,1.26,25.29,0.00,0.00,180.00,0.00,79DAAFB4
2026-05-29T21:03:12Z,0.00,254.60,27.26,S,0.00,0.00,1008.58,87.49,1008.10,1.69,25.00,0.00,0.00,180.00,0.00,79DAAFB4
2026-05-29T20:46:04Z,0.00,254.60,27.31,S,0.00,0.00,1008.58,86.61,1008.10,1.82,24.88,0.00,0.00,180.00,0.00,79DAAFB4
2026-05-29T20:28:56Z,0.00,254.60,27.36,S,0.00,0.00,1008.28,85.76,1007.80,1.94,24.76,0.00,0.00,180.00,0.00,79DAAFB4
2026-05-29T20:11:48Z,0.00,254.60,27.35,S,0.00,0.00,1008.28,85.27,1007.80,2.01,24.65,0.00,0.00,180.00,0.00,79DAAFB4
2026-05-29T19:54:40Z,0.00,254.60,27.39,S,0.00,0.00,1008.38,84.38,1007.90,2.14,24.52,0.00,0.00,180.00,0.00,79DAAFB4
2026-05-29T19:37:32Z,0.00,254.60,27.37,S,0.00,0.00,1008.58,84.56,1008.10,2.11,24.53,0.00,0.00,180.00,0.00,79DAAFB4
2026-05-29T19:20:13Z,0.00,254.60,27.38,S,0.00,0.00,1008.78,84.86,1008.30,2.07,24.60,0.00,0.00,180.00,0.00,79DAAFB4
2026-05-29T19:03:04Z,0.00,254.60,27.33,S,0.00,0.00,1008.88,85.21,1008.40,2.02,24.62,0.00,0.00,180.00,0.00,79DAAFB4
2026-05-29T18:45:56Z,0.00,254.60,27.31,S,0.00,0.00,1009.08,84.80,1008.60,2.08,24.52,0.00,0.00,180.00,0.00,79DAAFB4
2026-05-29T18:28:48Z,0.00,254.60,27.27,S,0.00,0.00,1009.08,85.55,1008.60,1.97,24.63,0.00,0.00,180.00,0.00,79DAAFB4
2026-05-29T18:11:29Z,0.00,254.60,27.30,S,0.00,0.00,1009.18,85.31,1008.70,2.00,24.61,0.00,0.00,180.00,0.00,79DAAFB4
2026-05-29T17:54:20Z,0.00,254.60,27.30,S,0.00,0.00,1009.58,84.92,1009.10,2.06,24.54,0.00,0.00,180.00,0.00,79DAAFB4
2026-05-29T17:37:11Z,0.00,254.60,27.22,S,0.00,0.00,1009.68,85.62,1009.20,1.96,24.60,0.00,0.00,180.00,0.00,79DAAFB4
2026-05-29T17:19:52Z,0.00,254.60,27.25,S,0.00,0.00,1009.78,85.48,1009.30,1.98,24.60,0.00,0.00,180.00,0.00,79DAAFB4
2026-05-29T17:02:44Z,0.00,254.60,27.19,S,0.00,0.00,1009.88,85.53,1009.40,1.97,24.55,0.00,0.00,180.00,0.00,79DAAFB4
2026-05-29T16:45:36Z,0.00,254.60,27.19,S,0.00,0.00,1010.28,86.00,1009.80,1.90,24.64,0.00,0.00,180.00,0.00,79DAAFB4
2026-05-29T16:28:17Z,0.00,254.60,27.17,S,0.00,0.00,1010.28,86.12,1009.80,1.89,24.64,0.00,0.00,180.00,0.00,79DAAFB4
2026-05-29T16:10:58Z,0.00,254.60,27.12,S,0.00,0.00,1010.28,86.92,1009.80,1.77,24.75,0.00,0.00,180.00,0.00,79DAAFB4
2026-05-29T15:53:49Z,0.00,254.60,27.08,S,0.00,0.00,1010.38,87.33,1009.90,1.71,24.79,0.00,0.00,180.00,0.00,79DAAFB4
2026-05-29T15:36:41Z,0.00,254.60,27.03,S,0.00,0.00,1010.28,87.28,1009.80,1.72,24.73,0.00,0.00,180.00,0.00,79DAAFB4
2026-05-29T15:19:33Z,0.00,254.60,27.03,S,0.00,0.00,1010.08,86.81,1009.60,1.78,24.64,0.00,0.00,180.00,0.00,79DAAFB4
2026-05-29T15:02:14Z,0.00,254.60,26.96,S,0.00,0.00,1010.08,87.17,1009.60,1.73,24.64,0.00,0.00,180.00,0.00,79DAAFB4
2026-05-29T14:45:05Z,0.00,254.60,26.95,S,0.00,0.00,1009.98,86.96,1009.50,1.76,24.59,0.00,0.00,180.00,0.00,79DAAFB4
2026-05-29T14:27:56Z,0.00,254.60,27.04,S,0.00,0.00,1009.88,87.27,1009.40,1.72,24.74,0.00,0.00,180.00,0.00,79DAAFB4
2026-05-29T14:10:37Z,0.00,254.60,27.10,S,0.00,0.00,1009.88,88.24,1009.40,1.58,24.98,0.00,0.00,180.00,0.00,79DAAFB4
2026-05-29T13:53:29Z,0.00,254.60,27.05,S,0.00,0.00,1009.78,89.00,1009.30,1.48,25.08,0.00,0.00,180.00,0.00,79DAAFB4
2026-05-29T13:36:21Z,0.00,254.60,26.98,S,0.00,0.00,1009.68,89.71,1009.20,1.38,25.14,0.00,0.00,180.00,0.00,79DAAFB4
2026-05-29T13:19:11Z,0.00,254.60,26.91,S,0.00,0.00,1009.38,90.17,1008.90,1.31,25.16,0.00,0.00,180.00,0.00,79DAAFB4
2026-05-29T13:01:52Z,0.00,254.60,26.84,S,0.00,0.00,1009.28,89.52,1008.80,1.40,24.97,0.00,0.00,180.00,0.00,79DAAFB4
2026-05-29T12:44:33Z,0.00,254.60,26.94,S,0.00,0.00,1009.08,87.16,1008.60,1.73,24.62,0.00,0.00,180.00,0.00,79DAAFB4
2026-05-29T12:27:24Z,0.00,254.60,26.92,S,0.00,0.00,1008.88,84.46,1008.40,2.11,24.07,0.00,0.00,180.00,0.00,79DAAFB4
2026-05-29T12:10:23Z,0.00,254.60,26.88,S,0.00,0.00,1008.78,83.14,1008.30,2.30,23.77,0.00,0.00,180.00,0.00,79DAAFB4
2026-05-29T11:53:04Z,0.00,254.60,26.71,S,0.00,0.00,1008.58,84.34,1008.10,2.12,23.84,0.00,0.00,180.00,0.00,79DAAFB4
2026-05-29T11:35:45Z,0.00,254.60,26.70,S,0.00,0.00,1008.28,86.77,1007.80,1.78,24.31,0.00,0.00,180.00,0.00,79DAAFB4
2026-05-29T11:18:36Z,0.00,254.60,26.60,S,0.00,0.00,1008.08,86.60,1007.60,1.80,24.18,0.00,0.00,180.00,0.00,79DAAFB4
2026-05-29T11:01:28Z,0.00,254.60,26.67,S,0.00,0.00,1007.98,87.70,1007.50,1.65,24.46,0.00,0.00,180.00,0.00,79DAAFB4
2026-05-29T10:44:20Z,0.00,254.60,26.99,S,0.00,0.00,1007.88,87.05,1007.40,1.75,24.65,0.00,0.00,180.00,0.00,79DAAFB4
2026-05-29T10:27:12Z,0.00,254.60,17.88,S,0.00,0.00,672.18,57.70,671.70,5.05,9.43,0.00,0.00,180.00,0.00,79DAAFB4
2026-05-29T10:10:04Z,0.00,254.60,26.73,S,0.00,0.00,1008.18,88.83,1007.70,1.49,24.73,0.00,0.00,180.00,0.00,79DAAFB4
2026-05-29T09:52:56Z,0.00,254.60,26.67,S,0.00,0.00,1008.28,88.22,1007.80,1.58,24.56,0.00,0.00,180.00,0.00,79DAAFB4
2026-05-29T09:35:48Z,0.00,254.60,26.47,S,0.00,0.00,1008.18,89.00,1007.70,1.47,24.51,0.00,0.00,180.00,0.00,79DAAFB4
2026-05-29T09:18:29Z,0.00,254.60,26.37,S,0.00,0.00,1008.18,89.29,1007.70,1.42,24.46,0.00,0.00,180.00,0.00,79DAAFB4
2026-05-29T09:01:21Z,0.00,254.60,26.40,S,0.00,0.00,1008.28,89.63,1007.80,1.38,24.56,0.00,0.00,180.00,0.00,79DAAFB4
2026-05-29T08:44:01Z,0.00,254.60,26.26,S,0.00,0.00,1008.38,91.17,1007.90,1.16,24.70,0.00,0.00,180.00,0.00,79DAAFB4
2026-05-29T08:26:53Z,0.00,254.60,26.17,S,0.00,0.00,1008.58,91.11,1008.10,1.17,24.60,0.00,0.00,180.00,0.00,79DAAFB4
2026-05-29T08:09:44Z,0.00,254.60,26.11,S,0.00,0.00,1008.88,91.68,1008.40,1.09,24.65,0.00,0.00,180.00,0.00,79DAAFB4
2026-05-29T07:52:35Z,0.00,254.60,25.90,S,0.00,0.00,1008.98,91.71,1008.50,1.08,24.45,0.00,0.00,180.00,0.00,79DAAFB4
2026-05-29T07:35:27Z,0.00,254.60,25.90,S,0.00,0.00,1009.18,92.13,1008.70,1.03,24.52,0.00,0.00,180.00,0.00,79DAAFB4
2026-05-29T07:18:18Z,0.00,254.60,25.66,S,0.00,0.00,1009.48,92.57,1009.00,0.96,24.36,0.00,0.00,180.00,0.00,79DAAFB4
2026-05-29T07:01:10Z,0.00,254.60,25.40,S,0.00,0.00,1009.78,92.67,1009.30,0.95,24.12,0.00,0.00,180.00,0.00,79DAAFB4
2026-05-29T06:43:05Z,0.00,254.60,25.41,S,0.00,0.00,1012.65,93.70,1009.40,0.81,24.32,0.00,0.00,180.00,0.00,79DAAFB4
2026-05-29T06:25:45Z,0.60,254.60,24.97,S,0.00,0.00,1012.85,93.70,1009.60,0.80,23.88,0.00,0.00,180.00,0.00,79DAAFB4
2026-05-29T06:07:11Z,0.60,254.00,25.02,S,0.00,0.00,1012.95,94.55,1009.70,0.69,24.08,0.00,0.00,180.00,0.00,79DAAFB4
2026-05-29T05:49:52Z,0.20,253.40,24.95,S,0.00,0.00,1013.35,95.29,1010.10,0.59,24.14,0.00,0.00,180.00,0.00,79DAAFB4
2026-05-29T05:32:44Z,3.40,253.20,24.89,S,0.00,0.00,1013.75,94.74,1010.50,0.66,23.99,0.00,0.00,180.00,0.00,79DAAFB4
2026-05-29T05:15:24Z,0.20,249.80,26.69,S,0.00,0.00,1014.35,86.45,1011.10,1.83,24.24,0.00,0.00,180.00,0.00,79DAAFB4
2026-05-29T04:58:16Z,0.00,249.60,26.99,S,0.00,0.00,1013.75,89.44,1010.50,1.41,25.10,0.00,0.00,180.00,0.00,79DAAFB4
2026-05-29T04:41:07Z,0.00,249.60,26.99,S,0.00,0.00,1013.95,90.20,1010.70,1.31,25.24,0.00,0.00,180.00,0.00,79DAAFB4
2026-05-29T04:24:02Z,0.00,249.60,26.98,S,0.00,0.00,1013.95,89.04,1010.70,1.47,25.02,0.00,0.00,180.00,0.00,79DAAFB4
2026-05-29T04:06:50Z,0.00,249.60,26.85,S,0.00,0.00,1014.05,91.27,1010.80,1.16,25.30,0.00,0.00,180.00,0.00,79DAAFB4
2026-05-29T03:49:42Z,0.20,249.60,26.82,S,0.00,0.00,1014.25,89.43,1011.00,1.41,24.93,0.00,0.00,180.00,0.00,79DAAFB4
2026-05-29T03:32:34Z,0.00,249.40,26.79,S,0.00,0.00,1014.45,92.09,1011.20,1.04,25.40,0.00,0.00,180.00,0.00,79DAAFB4
2026-05-29T03:15:26Z,0.40,249.40,26.58,S,0.00,0.00,1014.75,90.28,1011.50,1.29,24.85,0.00,0.00,180.00,0.00,79DAAFB4
2026-05-29T02:58:18Z,0.20,249.00,26.53,S,0.00,0.00,1014.75,90.58,1011.50,1.25,24.86,0.00,0.00,180.00,0.00,79DAAFB4
2026-05-29T02:41:10Z,0.40,248.80,26.51,S,0.00,0.00,1014.85,89.14,1011.60,1.45,24.57,0.00,0.00,180.00,0.00,79DAAFB4
2026-05-29T02:24:02Z,0.20,248.40,26.64,S,0.00,0.00,1014.85,86.22,1011.60,1.86,24.14,0.00,0.00,180.00,0.00,79DAAFB4
2026-05-29T02:06:43Z,0.00,248.20,27.11,S,0.00,0.00,1014.95,85.21,1011.70,2.01,24.41,0.00,0.00,180.00,0.00,79DAAFB4
2026-05-29T01:49:34Z,0.00,248.20,27.70,S,0.00,0.00,1014.75,75.72,1011.50,3.40,23.02,0.00,0.00,180.00,0.00,79DAAFB4
2026-05-29T01:32:26Z,0.00,248.20,28.03,S,0.00,0.00,1014.25,75.33,1011.00,3.48,23.25,0.00,0.00,180.00,0.00,79DAAFB4
2026-05-29T01:15:18Z,0.00,248.20,29.45,S,0.00,0.00,1014.25,72.24,1011.00,4.02,23.92,0.00,0.00,180.00,0.00,79DAAFB4
2026-05-29T00:57:59Z,0.00,248.20,29.39,S,0.00,0.00,1014.05,74.91,1010.80,3.61,24.47,0.00,0.00,180.00,0.00,79DAAFB4
2026-05-29T00:40:50Z,0.00,248.20,29.36,S,0.00,0.00,1013.75,71.92,1010.50,4.07,23.76,0.00,0.00,180.00,0.00,79DAAFB4
2026-05-29T00:23:41Z,0.00,248.20,29.31,S,0.00,0.00,1013.15,71.87,1009.90,4.07,23.70,0.00,0.00,180.00,0.00,79DAAFB4
2026-05-29T00:06:22Z,0.00,248.20,29.37,S,0.00,0.00,1013.15,71.66,1009.90,4.11,23.71,0.00,0.00,180.00,0.00,79DAAFB4
2026-05-28T23:49:14Z,0.00,248.20,29.26,S,0.00,0.00,1012.75,71.51,1009.50,4.12,23.57,0.00,0.00,180.00,0.00,79DAAFB4
2026-05-28T23:32:06Z,0.00,248.20,29.29,S,0.00,0.00,1012.35,71.31,1009.10,4.15,23.55,0.00,0.00,180.00,0.00,79DAAFB4
2026-05-28T23:14:47Z,0.00,248.20,29.32,S,0.00,0.00,1011.35,70.98,1008.10,4.21,23.50,0.00,0.00,180.00,0.00,79DAAFB4
2026-05-28T22:57:28Z,0.00,248.20,29.29,S,0.00,0.00,1011.25,70.54,1008.00,4.27,23.37,0.00,0.00,180.00,0.00,79DAAFB4
2026-05-28T22:40:20Z,0.00,248.20,29.28,S,0.00,0.00,1011.15,70.17,1007.90,4.33,23.28,0.00,0.00,180.00,0.00,79DAAFB4
2026-05-28T22:23:00Z,0.00,248.20,29.26,S,0.00,0.00,1011.05,69.95,1007.80,4.36,23.20,0.00,0.00,180.00,0.00,79DAAFB4
2026-05-28T22:05:51Z,0.00,248.20,29.21,S,0.00,0.00,1011.35,69.55,1008.10,4.42,23.06,0.00,0.00,180.00,0.00,79DAAFB4
2026-05-28T21:48:43Z,0.00,248.20,29.25,S,0.00,0.00,1011.15,69.06,1007.90,4.50,22.98,0.00,0.00,180.00,0.00,79DAAFB4
2026-05-28T21:31:35Z,0.00,248.20,29.21,S,0.00,0.00,1011.15,68.97,1007.90,4.51,22.92,0.00,0.00,180.00,0.00,79DAAFB4
2026-05-28T21:14:27Z,0.00,248.20,29.19,S,0.00,0.00,1011.05,68.93,1007.80,4.51,22.89,0.00,0.00,180.00,0.00,79DAAFB4
2026-05-28T20:57:19Z,0.00,248.20,29.18,S,0.00,0.00,1011.35,68.64,1008.10,4.56,22.82,0.00,0.00,180.00,0.00,79DAAFB4
2026-05-28T20:40:11Z,0.00,248.20,29.17,S,0.00,0.00,1011.65,68.59,1008.40,4.56,22.79,0.00,0.00,180.00,0.00,79DAAFB4
2026-05-28T20:23:03Z,0.00,248.20,29.12,S,0.00,0.00,1011.75,68.64,1008.50,4.55,22.76,0.00,0.00,180.00,0.00,79DAAFB4
2026-05-28T20:05:44Z,0.00,248.20,29.16,S,0.00,0.00,1011.45,68.73,1008.20,4.54,22.82,0.00,0.00,180.00,0.00,79DAAFB4
2026-05-28T19:48:35Z,0.00,248.20,29.14,S,0.00,0.00,1011.35,68.18,1008.10,4.63,22.67,0.00,0.00,180.00,0.00,79DAAFB4
2026-05-28T19:31:27Z,0.00,248.20,29.12,S,0.00,0.00,1011.35,68.29,1008.10,4.61,22.67,0.00,0.00,180.00,0.00,79DAAFB4
2026-05-28T19:14:19Z,0.00,248.20,29.12,S,0.00,0.00,1011.25,68.22,1008.00,4.62,22.66,0.00,0.00,180.00,0.00,79DAAFB4
2026-05-28T18:57:00Z,0.00,248.20,29.06,S,0.00,0.00,1011.35,68.27,1008.10,4.61,22.61,0.00,0.00,180.00,0.00,79DAAFB4
2026-05-28T18:39:51Z,0.00,248.20,29.06,S,0.00,0.00,1011.45,68.03,1008.20,4.64,22.55,0.00,0.00,180.00,0.00,79DAAFB4
2026-05-28T18:22:42Z,0.00,248.20,29.06,S,0.00,0.00,1011.15,67.86,1007.90,4.67,22.51,0.00,0.00,180.00,0.00,79DAAFB4
2026-05-28T18:05:23Z,0.00,248.20,29.05,S,0.00,0.00,1011.65,67.86,1008.40,4.67,22.50,0.00,0.00,180.00,0.00,79DAAFB4
2026-05-28T17:48:15Z,0.00,248.20,29.02,S,0.00,0.00,1012.25,67.76,1009.00,4.68,22.45,0.00,0.00,180.00,0.00,79DAAFB4
2026-05-28T17:31:07Z,0.00,248.20,28.98,S,0.00,0.00,1012.65,67.83,1009.40,4.67,22.43,0.00,0.00,180.00,0.00,79DAAFB4
2026-05-28T17:13:48Z,0.00,248.20,28.92,S,0.00,0.00,1012.95,67.60,1009.70,4.70,22.32,0.00,0.00,180.00,0.00,79DAAFB4
2026-05-28T16:56:29Z,0.00,248.20,28.96,S,0.00,0.00,1013.05,67.96,1009.80,4.65,22.44,0.00,0.00,180.00,0.00,79DAAFB4
2026-05-28T16:39:21Z,0.00,248.20,28.92,S,0.00,0.00,1012.75,67.81,1009.50,4.67,22.37,0.00,0.00,180.00,0.00,79DAAFB4
2026-05-28T16:22:01Z,0.00,248.20,28.84,S,0.00,0.00,1012.95,66.73,1009.70,4.83,22.03,0.00,0.00,180.00,0.00,79DAAFB4
2026-05-28T16:04:52Z,0.00,248.20,28.88,S,0.00,0.00,1012.95,66.14,1009.70,4.92,21.92,0.00,0.00,180.00,0.00,79DAAFB4
2026-05-28T15:47:44Z,0.00,248.20,28.81,S,0.00,0.00,1012.55,65.89,1009.30,4.96,21.79,0.00,0.00,180.00,0.00,79DAAFB4
2026-05-28T15:30:36Z,0.00,248.20,28.83,S,0.00,0.00,1013.05,65.35,1009.80,5.04,21.68,0.00,0.00,180.00,0.00,79DAAFB4
2026-05-28T15:13:28Z,0.00,248.20,28.78,S,0.00,0.00,1013.35,64.94,1010.10,5.10,21.53,0.00,0.00,180.00,0.00,79DAAFB4
2026-05-28T14:56:20Z,0.00,248.20,28.74,S,0.00,0.00,1013.55,63.92,1010.30,5.26,21.23,0.00,0.00,180.00,0.00,79DAAFB4
2026-05-28T14:39:12Z,0.00,248.20,28.68,S,0.00,0.00,1013.15,63.57,1009.90,5.31,21.08,0.00,0.00,180.00,0.00,79DAAFB4
2026-05-28T14:21:53Z,0.00,248.20,28.59,S,0.00,0.00,1013.25,63.38,1010.00,5.33,20.95,0.00,0.00,180.00,0.00,79DAAFB4
2026-05-28T14:04:34Z,0.00,248.20,28.60,S,0.00,0.00,1013.25,62.17,1010.00,5.52,20.65,0.00,0.00,180.00,0.00,79DAAFB4
2026-05-28T13:47:25Z,0.00,248.20,28.50,S,0.00,0.00,1012.85,59.89,1009.60,5.87,19.95,0.00,0.00,180.00,0.00,79DAAFB4
2026-05-28T13:30:17Z,0.00,248.20,28.32,S,0.00,0.00,1012.55,53.33,1009.30,6.91,17.92,0.00,0.00,180.00,0.00,79DAAFB4
2026-05-28T13:13:09Z,0.00,248.20,28.17,S,0.00,0.00,1011.95,51.06,1008.70,7.27,17.09,0.00,0.00,180.00,0.00,79DAAFB4
2026-05-28T12:55:50Z,0.00,248.20,27.98,S,0.00,0.00,1011.45,50.74,1008.20,7.30,16.82,0.00,0.00,180.00,0.00,79DAAFB4
2026-05-28T12:38:41Z,0.00,248.20,27.75,S,0.00,0.00,1011.25,50.32,1008.00,7.33,16.48,0.00,0.00,180.00,0.00,79DAAFB4
2026-05-28T12:21:32Z,0.00,248.20,27.51,S,0.00,0.00,1010.65,49.63,1007.40,7.42,16.04,0.00,0.00,180.00,0.00,79DAAFB4
2026-05-28T12:04:13Z,0.00,248.20,27.11,S,0.00,0.00,1010.25,49.01,1007.00,7.46,15.48,0.00,0.00,180.00,0.00,79DAAFB4
2026-05-28T11:47:05Z,0.00,248.20,26.55,S,0.00,0.00,1010.35,48.20,1007.10,7.51,14.71,0.00,0.00,180.00,0.00,79DAAFB4
2026-05-28T11:29:57Z,0.00,248.20,25.78,S,0.00,0.00,1009.85,46.78,1006.60,7.63,13.55,0.00,0.00,180.00,0.00,79DAAFB4
2026-05-28T11:12:38Z,0.00,248.20,25.22,S,0.00,0.00,1009.35,44.92,1006.10,7.84,12.42,0.00,0.00,180.00,0.00,79DAAFB4
2026-05-28T10:55:19Z,0.00,248.20,25.40,S,0.00,0.00,1009.25,47.38,1006.00,7.47,13.40,0.00,0.00,180.00,0.00,79DAAFB4
2026-05-28T10:38:11Z,0.00,248.20,25.36,S,0.00,0.00,1009.15,46.73,1005.90,7.57,13.15,0.00,0.00,180.00,0.00,79DAAFB4
2026-05-28T10:20:51Z,0.00,248.20,25.51,S,0.00,0.00,1009.25,44.69,1006.00,7.93,12.60,0.00,0.00,180.00,0.00,79DAAFB4
2026-05-28T10:03:42Z,0.00,248.20,25.40,S,0.00,0.00,1009.05,40.40,1005.80,8.62,10.98,0.00,0.00,180.00,0.00,79DAAFB4
2026-05-28T09:46:34Z,0.00,248.20,25.52,S,0.00,0.00,1008.95,40.54,1005.70,8.62,11.13,0.00,0.00,180.00,0.00,79DAAFB4
2026-05-28T09:29:26Z,0.00,248.20,25.64,S,0.00,0.00,1008.75,40.33,1005.50,8.68,11.16,0.00,0.00,180.00,0.00,79DAAFB4
2026-05-28T09:12:18Z,0.00,248.20,26.01,S,0.00,0.00,1009.25,41.66,1006.00,8.52,11.99,0.00,0.00,180.00,0.00,79DAAFB4
2026-05-28T08:55:10Z,0.00,248.20,26.40,S,0.00,0.00,1009.25,41.27,1006.00,8.66,12.19,0.00,0.00,180.00,0.00,79DAAFB4
2026-05-28T08:38:02Z,0.00,248.20,27.09,S,0.00,0.00,1009.05,40.48,1005.80,8.92,12.51,0.00,0.00,180.00,0.00,79DAAFB4
2026-05-28T08:20:43Z,0.00,248.20,28.55,S,0.00,0.00,1009.15,37.25,1005.90,9.80,12.54,0.00,0.00,180.00,0.00,79DAAFB4
2026-05-28T08:03:24Z,0.00,248.20,31.70,S,0.00,0.00,1009.35,34.46,1006.10,11.04,14.12,0.00,0.00,180.00,0.00,79DAAFB4
2026-05-28T07:46:15Z,0.00,248.20,33.82,S,0.00,0.00,1010.05,64.65,1006.80,5.58,26.22,0.00,0.00,180.00,0.00,79DAAFB4
2026-05-28T07:29:06Z,0.00,248.20,33.65,S,0.00,0.00,1010.35,65.42,1007.10,5.43,26.26,0.00,0.00,180.00,0.00,79DAAFB4
2026-05-28T07:11:46Z,0.00,248.20,33.53,S,0.00,0.00,1010.65,64.80,1007.40,5.53,25.98,0.00,0.00,180.00,0.00,79DAAFB4
2026-05-28T06:54:37Z,0.00,248.20,33.72,S,0.00,0.00,1010.95,64.40,1007.70,5.61,26.06,0.00,0.00,180.00,0.00,79DAAFB4
2026-05-28T06:37:29Z,0.00,248.20,33.44,S,0.00,0.00,1011.15,65.95,1007.90,5.32,26.19,0.00,0.00,180.00,0.00,79DAAFB4
2026-05-28T06:20:21Z,0.00,248.20,33.10,S,0.00,0.00,1011.45,66.43,1008.20,5.21,25.99,0.00,0.00,180.00,0.00,79DAAFB4
2026-05-28T06:03:13Z,0.00,248.20,32.77,S,0.00,0.00,1011.75,69.66,1008.50,4.65,26.49,0.00,0.00,180.00,0.00,79DAAFB4
2026-05-28T05:46:05Z,0.00,248.20,32.68,S,0.00,0.00,1011.95,69.91,1008.70,4.60,26.46,0.00,0.00,180.00,0.00,79DAAFB4
2026-05-28T05:28:57Z,0.00,248.20,32.62,S,0.00,0.00,1012.25,70.39,1009.00,4.52,26.52,0.00,0.00,180.00,0.00,79DAAFB4
2026-05-28T05:11:38Z,0.00,248.20,32.29,S,0.00,0.00,1012.65,71.07,1009.40,4.39,26.37,0.00,0.00,180.00,0.00,79DAAFB4
2026-05-28T04:54:19Z,0.00,248.20,32.25,S,0.00,0.00,1013.25,71.32,1010.00,4.34,26.39,0.00,0.00,180.00,0.00,79DAAFB4
2026-05-28T04:37:11Z,0.00,248.20,32.20,S,0.00,0.00,1013.65,71.99,1010.40,4.23,26.50,0.00,0.00,180.00,0.00,79DAAFB4
2026-05-28T04:19:52Z,0.00,248.20,32.20,S,0.00,0.00,1013.75,73.34,1010.50,4.01,26.81,0.00,0.00,180.00,0.00,79DAAFB4
2026-05-28T04:02:15Z,0.00,248.20,31.69,S,0.00,0.00,1014.05,75.19,1010.80,3.69,26.75,0.00,0.00,180.00,0.00,79DAAFB4
2026-05-28T03:48:50Z,0.00,248.20,31.46,S,0.00,0.00,1011.10,76.68,1011.10,3.45,26.86,0.00,0.00,180.00,0.00,79DAAFB4
2026-05-28T03:31:31Z,0.00,248.20,31.35,S,0.00,0.00,1011.20,77.07,1011.20,3.38,26.84,0.00,0.00,180.00,0.00,79DAAFB4
2026-05-28T03:14:32Z,0.00,248.20,31.22,S,0.00,0.00,1011.30,76.68,1011.30,3.43,26.63,0.00,0.00,180.00,0.00,79DAAFB4
2026-05-28T02:57:13Z,0.00,248.20,31.00,S,0.00,0.00,1011.50,78.01,1011.50,3.22,26.71,0.00,0.00,180.00,0.00,79DAAFB4
2026-05-28T02:40:05Z,0.00,248.20,30.89,S,0.00,0.00,1011.40,79.13,1011.40,3.04,26.84,0.00,0.00,180.00,0.00,79DAAFB4
2026-05-28T02:22:45Z,0.00,248.20,30.60,S,0.00,0.00,1011.30,80.16,1011.30,2.87,26.78,0.00,0.00,180.00,0.00,79DAAFB4
2026-05-28T02:05:36Z,0.00,248.20,30.25,S,0.00,0.00,1011.30,79.99,1011.30,2.88,26.41,0.00,0.00,180.00,0.00,79DAAFB4
2026-05-28T01:48:28Z,0.00,248.20,29.30,S,0.00,0.00,1011.10,84.33,1011.10,2.20,26.38,0.00,0.00,180.00,0.00,79DAAFB4
2026-05-28T01:31:09Z,0.00,248.20,26.03,S,0.00,0.00,1010.30,53.01,1010.30,6.67,15.71,0.00,0.00,180.00,0.00,79DAAFB4
2026-05-28T01:14:01Z,0.00,248.20,26.65,S,0.00,0.00,1010.30,57.97,1010.30,5.98,17.70,0.00,0.00,180.00,0.00,79DAAFB4
2026-05-28T00:56:53Z,0.00,248.20,29.07,S,0.00,0.00,1010.40,68.30,1010.40,4.60,22.63,0.00,0.00,180.00,0.00,79DAAFB4
2026-05-28T00:39:34Z,0.00,248.20,29.64,S,0.00,0.00,1010.20,71.57,1010.20,4.14,23.95,0.00,0.00,180.00,0.00,79DAAFB4
2026-05-28T00:22:26Z,0.00,248.20,29.57,S,0.00,0.00,1010.00,71.52,1010.00,4.14,23.87,0.00,0.00,180.00,0.00,79DAAFB4
2026-05-28T00:01:46Z,0.00,248.20,29.52,S,0.00,0.00,1009.50,71.77,1009.50,4.10,23.88,0.00,0.00,180.00,0.00,79DAAFB4
2026-05-27T23:44:27Z,0.00,248.20,29.54,S,0.00,0.00,1009.30,71.73,1009.30,4.11,23.89,0.00,0.00,180.00,0.00,79DAAFB4
2026-05-27T23:27:18Z,0.00,248.20,29.51,S,0.00,0.00,1009.20,71.51,1009.20,4.14,23.81,0.00,0.00,180.00,0.00,79DAAFB4
2026-05-27T23:10:10Z,0.00,248.20,29.52,S,0.00,0.00,1009.00,71.41,1009.00,4.15,23.80,0.00,0.00,180.00,0.00,79DAAFB4
2026-05-27T22:53:02Z,0.00,248.20,29.50,S,0.00,0.00,1008.90,71.26,1008.90,4.18,23.74,0.00,0.00,180.00,0.00,79DAAFB4
2026-05-27T22:35:54Z,0.00,248.20,19.65,S,0.00,0.00,672.60,47.40,672.60,6.60,8.16,0.00,0.00,180.00,0.00,79DAAFB4
2026-05-27T22:18:46Z,0.00,248.20,29.52,S,0.00,0.00,1008.80,70.79,1008.80,4.25,23.65,0.00,0.00,180.00,0.00,79DAAFB4
2026-05-27T22:01:38Z,0.00,248.20,29.45,S,0.00,0.00,1009.10,71.07,1009.10,4.20,23.65,0.00,0.00,180.00,0.00,79DAAFB4
2026-05-27T21:44:30Z,0.00,248.20,29.48,S,0.00,0.00,1008.90,71.52,1008.90,4.13,23.78,0.00,0.00,180.00,0.00,79DAAFB4
2026-05-27T21:27:11Z,0.00,248.20,29.41,S,0.00,0.00,1008.40,71.13,1008.40,4.19,23.63,0.00,0.00,180.00,0.00,79DAAFB4
2026-05-27T21:10:03Z,0.00,248.20,29.43,S,0.00,0.00,1008.10,70.75,1008.10,4.25,23.56,0.00,0.00,180.00,0.00,79DAAFB4
2026-05-27T20:52:43Z,0.00,248.20,29.45,S,0.00,0.00,1008.30,70.47,1008.30,4.29,23.51,0.00,0.00,180.00,0.00,79DAAFB4
2026-05-27T20:35:24Z,0.00,248.20,29.38,S,0.00,0.00,1008.10,70.40,1008.10,4.30,23.43,0.00,0.00,180.00,0.00,79DAAFB4
2026-05-27T20:18:16Z,0.00,248.20,29.36,S,0.00,0.00,1007.80,70.16,1007.80,4.34,23.35,0.00,0.00,180.00,0.00,79DAAFB4
2026-05-27T19:59:43Z,0.00,248.20,29.39,S,0.00,0.00,1007.70,69.90,1007.70,4.38,23.32,0.00,0.00,180.00,0.00,79DAAFB4
2026-05-27T19:42:23Z,0.00,248.20,29.36,S,0.00,0.00,1007.90,69.74,1007.90,4.40,23.25,0.00,0.00,180.00,0.00,79DAAFB4
2026-05-27T19:25:15Z,0.00,248.20,29.33,S,0.00,0.00,1008.00,69.52,1008.00,4.43,23.17,0.00,0.00,180.00,0.00,79DAAFB4
2026-05-27T19:08:06Z,0.00,248.20,29.28,S,0.00,0.00,1008.00,69.09,1008.00,4.50,23.02,0.00,0.00,180.00,0.00,79DAAFB4
2026-05-27T18:50:57Z,0.00,248.20,29.26,S,0.00,0.00,1008.40,69.21,1008.40,4.48,23.03,0.00,0.00,180.00,0.00,79DAAFB4
2026-05-27T18:33:49Z,0.00,248.20,29.25,S,0.00,0.00,1008.20,68.86,1008.20,4.53,22.93,0.00,0.00,180.00,0.00,79DAAFB4
2026-05-27T18:16:40Z,0.00,248.20,29.21,S,0.00,0.00,1008.30,68.23,1008.30,4.62,22.75,0.00,0.00,180.00,0.00,79DAAFB4
2026-05-27T17:59:32Z,0.00,248.20,29.17,S,0.00,0.00,1008.50,67.72,1008.50,4.70,22.58,0.00,0.00,180.00,0.00,79DAAFB4
2026-05-27T17:42:24Z,0.00,248.20,29.17,S,0.00,0.00,1008.90,67.02,1008.90,4.81,22.41,0.00,0.00,180.00,0.00,79DAAFB4
2026-05-27T17:25:16Z,0.00,248.20,29.11,S,0.00,0.00,1009.00,66.09,1009.00,4.95,22.13,0.00,0.00,180.00,0.00,79DAAFB4
2026-05-27T17:07:56Z,0.00,248.20,29.06,S,0.00,0.00,1009.10,64.96,1009.10,5.12,21.80,0.00,0.00,180.00,0.00,79DAAFB4
2026-05-27T16:50:48Z,0.00,248.20,29.06,S,0.00,0.00,1009.20,64.20,1009.20,5.24,21.60,0.00,0.00,180.00,0.00,79DAAFB4
2026-05-27T16:33:40Z,0.00,248.20,29.04,S,0.00,0.00,1009.40,63.84,1009.40,5.30,21.49,0.00,0.00,180.00,0.00,79DAAFB4
2026-05-27T16:16:21Z,0.00,248.20,28.97,S,0.00,0.00,1009.40,63.40,1009.40,5.36,21.31,0.00,0.00,180.00,0.00,79DAAFB4
2026-05-27T15:59:12Z,0.00,248.20,28.91,S,0.00,0.00,1009.20,62.49,1009.20,5.50,21.02,0.00,0.00,180.00,0.00,79DAAFB4
2026-05-27T15:42:04Z,0.00,248.20,28.82,S,0.00,0.00,1009.00,62.05,1009.00,5.56,20.82,0.00,0.00,180.00,0.00,79DAAFB4
2026-05-27T15:24:56Z,0.00,248.20,28.78,S,0.00,0.00,1008.80,61.76,1008.80,5.60,20.71,0.00,0.00,180.00,0.00,79DAAFB4
2026-05-27T15:07:37Z,0.00,248.20,28.73,S,0.00,0.00,1008.80,61.23,1008.80,5.68,20.52,0.00,0.00,180.00,0.00,79DAAFB4
2026-05-27T14:50:28Z,0.00,248.20,28.67,S,0.00,0.00,1008.80,60.18,1008.80,5.84,20.18,0.00,0.00,180.00,0.00,79DAAFB4
2026-05-27T14:33:19Z,0.00,248.20,28.55,S,0.00,0.00,1008.80,58.96,1008.80,6.02,19.74,0.00,0.00,180.00,0.00,79DAAFB4
2026-05-27T14:16:00Z,0.00,248.20,28.44,S,0.00,0.00,1008.80,58.56,1008.80,6.08,19.53,0.00,0.00,180.00,0.00,79DAAFB4
2026-05-27T13:58:52Z,0.00,248.20,28.25,S,0.00,0.00,1008.50,57.33,1008.50,6.25,19.01,0.00,0.00,180.00,0.00,79DAAFB4
2026-05-27T13:41:44Z,0.00,248.20,28.04,S,0.00,0.00,1008.40,55.86,1008.40,6.46,18.40,0.00,0.00,180.00,0.00,79DAAFB4
2026-05-27T13:24:25Z,0.00,248.20,27.74,S,0.00,0.00,1008.10,54.99,1008.10,6.57,17.87,0.00,0.00,180.00,0.00,79DAAFB4
2026-05-27T13:07:06Z,0.00,248.20,27.34,S,0.00,0.00,1008.10,52.94,1008.10,6.85,16.90,0.00,0.00,180.00,0.00,79DAAFB4
2026-05-27T12:49:58Z,0.00,248.20,26.72,S,0.00,0.00,1007.90,51.52,1007.90,7.00,15.90,0.00,0.00,180.00,0.00,79DAAFB4
2026-05-27T12:32:39Z,0.00,248.20,25.88,S,0.00,0.00,1007.70,51.86,1007.70,6.83,15.23,0.00,0.00,180.00,0.00,79DAAFB4
2026-05-27T12:15:30Z,0.00,248.20,25.34,S,0.00,0.00,1007.50,42.18,1007.50,8.31,11.57,0.00,0.00,180.00,0.00,79DAAFB4
2026-05-27T11:58:21Z,0.00,248.20,25.35,S,0.00,0.00,1007.20,50.77,1007.20,6.93,14.41,0.00,0.00,180.00,0.00,79DAAFB4
2026-05-27T11:41:13Z,0.00,248.20,25.27,S,0.00,0.00,1007.00,45.80,1007.00,7.71,12.76,0.00,0.00,180.00,0.00,79DAAFB4
2026-05-27T11:24:05Z,0.00,248.20,25.91,S,0.00,0.00,1007.10,44.63,1007.10,8.00,12.94,0.00,0.00,180.00,0.00,79DAAFB4
2026-05-27T11:06:56Z,0.00,248.20,26.35,S,0.00,0.00,1006.80,39.18,1006.80,9.01,11.36,0.00,0.00,180.00,0.00,79DAAFB4
2026-05-27T10:48:43Z,0.00,248.20,28.57,S,0.00,0.00,1007.00,40.94,1007.00,9.11,14.01,0.00,0.00,180.00,0.00,79DAAFB4
2026-05-27T10:31:35Z,0.00,248.20,32.06,S,0.00,0.00,1007.20,71.52,1007.20,4.30,26.25,0.00,0.00,180.00,0.00,79DAAFB4
2026-05-27T10:14:27Z,0.00,248.20,32.24,S,0.00,0.00,1006.90,71.59,1006.90,4.30,26.44,0.00,0.00,180.00,0.00,79DAAFB4
2026-05-27T09:57:08Z,0.00,248.20,32.25,S,0.00,0.00,1006.90,72.02,1006.90,4.23,26.55,0.00,0.00,180.00,0.00,79DAAFB4
2026-05-27T09:39:59Z,0.00,248.20,32.27,S,0.00,0.00,1006.50,71.92,1006.50,4.25,26.55,0.00,0.00,180.00,0.00,79DAAFB4
2026-05-27T09:22:40Z,0.00,248.20,32.32,S,0.00,0.00,1006.20,71.98,1006.20,4.24,26.61,0.00,0.00,180.00,0.00,79DAAFB4
2026-05-27T09:05:21Z,0.00,248.20,32.35,S,0.00,0.00,1006.10,71.37,1006.10,4.34,26.50,0.00,0.00,180.00,0.00,79DAAFB4
2026-05-27T08:48:13Z,0.00,248.20,32.47,S,0.00,0.00,1006.10,71.39,1006.10,4.35,26.62,0.00,0.00,180.00,0.00,79DAAFB4
2026-05-27T08:30:53Z,0.00,248.20,32.74,S,0.00,0.00,1006.30,69.61,1006.30,4.66,26.44,0.00,0.00,180.00,0.00,79DAAFB4
2026-05-27T08:13:44Z,0.00,248.20,33.38,S,0.00,0.00,1006.30,66.00,1006.30,5.31,26.15,0.00,0.00,180.00,0.00,79DAAFB4
2026-05-27T07:56:36Z,0.00,248.20,33.34,S,0.00,0.00,1006.40,66.43,1006.40,5.23,26.22,0.00,0.00,180.00,0.00,79DAAFB4
2026-05-27T07:39:28Z,0.00,248.20,33.16,S,0.00,0.00,1006.70,67.20,1006.70,5.09,26.25,0.00,0.00,180.00,0.00,79DAAFB4
2026-05-27T07:22:20Z,0.00,248.20,33.22,S,0.00,0.00,1007.10,66.87,1007.10,5.15,26.22,0.00,0.00,180.00,0.00,79DAAFB4
2026-05-27T07:05:12Z,0.00,248.20,33.41,S,0.00,0.00,1007.60,66.14,1007.60,5.29,26.21,0.00,0.00,180.00,0.00,79DAAFB4
2026-05-27T06:48:04Z,0.00,248.20,33.80,S,0.00,0.00,1007.70,61.91,1007.70,6.05,25.47,0.00,0.00,180.00,0.00,79DAAFB4
2026-05-27T06:30:45Z,0.00,248.20,33.99,S,0.00,0.00,1007.60,62.14,1007.60,6.03,25.71,0.00,0.00,180.00,0.00,79DAAFB4
2026-05-27T06:13:26Z,0.00,248.20,34.60,S,0.00,0.00,1007.80,61.12,1007.80,6.27,26.00,0.00,0.00,180.00,0.00,79DAAFB4
2026-05-27T05:56:17Z,0.00,248.20,34.26,S,0.00,0.00,1008.20,59.34,1008.20,6.56,25.18,0.00,0.00,180.00,0.00,79DAAFB4
2026-05-27T05:39:09Z,0.00,248.20,34.04,S,0.00,0.00,1008.40,64.09,1008.40,5.69,26.28,0.00,0.00,180.00,0.00,79DAAFB4
2026-05-27T05:22:01Z,0.00,248.20,33.79,NW,0.00,0.00,1009.00,64.79,1009.00,5.55,26.22,0.00,0.00,305.00,0.00,79DAAFB4
2026-05-27T05:04:52Z,0.00,248.20,33.65,S,0.00,0.00,1009.30,65.36,1009.30,5.44,26.24,0.00,0.00,180.00,0.00,79DAAFB4
2026-05-27T04:47:44Z,0.00,248.20,32.82,S,0.00,0.00,1009.50,68.11,1009.50,4.91,26.15,0.00,0.00,180.00,0.00,79DAAFB4
2026-05-27T04:30:36Z,0.00,248.20,32.56,S,0.00,0.00,1009.20,69.36,1009.20,4.68,26.21,0.00,0.00,180.00,0.00,79DAAFB4
2026-05-27T04:13:28Z,0.00,248.20,32.33,S,0.00,0.00,1009.30,71.05,1009.30,4.39,26.40,0.00,0.00,180.00,0.00,79DAAFB4
2026-05-27T03:56:20Z,0.00,248.20,32.38,S,0.00,0.00,1009.40,70.53,1009.40,4.48,26.32,0.00,0.00,180.00,0.00,79DAAFB4
2026-05-27T03:39:12Z,0.00,248.20,32.37,S,0.00,0.00,1009.60,69.72,1009.60,4.61,26.12,0.00,0.00,180.00,0.00,79DAAFB4
2026-05-27T03:21:53Z,0.00,248.20,32.15,S,0.00,0.00,1009.70,71.32,1009.70,4.34,26.29,0.00,0.00,180.00,0.00,79DAAFB4
2026-05-27T03:04:34Z,0.00,248.20,32.20,S,0.00,0.00,1009.70,70.95,1009.70,4.40,26.25,0.00,0.00,180.00,0.00,79DAAFB4
2026-05-27T02:47:25Z,0.00,248.20,32.15,S,0.00,0.00,1009.80,73.25,1009.80,4.03,26.75,0.00,0.00,180.00,0.00,79DAAFB4
2026-05-27T02:30:17Z,0.00,248.20,31.84,S,0.00,0.00,1009.90,73.71,1009.90,3.93,26.55,0.00,0.00,180.00,0.00,79DAAFB4
2026-05-27T02:13:09Z,0.00,248.20,31.65,S,0.00,0.00,1010.10,75.27,1010.10,3.68,26.73,0.00,0.00,180.00,0.00,79DAAFB4
2026-05-27T01:55:50Z,0.00,248.20,31.39,S,0.00,0.00,1010.00,76.12,1010.00,3.53,26.67,0.00,0.00,180.00,0.00,79DAAFB4
2026-05-27T01:38:41Z,0.00,248.20,31.29,S,0.00,0.00,1010.00,78.02,1010.00,3.23,26.99,0.00,0.00,180.00,0.00,79DAAFB4
2026-05-27T01:21:32Z,0.00,248.20,31.13,S,0.00,0.00,1010.10,79.38,1010.10,3.01,27.13,0.00,0.00,180.00,0.00,79DAAFB4
2026-05-27T01:04:13Z,0.00,248.20,31.00,S,0.00,0.00,1010.00,79.13,1010.00,3.04,26.95,0.00,0.00,180.00,0.00,79DAAFB4
2026-05-27T00:47:05Z,0.00,248.20,30.77,S,0.00,0.00,1010.20,79.88,1010.20,2.92,26.89,0.00,0.00,180.00,0.00,79DAAFB4
2026-05-27T00:29:57Z,0.00,248.20,30.54,S,0.00,0.00,1010.20,80.61,1010.20,2.80,26.82,0.00,0.00,180.00,0.00,79DAAFB4
2026-05-27T00:12:38Z,0.00,248.20,30.34,S,0.00,0.00,1010.10,81.24,1010.10,2.70,26.76,0.00,0.00,180.00,0.00,79DAAFB4
2026-05-26T23:55:19Z,0.00,248.20,30.05,S,0.00,0.00,1009.90,81.95,1009.90,2.58,26.62,0.00,0.00,180.00,0.00,79DAAFB4
2026-05-26T23:38:11Z,0.00,248.20,29.94,S,0.00,0.00,1009.70,82.10,1009.70,2.55,26.55,0.00,0.00,180.00,0.00,79DAAFB4
2026-05-26T23:20:51Z,0.00,248.20,29.82,S,0.00,0.00,1009.50,82.15,1009.50,2.54,26.44,0.00,0.00,180.00,0.00,79DAAFB4
2026-05-26T23:03:42Z,0.00,248.20,29.75,S,0.00,0.00,1009.10,82.26,1009.10,2.52,26.39,0.00,0.00,180.00,0.00,79DAAFB4
2026-05-26T22:46:34Z,0.00,248.20,29.71,S,0.00,0.00,1008.90,82.67,1008.90,2.46,26.44,0.00,0.00,180.00,0.00,79DAAFB4
2026-05-26T22:29:26Z,0.00,248.20,29.69,S,0.00,0.00,1008.80,83.15,1008.80,2.39,26.52,0.00,0.00,180.00,0.00,79DAAFB4
2026-05-26T22:12:18Z,0.00,248.20,29.78,S,0.00,0.00,1008.60,83.70,1008.60,2.31,26.72,0.00,0.00,180.00,0.00,79DAAFB4
2026-05-26T21:55:10Z,0.00,248.20,29.75,S,0.00,0.00,1008.20,82.40,1008.20,2.50,26.42,0.00,0.00,180.00,0.00,79DAAFB4
2026-05-26T21:38:02Z,0.00,248.20,29.78,S,0.00,0.00,1008.00,84.05,1008.00,2.26,26.79,0.00,0.00,180.00,0.00,79DAAFB4
2026-05-26T21:20:15Z,0.00,248.20,29.81,S,0.00,0.00,1007.70,83.75,1007.70,2.30,26.76,0.00,0.00,180.00,0.00,79DAAFB4
2026-05-26T21:02:51Z,0.00,248.20,29.86,S,0.00,0.00,1007.80,83.88,1007.80,2.28,26.83,0.00,0.00,180.00,0.00,79DAAFB4
2026-05-26T20:45:42Z,0.00,248.20,29.89,S,0.00,0.00,1007.90,83.53,1007.90,2.34,26.79,0.00,0.00,180.00,0.00,79DAAFB4
2026-05-26T20:28:34Z,0.00,248.20,29.82,S,0.00,0.00,1007.90,82.32,1007.90,2.52,26.48,0.00,0.00,180.00,0.00,79DAAFB4
2026-05-26T20:11:26Z,0.00,248.20,29.96,S,0.00,0.00,1008.00,81.91,1008.00,2.58,26.53,0.00,0.00,180.00,0.00,79DAAFB4
2026-05-26T19:54:16Z,0.00,248.20,29.95,S,0.00,0.00,1008.00,81.72,1008.00,2.61,26.48,0.00,0.00,180.00,0.00,79DAAFB4
2026-05-26T19:36:56Z,0.00,248.20,29.94,S,0.00,0.00,1008.10,81.69,1008.10,2.61,26.46,0.00,0.00,180.00,0.00,79DAAFB4
2026-05-26T19:19:37Z,0.00,248.20,30.05,S,0.00,0.00,1008.20,81.49,1008.20,2.65,26.53,0.00,0.00,180.00,0.00,79DAAFB4
2026-05-26T19:02:29Z,0.00,248.20,30.10,S,0.00,0.00,1008.20,82.11,1008.20,2.56,26.70,0.00,0.00,180.00,0.00,79DAAFB4
2026-05-26T18:45:10Z,0.00,248.20,30.21,S,0.00,0.00,1008.30,81.75,1008.30,2.61,26.74,0.00,0.00,180.00,0.00,79DAAFB4
2026-05-26T18:28:01Z,0.00,248.20,30.24,S,0.00,0.00,1008.30,81.36,1008.30,2.67,26.68,0.00,0.00,180.00,0.00,79DAAFB4
2026-05-26T18:10:52Z,0.00,248.20,30.29,S,0.00,0.00,1008.60,81.37,1008.60,2.67,26.74,0.00,0.00,180.00,0.00,79DAAFB4
2026-05-26T17:53:44Z,0.00,248.20,30.34,S,0.00,0.00,1008.80,81.19,1008.80,2.70,26.75,0.00,0.00,180.00,0.00,79DAAFB4
2026-05-26T17:36:36Z,0.00,248.20,30.48,S,0.00,0.00,1008.80,80.94,1008.80,2.75,26.83,0.00,0.00,180.00,0.00,79DAAFB4
2026-05-26T17:19:28Z,0.00,248.20,30.60,S,0.00,0.00,1008.90,80.12,1008.90,2.88,26.77,0.00,0.00,180.00,0.00,79DAAFB4
2026-05-26T17:02:09Z,0.00,248.20,30.61,S,0.00,0.00,1009.20,80.85,1009.20,2.77,26.94,0.00,0.00,180.00,0.00,79DAAFB4
2026-05-26T16:45:00Z,0.00,248.20,30.66,S,0.00,0.00,1009.60,80.48,1009.60,2.82,26.91,0.00,0.00,180.00,0.00,79DAAFB4
2026-05-26T16:27:41Z,0.00,248.20,30.68,S,0.00,0.00,1009.90,80.13,1009.90,2.88,26.85,0.00,0.00,180.00,0.00,79DAAFB4
2026-05-26T16:10:22Z,0.00,248.20,30.75,S,0.00,0.00,1010.00,79.85,1010.00,2.92,26.86,0.00,0.00,180.00,0.00,79DAAFB4
2026-05-26T15:53:13Z,0.00,248.20,30.80,S,0.00,0.00,1010.10,79.57,1010.10,2.97,26.85,0.00,0.00,180.00,0.00,79DAAFB4
2026-05-26T15:36:05Z,0.00,248.20,30.92,S,0.00,0.00,1010.10,79.51,1010.10,2.98,26.95,0.00,0.00,180.00,0.00,79DAAFB4
2026-05-26T15:18:57Z,0.00,248.20,30.98,S,0.00,0.00,1009.90,77.31,1009.90,3.32,26.54,0.00,0.00,180.00,0.00,79DAAFB4
2026-05-26T15:01:38Z,0.00,248.20,31.09,S,0.00,0.00,1009.90,76.85,1009.90,3.40,26.54,0.00,0.00,180.00,0.00,79DAAFB4
2026-05-26T14:44:29Z,0.00,248.20,31.16,S,0.00,0.00,1009.70,75.93,1009.70,3.55,26.40,0.00,0.00,180.00,0.00,79DAAFB4
2026-05-26T14:27:20Z,0.00,248.20,31.20,S,0.00,0.00,1009.50,75.69,1009.50,3.59,26.39,0.00,0.00,180.00,0.00,79DAAFB4
2026-05-26T14:10:01Z,0.00,248.20,31.23,S,0.00,0.00,1009.30,75.35,1009.30,3.64,26.34,0.00,0.00,180.00,0.00,79DAAFB4
2026-05-26T13:52:53Z,0.00,248.20,31.23,S,0.00,0.00,1008.90,75.30,1008.90,3.65,26.33,0.00,0.00,180.00,0.00,79DAAFB4
2026-05-26T13:35:45Z,0.00,248.20,31.19,S,0.00,0.00,1008.60,74.41,1008.60,3.79,26.09,0.00,0.00,180.00,0.00,79DAAFB4
2026-05-26T13:18:26Z,0.00,248.20,31.18,S,0.00,0.00,1008.30,74.25,1008.30,3.81,26.04,0.00,0.00,180.00,0.00,79DAAFB4
2026-05-26T13:01:07Z,0.00,248.20,31.19,S,0.00,0.00,1008.20,74.78,1008.20,3.73,26.17,0.00,0.00,180.00,0.00,79DAAFB4
2026-05-26T12:43:59Z,0.00,248.20,31.33,S,0.00,0.00,1007.80,73.53,1007.80,3.93,26.02,0.00,0.00,180.00,0.00,79DAAFB4
2026-05-26T12:26:40Z,0.00,248.20,31.56,S,0.00,0.00,1007.60,72.99,1007.60,4.03,26.12,0.00,0.00,180.00,0.00,79DAAFB4
2026-05-26T12:09:31Z,0.00,248.20,31.82,S,0.00,0.00,1007.50,70.98,1007.50,4.37,25.90,0.00,0.00,180.00,0.00,79DAAFB4
2026-05-26T11:52:22Z,0.00,248.20,32.26,S,0.00,0.00,1007.50,68.41,1007.50,4.82,25.69,0.00,0.00,180.00,0.00,79DAAFB4
2026-05-26T11:35:13Z,0.00,248.20,32.61,S,0.00,0.00,1007.30,65.82,1007.30,5.28,25.37,0.00,0.00,180.00,0.00,79DAAFB4
2026-05-26T11:18:05Z,0.00,248.20,33.06,S,0.00,0.00,1006.70,64.13,1006.70,5.60,25.36,0.00,0.00,180.00,0.00,79DAAFB4
2026-05-26T11:00:57Z,0.00,248.20,33.60,S,0.00,0.00,1006.40,62.94,1006.40,5.85,25.56,0.00,0.00,180.00,0.00,79DAAFB4
2026-05-26T10:43:49Z,0.00,248.20,34.40,S,0.00,0.00,1006.00,58.94,1006.00,6.64,25.20,0.00,0.00,180.00,0.00,79DAAFB4
2026-05-26T10:26:30Z,0.00,248.20,35.22,S,0.00,0.00,1005.70,54.74,1005.70,7.51,24.72,0.00,0.00,180.00,0.00,79DAAFB4
2026-05-26T10:09:22Z,0.00,248.20,36.63,S,0.00,0.00,1005.60,51.77,1005.60,8.27,25.08,0.00,0.00,180.00,0.00,79DAAFB4
2026-05-26T09:52:02Z,0.00,248.20,36.66,S,0.00,0.00,1005.20,50.94,1005.20,8.45,24.84,0.00,0.00,180.00,0.00,79DAAFB4
2026-05-26T09:34:43Z,0.00,248.20,38.54,S,0.00,0.00,1005.10,45.48,1005.10,9.88,24.65,0.00,0.00,180.00,0.00,79DAAFB4
2026-05-26T09:17:35Z,0.00,248.20,40.59,S,0.00,0.00,1004.70,40.64,1004.70,11.37,24.60,0.00,0.00,180.00,0.00,79DAAFB4
2026-05-26T09:00:25Z,0.00,248.20,40.12,S,0.00,0.00,1004.70,43.30,1004.70,10.65,25.24,0.00,0.00,180.00,0.00,79DAAFB4
2026-05-26T08:43:17Z,0.00,248.20,39.82,S,0.00,0.00,1004.90,43.78,1004.90,10.48,25.16,0.00,0.00,180.00,0.00,79DAAFB4
2026-05-26T08:26:09Z,0.00,248.20,39.40,S,0.00,0.00,1005.00,43.95,1005.00,10.37,24.85,0.00,0.00,180.00,0.00,79DAAFB4
2026-05-26T08:08:50Z,0.00,248.20,39.37,S,0.00,0.00,1005.10,42.99,1005.10,10.59,24.45,0.00,0.00,180.00,0.00,79DAAFB4
2026-05-26T07:51:41Z,0.00,248.20,38.51,S,0.00,0.00,1005.50,44.70,1005.50,10.05,24.33,0.00,0.00,180.00,0.00,79DAAFB4
2026-05-26T07:34:32Z,0.00,248.20,37.24,S,0.00,0.00,1005.40,46.78,1005.40,9.40,23.94,0.00,0.00,180.00,0.00,79DAAFB4
2026-05-26T07:17:13Z,0.00,248.20,36.60,S,0.00,0.00,1006.00,48.88,1006.00,8.86,24.09,0.00,0.00,180.00,0.00,79DAAFB4
2026-05-26T07:00:05Z,0.00,248.20,35.78,S,0.00,0.00,1006.00,53.54,1006.00,7.81,24.87,0.00,0.00,180.00,0.00,79DAAFB4
2026-05-26T06:42:57Z,0.00,248.20,35.25,S,0.00,0.00,1006.10,54.44,1006.10,7.58,24.66,0.00,0.00,180.00,0.00,79DAAFB4
2026-05-26T06:25:38Z,0.00,248.20,34.70,S,0.00,0.00,1006.30,58.43,1006.30,6.77,25.33,0.00,0.00,180.00,0.00,79DAAFB4
2026-05-26T06:08:19Z,0.00,248.20,34.10,S,0.00,0.00,1006.50,57.55,1006.50,6.86,24.52,0.00,0.00,180.00,0.00,79DAAFB4
2026-05-26T05:51:10Z,0.00,248.20,33.98,S,0.00,0.00,1006.90,61.06,1006.90,6.22,25.40,0.00,0.00,180.00,0.00,79DAAFB4
2026-05-26T05:34:02Z,0.00,248.20,33.77,S,0.00,0.00,1007.30,62.47,1007.30,5.95,25.59,0.00,0.00,180.00,0.00,79DAAFB4
2026-05-26T05:16:54Z,0.00,248.20,34.02,S,0.00,0.00,1007.70,61.50,1007.70,6.15,25.56,0.00,0.00,180.00,0.00,79DAAFB4
2026-05-26T04:59:46Z,0.00,248.20,22.40,S,0.00,0.00,672.00,42.78,672.00,7.70,9.14,0.00,0.00,180.00,0.00,79DAAFB4
2026-05-26T04:42:38Z,0.00,248.20,33.51,S,0.00,0.00,1008.20,64.18,1008.20,5.63,25.80,0.00,0.00,180.00,0.00,79DAAFB4
2026-05-26T04:25:30Z,0.00,248.20,33.39,S,0.00,0.00,1008.60,63.24,1008.60,5.78,25.44,0.00,0.00,180.00,0.00,79DAAFB4
2026-05-26T04:08:22Z,0.00,248.20,32.96,S,0.00,0.00,1008.90,64.61,1008.90,5.51,25.39,0.00,0.00,180.00,0.00,79DAAFB4
2026-05-26T03:51:03Z,0.00,248.20,32.69,S,0.00,0.00,1009.00,65.06,1009.00,5.41,25.25,0.00,0.00,180.00,0.00,79DAAFB4
2026-05-26T03:33:55Z,0.00,248.20,32.29,S,0.00,0.00,1009.40,66.35,1009.40,5.16,25.21,0.00,0.00,180.00,0.00,79DAAFB4
2026-05-26T03:16:35Z,0.00,248.20,32.02,S,0.00,0.00,1009.80,67.88,1009.80,4.89,25.33,0.00,0.00,180.00,0.00,79DAAFB4
2026-05-26T02:59:27Z,0.00,248.20,31.77,S,0.00,0.00,1010.10,69.91,1010.10,4.54,25.59,0.00,0.00,180.00,0.00,79DAAFB4
2026-05-26T02:42:18Z,0.00,248.20,31.44,S,0.00,0.00,1010.10,71.06,1010.10,4.33,25.55,0.00,0.00,180.00,0.00,79DAAFB4
2026-05-26T02:25:10Z,0.00,248.20,31.21,S,0.00,0.00,1010.30,74.82,1010.30,3.72,26.20,0.00,0.00,180.00,0.00,79DAAFB4
2026-05-26T02:08:02Z,0.00,248.20,30.92,S,0.00,0.00,1010.20,76.05,1010.20,3.52,26.20,0.00,0.00,180.00,0.00,79DAAFB4
2026-05-26T01:50:43Z,0.00,248.20,30.73,S,0.00,0.00,1010.20,76.35,1010.20,3.46,26.08,0.00,0.00,180.00,0.00,79DAAFB4
2026-05-26T01:33:35Z,0.00,248.20,30.51,S,0.00,0.00,1010.00,78.46,1010.00,3.13,26.33,0.00,0.00,180.00,0.00,79DAAFB4
2026-05-26T01:16:27Z,0.00,248.20,30.24,S,0.00,0.00,1010.00,80.38,1010.00,2.82,26.48,0.00,0.00,180.00,0.00,79DAAFB4
2026-05-26T00:59:18Z,0.00,248.20,30.09,S,0.00,0.00,1010.10,82.41,1010.10,2.51,26.76,0.00,0.00,180.00,0.00,79DAAFB4
2026-05-26T00:42:10Z,0.00,248.20,29.83,S,0.00,0.00,1010.30,84.05,1010.30,2.26,26.84,0.00,0.00,180.00,0.00,79DAAFB4
2026-05-26T00:25:02Z,0.00,248.20,29.56,S,0.00,0.00,1010.20,85.71,1010.20,2.00,26.91,0.00,0.00,180.00,0.00,79DAAFB4
2026-05-26T00:07:43Z,0.00,248.20,29.34,S,0.00,0.00,1010.00,87.32,1010.00,1.76,27.01,0.00,0.00,180.00,0.00,79DAAFB4
2026-05-25T23:50:24Z,0.00,248.20,29.12,S,0.00,0.00,1009.80,87.58,1009.80,1.72,26.84,0.00,0.00,180.00,0.00,79DAAFB4
2026-05-25T23:33:15Z,0.00,248.20,29.00,S,0.00,0.00,1009.70,88.10,1009.70,1.64,26.83,0.00,0.00,180.00,0.00,79DAAFB4
2026-05-25T23:16:07Z,0.00,248.20,28.88,S,0.00,0.00,1009.60,88.22,1009.60,1.62,26.73,0.00,0.00,180.00,0.00,79DAAFB4
2026-05-25T22:58:59Z,0.00,248.20,28.87,S,0.00,0.00,1009.50,88.01,1009.50,1.65,26.68,0.00,0.00,180.00,0.00,79DAAFB4
2026-05-25T22:41:51Z,0.00,248.20,19.23,S,0.00,0.00,672.80,58.60,672.80,5.09,10.93,0.00,0.00,180.00,0.00,79DAAFB4
2026-05-25T22:24:43Z,0.00,248.20,28.88,S,0.00,0.00,1009.10,87.86,1009.10,1.67,26.66,0.00,0.00,180.00,0.00,79DAAFB4
2026-05-25T22:07:35Z,0.00,248.20,28.89,S,0.00,0.00,1008.90,87.73,1008.90,1.69,26.65,0.00,0.00,180.00,0.00,79DAAFB4
2026-05-25T21:50:27Z,0.00,248.20,28.93,S,0.00,0.00,1009.00,87.46,1009.00,1.73,26.63,0.00,0.00,180.00,0.00,79DAAFB4
2026-05-25T21:33:08Z,0.00,248.20,28.99,S,0.00,0.00,1008.90,87.12,1008.90,1.78,26.63,0.00,0.00,180.00,0.00,79DAAFB4
2026-05-25T21:16:00Z,0.00,248.20,29.02,S,0.00,0.00,1008.70,87.12,1008.70,1.78,26.65,0.00,0.00,180.00,0.00,79DAAFB4
2026-05-25T20:58:40Z,0.00,248.20,29.17,S,0.00,0.00,1008.80,87.27,1008.80,1.77,26.83,0.00,0.00,180.00,0.00,79DAAFB4
2026-05-25T20:41:21Z,0.00,248.20,29.01,S,0.00,0.00,1008.90,87.14,1008.90,1.78,26.65,0.00,0.00,180.00,0.00,79DAAFB4
2026-05-25T20:24:13Z,0.00,248.20,29.02,S,0.00,0.00,1009.00,87.23,1009.00,1.77,26.68,0.00,0.00,180.00,0.00,79DAAFB4
2026-05-25T20:07:04Z,0.00,248.20,28.99,S,0.00,0.00,1009.00,87.16,1009.00,1.78,26.63,0.00,0.00,180.00,0.00,79DAAFB4
2026-05-25T19:49:56Z,0.00,248.20,28.95,S,0.00,0.00,1008.80,87.18,1008.80,1.77,26.60,0.00,0.00,180.00,0.00,79DAAFB4
2026-05-25T19:32:47Z,0.00,248.20,28.97,S,0.00,0.00,1008.60,87.18,1008.60,1.77,26.62,0.00,0.00,180.00,0.00,79DAAFB4
2026-05-25T19:15:39Z,0.00,248.20,29.00,S,0.00,0.00,1008.60,87.18,1008.60,1.78,26.65,0.00,0.00,180.00,0.00,79DAAFB4
2026-05-25T18:58:31Z,0.00,248.20,29.00,S,0.00,0.00,1008.40,87.11,1008.40,1.79,26.63,0.00,0.00,180.00,0.00,79DAAFB4
2026-05-25T18:41:23Z,0.00,248.20,29.04,S,0.00,0.00,1008.60,86.46,1008.60,1.88,26.55,0.00,0.00,180.00,0.00,79DAAFB4
2026-05-25T18:20:54Z,0.00,248.20,29.01,S,0.00,0.00,1008.80,86.23,1008.80,1.91,26.47,0.00,0.00,180.00,0.00,79DAAFB4
2026-05-25T18:03:46Z,0.00,248.20,29.03,S,0.00,0.00,1009.00,85.92,1009.00,1.96,26.43,0.00,0.00,180.00,0.00,79DAAFB4
2026-05-25T17:46:27Z,0.00,248.20,28.99,S,0.00,0.00,1009.10,85.60,1009.10,2.01,26.33,0.00,0.00,180.00,0.00,79DAAFB4
2026-05-25T17:29:08Z,0.00,248.20,29.02,S,0.00,0.00,1009.30,85.08,1009.30,2.08,26.25,0.00,0.00,180.00,0.00,79DAAFB4
2026-05-25T17:12:00Z,0.00,248.20,29.14,S,0.00,0.00,1009.50,84.11,1009.50,2.23,26.18,0.00,0.00,180.00,0.00,79DAAFB4
2026-05-25T16:54:41Z,0.00,248.20,29.13,S,0.00,0.00,1009.60,83.60,1009.60,2.30,26.06,0.00,0.00,180.00,0.00,79DAAFB4
2026-05-25T16:37:32Z,0.00,248.20,29.14,S,0.00,0.00,1009.70,83.05,1009.70,2.38,25.96,0.00,0.00,180.00,0.00,79DAAFB4
2026-05-25T16:20:23Z,0.00,248.20,29.24,S,0.00,0.00,1010.00,82.10,1010.00,2.53,25.86,0.00,0.00,180.00,0.00,79DAAFB4
2026-05-25T16:03:14Z,0.00,248.20,29.24,S,0.00,0.00,1010.30,81.19,1010.30,2.66,25.68,0.00,0.00,180.00,0.00,79DAAFB4
2026-05-25T15:46:06Z,0.00,248.20,29.36,S,0.00,0.00,1010.20,80.27,1010.20,2.80,25.60,0.00,0.00,180.00,0.00,79DAAFB4
2026-05-25T15:28:58Z,0.00,248.20,29.43,S,0.00,0.00,1010.20,79.26,1010.20,2.96,25.45,0.00,0.00,180.00,0.00,79DAAFB4
2026-05-25T15:11:50Z,0.00,248.20,29.46,S,0.00,0.00,1010.20,77.65,1010.20,3.20,25.14,0.00,0.00,180.00,0.00,79DAAFB4
2026-05-25T14:54:41Z,0.00,248.20,29.45,S,0.00,0.00,1010.30,76.92,1010.30,3.31,24.97,0.00,0.00,180.00,0.00,79DAAFB4
2026-05-25T14:37:33Z,0.00,248.20,29.47,S,0.00,0.00,1010.40,76.92,1010.40,3.31,24.99,0.00,0.00,180.00,0.00,79DAAFB4
2026-05-25T14:20:25Z,0.00,248.20,29.39,S,0.00,0.00,1010.10,76.54,1010.10,3.37,24.83,0.00,0.00,180.00,0.00,79DAAFB4
2026-05-25T14:03:06Z,0.00,248.20,29.46,S,0.00,0.00,1010.10,76.65,1010.10,3.35,24.92,0.00,0.00,180.00,0.00,79DAAFB4
2026-05-25T13:45:57Z,0.00,248.20,29.43,S,0.00,0.00,1010.00,76.67,1010.00,3.35,24.90,0.00,0.00,180.00,0.00,79DAAFB4
2026-05-25T13:28:49Z,0.00,248.20,29.37,S,0.00,0.00,1009.60,76.69,1009.60,3.34,24.84,0.00,0.00,180.00,0.00,79DAAFB4
2026-05-25T13:11:41Z,0.00,248.20,29.38,S,0.00,0.00,1009.20,75.93,1009.20,3.46,24.69,0.00,0.00,180.00,0.00,79DAAFB4
2026-05-25T12:54:22Z,0.00,248.20,29.43,S,0.00,0.00,1008.70,76.34,1008.70,3.40,24.82,0.00,0.00,180.00,0.00,79DAAFB4
2026-05-25T12:37:13Z,0.00,248.20,29.43,S,0.00,0.00,1008.60,80.46,1008.60,2.78,25.71,0.00,0.00,180.00,0.00,79DAAFB4
2026-05-25T12:20:04Z,0.00,248.20,29.43,S,0.00,0.00,1008.40,83.74,1008.40,2.29,26.38,0.00,0.00,180.00,0.00,79DAAFB4
2026-05-25T12:02:45Z,0.00,248.20,29.27,S,0.00,0.00,1008.00,81.75,1008.00,2.58,25.82,0.00,0.00,180.00,0.00,79DAAFB4
2026-05-25T11:45:37Z,0.00,248.20,29.25,S,0.00,0.00,1008.10,85.46,1008.10,2.03,26.55,0.00,0.00,180.00,0.00,79DAAFB4
2026-05-25T11:28:29Z,0.00,248.20,29.05,S,0.00,0.00,1007.90,83.89,1007.90,2.26,26.04,0.00,0.00,180.00,0.00,79DAAFB4
2026-05-25T11:11:10Z,0.00,248.20,29.14,S,0.00,0.00,1007.50,78.27,1007.50,3.09,24.96,0.00,0.00,180.00,0.00,79DAAFB4
2026-05-25T10:53:51Z,0.00,248.20,29.14,S,0.00,0.00,1007.60,77.81,1007.60,3.16,24.86,0.00,0.00,180.00,0.00,79DAAFB4
2026-05-25T10:36:42Z,0.00,248.20,29.60,S,0.00,0.00,1007.30,76.29,1007.30,3.41,24.98,0.00,0.00,180.00,0.00,79DAAFB4
2026-05-25T10:19:34Z,0.00,248.20,30.52,S,0.00,0.00,1007.00,73.45,1007.00,3.90,25.23,0.00,0.00,180.00,0.00,79DAAFB4
2026-05-25T10:02:26Z,0.00,248.20,31.68,S,0.00,0.00,1006.90,66.73,1006.90,5.05,24.72,0.00,0.00,180.00,0.00,79DAAFB4
2026-05-25T09:45:07Z,0.00,248.20,35.23,S,0.00,0.00,1006.20,61.66,1006.20,6.23,26.74,0.00,0.00,180.00,0.00,79DAAFB4
2026-05-25T09:27:58Z,0.00,248.20,37.20,S,0.00,0.00,1005.80,52.76,1005.80,8.15,25.93,0.00,0.00,180.00,0.00,79DAAFB4
2026-05-25T09:10:49Z,0.00,248.20,38.71,S,0.00,0.00,1005.80,48.48,1005.80,9.25,25.88,0.00,0.00,180.00,0.00,79DAAFB4
2026-05-25T08:53:30Z,0.00,248.20,39.11,S,0.00,0.00,1006.00,47.16,1006.00,9.60,25.77,0.00,0.00,180.00,0.00,79DAAFB4
2026-05-25T08:36:22Z,0.00,248.20,39.58,S,0.00,0.00,1005.80,46.90,1005.80,9.73,26.11,0.00,0.00,180.00,0.00,79DAAFB4
2026-05-25T08:19:14Z,0.00,248.20,38.87,S,0.00,0.00,1005.90,49.24,1005.90,9.11,26.29,0.00,0.00,180.00,0.00,79DAAFB4
2026-05-25T08:01:55Z,0.00,248.20,38.38,S,0.00,0.00,1006.20,50.80,1006.20,8.71,26.37,0.00,0.00,180.00,0.00,79DAAFB4
2026-05-25T07:44:36Z,0.00,248.20,36.73,S,0.00,0.00,1006.40,55.06,1006.40,7.63,26.22,0.00,0.00,180.00,0.00,79DAAFB4
2026-05-25T07:27:27Z,0.00,248.20,36.71,S,0.00,0.00,1006.80,55.25,1006.80,7.60,26.26,0.00,0.00,180.00,0.00,79DAAFB4
2026-05-25T07:10:19Z,0.00,248.20,35.90,S,0.00,0.00,1006.90,56.26,1006.90,7.31,25.81,0.00,0.00,180.00,0.00,79DAAFB4
2026-05-25T06:53:11Z,0.00,248.20,35.46,S,0.00,0.00,1007.00,53.77,1007.00,7.73,24.64,0.00,0.00,180.00,0.00,79DAAFB4
2026-05-25T06:36:03Z,0.00,248.20,23.59,S,0.00,0.00,671.60,37.75,671.60,8.72,8.36,0.00,0.00,180.00,0.00,79DAAFB4
2026-05-25T06:18:55Z,0.00,248.20,35.04,S,0.00,0.00,1007.70,55.90,1007.70,7.27,24.91,0.00,0.00,180.00,0.00,79DAAFB4
2026-05-25T06:01:47Z,0.00,248.20,34.54,S,0.00,0.00,1008.00,59.04,1008.00,6.64,25.36,0.00,0.00,180.00,0.00,79DAAFB4
2026-05-25T05:44:39Z,0.00,248.20,34.08,S,0.00,0.00,1008.30,60.36,1008.30,6.35,25.30,0.00,0.00,180.00,0.00,79DAAFB4
2026-05-25T05:27:20Z,0.00,248.20,34.04,S,0.00,0.00,1008.60,59.54,1008.60,6.50,25.03,0.00,0.00,180.00,0.00,79DAAFB4
2026-05-25T05:10:12Z,0.00,248.20,33.82,S,0.00,0.00,1009.00,60.43,1009.00,6.32,25.08,0.00,0.00,180.00,0.00,79DAAFB4
2026-05-25T04:52:52Z,0.00,248.20,33.68,S,0.00,0.00,1009.30,61.95,1009.30,6.03,25.36,0.00,0.00,180.00,0.00,79DAAFB4
2026-05-25T04:35:33Z,0.00,248.20,33.46,S,0.00,0.00,1009.60,61.31,1009.60,6.13,24.98,0.00,0.00,180.00,0.00,79DAAFB4
2026-05-25T04:18:25Z,0.00,248.20,33.23,S,0.00,0.00,1009.80,64.01,1009.80,5.64,25.49,0.00,0.00,180.00,0.00,79DAAFB4
2026-05-25T04:01:06Z,0.00,248.20,32.97,S,0.00,0.00,1010.00,63.71,1010.00,5.66,25.17,0.00,0.00,180.00,0.00,79DAAFB4
2026-05-25T03:43:57Z,0.00,248.20,32.59,S,0.00,0.00,1010.20,66.80,1010.20,5.11,25.60,0.00,0.00,180.00,0.00,79DAAFB4
2026-05-25T03:26:48Z,0.00,248.20,32.07,S,0.00,0.00,1010.40,67.15,1010.40,5.01,25.20,0.00,0.00,180.00,0.00,79DAAFB4
2026-05-25T03:09:40Z,0.00,248.20,31.78,S,0.00,0.00,1010.60,70.58,1010.60,4.43,25.76,0.00,0.00,180.00,0.00,79DAAFB4
2026-05-25T02:52:32Z,0.00,248.20,31.23,S,0.00,0.00,1010.70,72.20,1010.70,4.14,25.62,0.00,0.00,180.00,0.00,79DAAFB4
2026-05-25T02:35:24Z,0.00,248.20,31.16,S,0.00,0.00,1011.00,77.14,1011.00,3.36,26.67,0.00,0.00,180.00,0.00,79DAAFB4
2026-05-25T02:18:15Z,0.00,248.20,30.81,S,0.00,0.00,1011.30,78.09,1011.30,3.20,26.54,0.00,0.00,180.00,0.00,79DAAFB4
2026-05-25T02:01:07Z,0.00,248.20,30.62,S,0.00,0.00,1011.10,79.39,1011.10,2.99,26.64,0.00,0.00,180.00,0.00,79DAAFB4
2026-05-25T01:43:58Z,0.00,248.20,30.39,S,0.00,0.00,1011.20,80.91,1011.20,2.75,26.74,0.00,0.00,180.00,0.00,79DAAFB4
2026-05-25T01:26:39Z,0.00,248.20,30.10,S,0.00,0.00,1011.30,82.11,1011.30,2.56,26.70,0.00,0.00,180.00,0.00,79DAAFB4
2026-05-25T01:09:31Z,0.00,248.20,29.96,S,0.00,0.00,1011.20,83.25,1011.20,2.38,26.80,0.00,0.00,180.00,0.00,79DAAFB4
2026-05-25T00:52:11Z,0.00,248.20,29.71,S,0.00,0.00,1011.10,83.71,1011.10,2.30,26.65,0.00,0.00,180.00,0.00,79DAAFB4
2026-05-25T00:35:02Z,0.00,248.20,29.63,S,0.00,0.00,1011.20,84.73,1011.20,2.15,26.78,0.00,0.00,180.00,0.00,79DAAFB4
2026-05-25T00:17:54Z,0.00,248.20,29.47,S,0.00,0.00,1010.90,84.90,1010.90,2.12,26.66,0.00,0.00,180.00,0.00,79DAAFB4
2026-05-25T00:00:46Z,0.00,248.20,29.25,S,0.00,0.00,1010.80,85.40,1010.80,2.04,26.54,0.00,0.00,180.00,0.00,79DAAFB4
2026-05-24T23:43:38Z,0.00,248.20,29.11,S,0.00,0.00,1010.80,85.50,1010.80,2.02,26.42,0.00,0.00,180.00,0.00,79DAAFB4
2026-05-24T23:26:30Z,0.00,248.20,29.07,S,0.00,0.00,1010.80,85.28,1010.80,2.05,26.34,0.00,0.00,180.00,0.00,79DAAFB4
2026-05-24T23:09:22Z,0.00,248.20,29.03,S,0.00,0.00,1010.60,84.84,1010.60,2.12,26.21,0.00,0.00,180.00,0.00,79DAAFB4
2026-05-24T22:52:14Z,0.00,248.20,28.99,S,0.00,0.00,1010.40,84.67,1010.40,2.14,26.14,0.00,0.00,180.00,0.00,79DAAFB4
2026-05-24T22:34:55Z,0.00,248.20,28.97,S,0.00,0.00,1010.30,84.49,1010.30,2.17,26.09,0.00,0.00,180.00,0.00,79DAAFB4
2026-05-24T22:17:46Z,0.00,248.20,29.13,S,0.00,0.00,1010.20,84.01,1010.20,2.24,26.15,0.00,0.00,180.00,0.00,79DAAFB4
2026-05-24T22:00:38Z,0.00,248.20,29.14,S,0.00,0.00,1010.00,83.67,1010.00,2.29,26.09,0.00,0.00,180.00,0.00,79DAAFB4
2026-05-24T21:43:30Z,0.00,248.20,29.23,S,0.00,0.00,1010.10,83.02,1010.10,2.39,26.04,0.00,0.00,180.00,0.00,79DAAFB4
2026-05-24T21:26:11Z,0.00,248.20,29.30,S,0.00,0.00,1009.90,82.48,1009.90,2.47,26.00,0.00,0.00,180.00,0.00,79DAAFB4
2026-05-24T21:09:02Z,0.00,248.20,29.31,S,0.00,0.00,1010.10,82.20,1010.10,2.52,25.95,0.00,0.00,180.00,0.00,79DAAFB4
2026-05-24T20:51:53Z,0.00,248.20,29.32,S,0.00,0.00,1010.00,81.52,1010.00,2.62,25.82,0.00,0.00,180.00,0.00,79DAAFB4
2026-05-24T20:34:45Z,0.00,248.20,29.29,S,0.00,0.00,1009.70,81.09,1009.70,2.68,25.70,0.00,0.00,180.00,0.00,79DAAFB4
2026-05-24T20:17:37Z,0.00,248.20,29.23,S,0.00,0.00,1009.50,81.12,1009.50,2.67,25.65,0.00,0.00,180.00,0.00,79DAAFB4
2026-05-24T20:00:27Z,0.00,248.20,29.19,S,0.00,0.00,1009.50,80.70,1009.50,2.73,25.53,0.00,0.00,180.00,0.00,79DAAFB4
2026-05-24T19:43:19Z,0.00,248.20,29.13,S,0.00,0.00,1009.50,80.57,1009.50,2.75,25.44,0.00,0.00,180.00,0.00,79DAAFB4
2026-05-24T19:26:00Z,0.00,248.20,29.01,S,0.00,0.00,1009.50,80.29,1009.50,2.79,25.26,0.00,0.00,180.00,0.00,79DAAFB4
2026-05-24T19:08:41Z,0.00,248.20,29.03,S,0.00,0.00,1009.50,79.80,1009.50,2.86,25.18,0.00,0.00,180.00,0.00,79DAAFB4
2026-05-24T18:51:32Z,0.00,248.20,29.27,S,0.00,0.00,1009.50,78.81,1009.50,3.02,25.20,0.00,0.00,180.00,0.00,79DAAFB4
2026-05-24T18:34:24Z,0.00,248.20,29.39,S,0.00,0.00,1009.80,77.54,1009.80,3.21,25.05,0.00,0.00,180.00,0.00,79DAAFB4
2026-05-24T18:17:16Z,0.00,248.20,29.49,S,0.00,0.00,1010.00,77.66,1010.00,3.20,25.17,0.00,0.00,180.00,0.00,79DAAFB4
2026-05-24T17:59:57Z,0.00,248.20,29.52,S,0.00,0.00,1010.20,77.20,1010.20,3.27,25.10,0.00,0.00,180.00,0.00,79DAAFB4
2026-05-24T17:42:48Z,0.00,248.20,29.48,S,0.00,0.00,1010.40,76.85,1010.40,3.32,24.98,0.00,0.00,180.00,0.00,79DAAFB4
2026-05-24T17:25:39Z,0.00,248.20,29.52,S,0.00,0.00,1010.60,76.36,1010.60,3.40,24.92,0.00,0.00,180.00,0.00,79DAAFB4
2026-05-24T17:08:20Z,0.00,248.20,29.57,S,0.00,0.00,1010.80,76.05,1010.80,3.45,24.90,0.00,0.00,180.00,0.00,79DAAFB4
2026-05-24T16:51:12Z,0.00,248.20,29.50,S,0.00,0.00,1011.00,75.87,1011.00,3.47,24.79,0.00,0.00,180.00,0.00,79DAAFB4
2026-05-24T16:34:04Z,0.00,248.20,29.58,S,0.00,0.00,1011.10,75.22,1011.10,3.57,24.72,0.00,0.00,180.00,0.00,79DAAFB4
2026-05-24T16:16:44Z,0.00,248.20,29.56,S,0.00,0.00,1010.90,73.60,1010.90,3.82,24.34,0.00,0.00,180.00,0.00,79DAAFB4
2026-05-24T15:59:24Z,0.00,248.20,29.63,S,0.00,0.00,1011.00,72.99,1011.00,3.92,24.27,0.00,0.00,180.00,0.00,79DAAFB4
2026-05-24T15:42:05Z,0.00,248.20,29.57,S,0.00,0.00,1011.10,72.36,1011.10,4.01,24.06,0.00,0.00,180.00,0.00,79DAAFB4
2026-05-24T15:21:36Z,0.00,248.20,29.43,S,0.00,0.00,1010.90,71.84,1010.90,4.08,23.81,0.00,0.00,180.00,0.00,79DAAFB4
2026-05-24T15:04:27Z,0.00,248.20,29.46,S,0.00,0.00,1010.90,71.39,1010.90,4.15,23.73,0.00,0.00,180.00,0.00,79DAAFB4
2026-05-24T14:47:18Z,0.00,248.20,29.32,S,0.00,0.00,1010.80,72.83,1010.80,3.92,23.93,0.00,0.00,180.00,0.00,79DAAFB4
2026-05-24T14:30:10Z,0.00,248.20,29.36,S,0.00,0.00,1010.60,73.21,1010.60,3.87,24.06,0.00,0.00,180.00,0.00,79DAAFB4
2026-05-24T14:13:01Z,0.00,248.20,29.58,S,0.00,0.00,1010.40,74.15,1010.40,3.74,24.48,0.00,0.00,180.00,0.00,79DAAFB4
2026-05-24T13:55:53Z,0.00,248.20,29.66,S,0.00,0.00,1010.50,72.75,1010.50,3.96,24.24,0.00,0.00,180.00,0.00,79DAAFB4
2026-05-24T13:38:45Z,0.00,248.20,29.67,S,0.00,0.00,1010.40,73.30,1010.40,3.87,24.38,0.00,0.00,180.00,0.00,79DAAFB4
2026-05-24T13:21:37Z,0.00,248.20,29.75,S,0.00,0.00,1010.20,72.71,1010.20,3.97,24.32,0.00,0.00,180.00,0.00,79DAAFB4
2026-05-24T13:04:18Z,0.00,248.20,29.81,S,0.00,0.00,1010.40,72.97,1010.40,3.93,24.43,0.00,0.00,180.00,0.00,79DAAFB4
2026-05-24T12:47:09Z,0.00,248.20,29.64,S,0.00,0.00,1010.50,73.92,1010.50,3.78,24.49,0.00,0.00,180.00,0.00,79DAAFB4
2026-05-24T12:30:01Z,0.00,248.20,29.62,S,0.00,0.00,1010.40,71.60,1010.40,4.13,23.94,0.00,0.00,180.00,0.00,79DAAFB4
2026-05-24T12:12:42Z,0.00,248.20,29.79,S,0.00,0.00,1010.40,71.67,1010.40,4.13,24.11,0.00,0.00,180.00,0.00,79DAAFB4
2026-05-24T11:55:33Z,0.00,248.20,30.54,S,0.00,0.00,1009.70,66.41,1009.70,5.01,23.56,0.00,0.00,180.00,0.00,79DAAFB4
2026-05-24T11:38:25Z,0.00,248.20,31.62,S,0.00,0.00,1009.30,67.82,1009.30,4.87,24.94,0.00,0.00,180.00,0.00,79DAAFB4
2026-05-24T11:21:17Z,0.00,248.20,32.58,S,0.00,0.00,1008.90,73.34,1008.90,4.04,27.18,0.00,0.00,180.00,0.00,79DAAFB4
2026-05-24T11:03:58Z,0.00,248.20,32.79,S,0.00,0.00,1008.50,71.10,1008.50,4.41,26.85,0.00,0.00,180.00,0.00,79DAAFB4
2026-05-24T10:46:49Z,0.00,248.20,33.15,S,0.00,0.00,1008.40,68.76,1008.40,4.83,26.63,0.00,0.00,180.00,0.00,79DAAFB4
2026-05-24T10:29:40Z,0.00,248.20,33.47,S,0.00,0.00,1008.00,67.41,1008.00,5.08,26.59,0.00,0.00,180.00,0.00,79DAAFB4
2026-05-24T10:12:21Z,0.00,248.20,33.67,S,0.00,0.00,1007.20,65.85,1007.20,5.36,26.39,0.00,0.00,180.00,0.00,79DAAFB4
2026-05-24T09:55:13Z,0.00,248.20,33.75,S,0.00,0.00,1007.00,65.95,1007.00,5.35,26.49,0.00,0.00,180.00,0.00,79DAAFB4
2026-05-24T09:38:05Z,0.00,248.20,33.96,S,0.00,0.00,1006.90,65.53,1006.90,5.44,26.58,0.00,0.00,180.00,0.00,79DAAFB4
2026-05-24T09:20:46Z,0.00,248.20,33.64,S,0.00,0.00,1007.20,64.67,1007.20,5.56,26.05,0.00,0.00,180.00,0.00,79DAAFB4
2026-05-24T09:03:27Z,0.00,248.20,33.76,S,0.00,0.00,1007.10,63.23,1007.10,5.82,25.78,0.00,0.00,180.00,0.00,79DAAFB4
2026-05-24T08:46:18Z,0.00,248.20,34.09,S,0.00,0.00,1007.00,62.72,1007.00,5.94,25.96,0.00,0.00,180.00,0.00,79DAAFB4
2026-05-24T08:29:10Z,0.00,248.20,34.30,S,0.00,0.00,1007.40,60.52,1007.40,6.35,25.55,0.00,0.00,180.00,0.00,79DAAFB4
2026-05-24T08:12:02Z,0.00,248.20,34.84,S,0.00,0.00,1007.20,60.34,1007.20,6.43,26.01,0.00,0.00,180.00,0.00,79DAAFB4
2026-05-24T07:54:43Z,0.00,248.20,35.32,S,0.00,0.00,1007.60,59.22,1007.60,6.69,26.14,0.00,0.00,180.00,0.00,79DAAFB4
2026-05-24T07:37:34Z,0.00,248.20,35.42,S,0.00,0.00,1007.70,57.62,1007.70,7.00,25.77,0.00,0.00,180.00,0.00,79DAAFB4
2026-05-24T07:20:25Z,0.00,248.20,35.61,S,0.00,0.00,1008.10,57.28,1008.10,7.08,25.85,0.00,0.00,180.00,0.00,79DAAFB4
2026-05-24T07:03:06Z,0.00,248.20,35.89,S,0.00,0.00,1008.20,56.37,1008.20,7.28,25.83,0.00,0.00,180.00,0.00,79DAAFB4
2026-05-24T06:45:58Z,0.00,248.20,36.00,S,0.00,0.00,1008.50,57.51,1008.50,7.08,26.28,0.00,0.00,180.00,0.00,79DAAFB4
2026-05-24T06:28:50Z,0.00,248.20,35.79,S,0.00,0.00,1008.90,56.80,1008.90,7.19,25.87,0.00,0.00,180.00,0.00,79DAAFB4
2026-05-24T06:11:31Z,0.00,248.20,35.68,S,0.00,0.00,1009.00,56.79,1009.00,7.18,25.77,0.00,0.00,180.00,0.00,79DAAFB4
2026-05-24T05:54:12Z,0.00,248.20,35.25,S,0.00,0.00,1009.30,57.37,1009.30,7.02,25.54,0.00,0.00,180.00,0.00,79DAAFB4
2026-05-24T05:37:03Z,0.00,248.20,34.97,S,0.00,0.00,1009.60,58.63,1009.60,6.76,25.64,0.00,0.00,180.00,0.00,79DAAFB4
2026-05-24T05:19:55Z,0.00,248.20,34.47,S,0.00,0.00,1009.90,60.10,1009.90,6.44,25.59,0.00,0.00,180.00,0.00,79DAAFB4
2026-05-24T05:02:47Z,0.00,248.20,34.10,S,0.00,0.00,1010.20,61.52,1010.20,6.15,25.64,0.00,0.00,180.00,0.00,79DAAFB4
2026-05-24T04:45:38Z,0.00,248.20,33.73,S,0.00,0.00,1010.50,63.47,1010.50,5.77,25.82,0.00,0.00,180.00,0.00,79DAAFB4
2026-05-24T04:28:29Z,0.00,248.20,33.31,S,0.00,0.00,1010.70,66.99,1010.70,5.14,26.34,0.00,0.00,180.00,0.00,79DAAFB4
2026-05-24T04:10:01Z,0.00,248.20,32.76,S,0.00,0.00,1011.00,69.23,1011.00,4.72,26.37,0.00,0.00,180.00,0.00,79DAAFB4
2026-05-24T03:52:49Z,0.00,248.20,32.48,S,0.00,0.00,1011.20,70.97,1011.20,4.42,26.52,0.00,0.00,180.00,0.00,79DAAFB4
2026-05-24T03:35:30Z,0.00,248.20,32.34,S,0.00,0.00,1011.40,71.36,1011.40,4.34,26.48,0.00,0.00,180.00,0.00,79DAAFB4
2026-05-24T03:18:22Z,0.00,248.20,32.08,S,0.00,0.00,1011.40,71.39,1011.40,4.32,26.24,0.00,0.00,180.00,0.00,79DAAFB4
2026-05-24T03:01:14Z,0.00,248.20,31.88,S,0.00,0.00,1011.50,72.59,1011.50,4.12,26.33,0.00,0.00,180.00,0.00,79DAAFB4
2026-05-24T02:44:05Z,0.00,248.20,31.63,S,0.00,0.00,1011.60,74.95,1011.60,3.73,26.64,0.00,0.00,180.00,0.00,79DAAFB4
2026-05-24T02:26:56Z,0.00,248.20,31.37,S,0.00,0.00,1011.80,77.10,1011.80,3.38,26.87,0.00,0.00,180.00,0.00,79DAAFB4
2026-05-24T02:09:36Z,0.00,248.20,30.99,S,0.00,0.00,1012.00,79.41,1012.00,3.00,27.00,0.00,0.00,180.00,0.00,79DAAFB4
2026-05-24T01:52:27Z,0.00,248.20,30.58,S,0.00,0.00,1012.20,80.60,1012.20,2.80,26.86,0.00,0.00,180.00,0.00,79DAAFB4
2026-05-24T01:35:19Z,0.00,248.20,30.36,S,0.00,0.00,1012.40,81.85,1012.40,2.60,26.90,0.00,0.00,180.00,0.00,79DAAFB4
2026-05-24T01:17:59Z,0.00,248.20,30.17,S,0.00,0.00,1012.30,82.70,1012.30,2.47,26.89,0.00,0.00,180.00,0.00,79DAAFB4
2026-05-24T01:00:50Z,0.00,248.20,30.13,S,0.00,0.00,1012.30,83.43,1012.30,2.36,27.01,0.00,0.00,180.00,0.00,79DAAFB4
2026-05-24T00:43:42Z,0.00,248.20,29.86,S,0.00,0.00,1012.40,84.19,1012.40,2.24,26.90,0.00,0.00,180.00,0.00,79DAAFB4
2026-05-24T00:26:34Z,0.00,248.20,29.67,S,0.00,0.00,1012.20,84.87,1012.20,2.13,26.85,0.00,0.00,180.00,0.00,79DAAFB4
2026-05-24T00:09:26Z,0.00,248.20,29.57,S,0.00,0.00,1012.10,85.87,1012.10,1.98,26.95,0.00,0.00,180.00,0.00,79DAAFB4
2026-05-23T23:52:18Z,0.00,248.20,29.42,S,0.00,0.00,1012.00,86.00,1012.00,1.96,26.83,0.00,0.00,180.00,0.00,79DAAFB4
2026-05-23T23:35:10Z,0.00,248.20,29.23,S,0.00,0.00,1011.80,86.54,1011.80,1.87,26.75,0.00,0.00,180.00,0.00,79DAAFB4
2026-05-23T23:17:51Z,0.00,248.20,29.08,S,0.00,0.00,1011.90,86.46,1011.90,1.88,26.58,0.00,0.00,180.00,0.00,79DAAFB4
2026-05-23T23:00:32Z,0.00,248.20,29.01,S,0.00,0.00,1011.70,86.50,1011.70,1.87,26.52,0.00,0.00,180.00,0.00,79DAAFB4
2026-05-23T22:43:24Z,0.00,248.20,29.05,S,0.00,0.00,1011.50,86.12,1011.50,1.93,26.49,0.00,0.00,180.00,0.00,79DAAFB4
2026-05-23T22:26:04Z,0.00,248.20,29.05,S,0.00,0.00,1011.30,86.06,1011.30,1.94,26.48,0.00,0.00,180.00,0.00,79DAAFB4
2026-05-23T22:08:55Z,0.00,248.20,29.05,S,0.00,0.00,1010.90,85.78,1010.90,1.98,26.42,0.00,0.00,180.00,0.00,79DAAFB4
2026-05-23T21:51:47Z,0.00,248.20,29.05,S,0.00,0.00,1010.60,85.27,1010.60,2.06,26.32,0.00,0.00,180.00,0.00,79DAAFB4
2026-05-23T21:34:39Z,0.00,248.20,29.09,S,0.00,0.00,1010.70,84.94,1010.70,2.11,26.29,0.00,0.00,180.00,0.00,79DAAFB4
2026-05-23T21:17:30Z,0.00,248.20,29.14,S,0.00,0.00,1010.40,84.70,1010.40,2.14,26.29,0.00,0.00,180.00,0.00,79DAAFB4
2026-05-23T21:00:10Z,0.00,248.20,29.10,S,0.00,0.00,1010.30,84.47,1010.30,2.17,26.21,0.00,0.00,180.00,0.00,79DAAFB4
2026-05-23T20:43:02Z,0.00,248.20,29.07,S,0.00,0.00,1010.30,84.01,1010.30,2.24,26.09,0.00,0.00,180.00,0.00,79DAAFB4
2026-05-23T20:25:43Z,0.00,248.20,29.09,S,0.00,0.00,1010.10,83.63,1010.10,2.30,26.03,0.00,0.00,180.00,0.00,79DAAFB4
2026-05-23T20:08:35Z,0.00,248.20,29.13,S,0.00,0.00,1010.20,83.61,1010.20,2.30,26.07,0.00,0.00,180.00,0.00,79DAAFB4
2026-05-23T19:51:15Z,0.00,248.20,29.16,S,0.00,0.00,1010.20,84.08,1010.20,2.23,26.19,0.00,0.00,180.00,0.00,79DAAFB4
2026-05-23T19:34:06Z,0.00,248.20,29.19,S,0.00,0.00,1010.00,84.21,1010.00,2.22,26.24,0.00,0.00,180.00,0.00,79DAAFB4
2026-05-23T19:16:57Z,0.00,248.20,29.23,S,0.00,0.00,1010.00,84.37,1010.00,2.19,26.32,0.00,0.00,180.00,0.00,79DAAFB4
2026-05-23T18:59:49Z,0.00,248.20,29.28,S,0.00,0.00,1010.10,84.14,1010.10,2.23,26.32,0.00,0.00,180.00,0.00,79DAAFB4
2026-05-23T18:42:41Z,0.00,248.20,29.36,S,0.00,0.00,1010.10,83.64,1010.10,2.30,26.30,0.00,0.00,180.00,0.00,79DAAFB4
2026-05-23T18:25:22Z,0.00,248.20,29.39,S,0.00,0.00,1010.30,83.45,1010.30,2.33,26.29,0.00,0.00,180.00,0.00,79DAAFB4
2026-05-23T18:08:13Z,0.00,248.20,29.32,S,0.00,0.00,1010.10,83.26,1010.10,2.36,26.18,0.00,0.00,180.00,0.00,79DAAFB4
2026-05-23T17:51:04Z,0.00,248.20,29.35,S,0.00,0.00,1010.20,82.81,1010.20,2.43,26.12,0.00,0.00,180.00,0.00,79DAAFB4
2026-05-23T17:33:45Z,0.00,248.20,29.34,S,0.00,0.00,1010.30,82.62,1010.30,2.45,26.07,0.00,0.00,180.00,0.00,79DAAFB4
2026-05-23T17:16:37Z,0.00,248.20,29.45,S,0.00,0.00,1010.50,82.45,1010.50,2.48,26.14,0.00,0.00,180.00,0.00,79DAAFB4
2026-05-23T16:59:29Z,0.00,248.20,29.51,S,0.00,0.00,1010.60,81.99,1010.60,2.55,26.10,0.00,0.00,180.00,0.00,79DAAFB4
2026-05-23T16:42:10Z,0.00,248.20,29.51,S,0.00,0.00,1010.80,81.54,1010.80,2.62,26.01,0.00,0.00,180.00,0.00,79DAAFB4
2026-05-23T16:24:51Z,0.00,248.20,29.55,S,0.00,0.00,1010.70,80.89,1010.70,2.72,25.92,0.00,0.00,180.00,0.00,79DAAFB4
2026-05-23T16:07:43Z,0.00,248.20,29.54,S,0.00,0.00,1010.90,81.12,1010.90,2.68,25.95,0.00,0.00,180.00,0.00,79DAAFB4
2026-05-23T15:50:23Z,0.00,248.20,29.66,S,0.00,0.00,1010.90,80.68,1010.90,2.75,25.98,0.00,0.00,180.00,0.00,79DAAFB4
2026-05-23T15:33:14Z,0.00,248.20,29.63,S,0.00,0.00,1010.80,80.31,1010.80,2.81,25.87,0.00,0.00,180.00,0.00,79DAAFB4
2026-05-23T15:16:06Z,0.00,248.20,29.69,S,0.00,0.00,1010.80,80.54,1010.80,2.78,25.98,0.00,0.00,180.00,0.00,79DAAFB4
2026-05-23T14:58:58Z,0.00,248.20,29.71,S,0.00,0.00,1010.60,79.77,1010.60,2.89,25.84,0.00,0.00,180.00,0.00,79DAAFB4
2026-05-23T14:41:50Z,0.00,248.20,29.73,S,0.00,0.00,1010.50,79.84,1010.50,2.88,25.87,0.00,0.00,180.00,0.00,79DAAFB4
2026-05-23T14:24:42Z,0.00,248.20,29.84,S,0.00,0.00,1010.30,79.73,1010.30,2.90,25.95,0.00,0.00,180.00,0.00,79DAAFB4
2026-05-23T14:07:34Z,0.00,248.20,29.75,S,0.00,0.00,1010.30,78.73,1010.30,3.05,25.65,0.00,0.00,180.00,0.00,79DAAFB4
2026-05-23T13:50:15Z,0.00,248.20,29.77,S,0.00,0.00,1010.10,78.26,1010.10,3.12,25.57,0.00,0.00,180.00,0.00,79DAAFB4
2026-05-23T13:32:56Z,0.00,248.20,29.79,S,0.00,0.00,1010.10,78.15,1010.10,3.14,25.57,0.00,0.00,180.00,0.00,79DAAFB4
2026-05-23T13:15:48Z,0.00,248.20,29.81,S,0.00,0.00,1009.90,79.34,1009.90,2.96,25.84,0.00,0.00,180.00,0.00,79DAAFB4
2026-05-23T12:58:29Z,0.00,248.20,29.86,S,0.00,0.00,1009.60,79.55,1009.60,2.93,25.93,0.00,0.00,180.00,0.00,79DAAFB4
2026-05-23T12:37:59Z,0.00,248.20,29.99,S,0.00,0.00,1009.20,78.39,1009.20,3.11,25.81,0.00,0.00,180.00,0.00,79DAAFB4
2026-05-23T12:20:50Z,0.00,248.20,29.91,S,0.00,0.00,1009.30,79.53,1009.30,2.94,25.98,0.00,0.00,180.00,0.00,79DAAFB4
2026-05-23T12:03:42Z,0.00,248.20,29.93,S,0.00,0.00,1008.90,83.08,1008.90,2.41,26.74,0.00,0.00,180.00,0.00,79DAAFB4
2026-05-23T11:46:34Z,0.00,248.20,29.83,S,0.00,0.00,1008.80,85.68,1008.80,2.02,27.17,0.00,0.00,180.00,0.00,79DAAFB4
2026-05-23T11:29:26Z,0.00,248.20,29.79,S,0.00,0.00,1008.40,88.56,1008.40,1.59,27.69,0.00,0.00,180.00,0.00,79DAAFB4
2026-05-23T11:12:18Z,0.00,248.20,29.72,S,0.00,0.00,1008.00,89.65,1008.00,1.43,27.83,0.00,0.00,180.00,0.00,79DAAFB4
2026-05-23T10:55:10Z,0.00,248.20,29.65,S,0.00,0.00,1008.30,89.47,1008.30,1.45,27.73,0.00,0.00,180.00,0.00,79DAAFB4
2026-05-23T10:37:51Z,0.00,248.20,29.67,S,0.00,0.00,1008.30,86.30,1008.30,1.92,27.13,0.00,0.00,180.00,0.00,79DAAFB4
2026-05-23T10:20:32Z,0.00,248.20,29.76,S,0.00,0.00,1008.00,83.35,1008.00,2.36,26.63,0.00,0.00,180.00,0.00,79DAAFB4
2026-05-23T10:03:24Z,0.00,248.20,29.52,S,0.00,0.00,1007.70,87.96,1007.70,1.67,27.31,0.00,0.00,180.00,0.00,79DAAFB4
2026-05-23T09:46:04Z,0.00,248.20,29.51,S,0.00,0.00,1007.80,86.03,1007.80,1.96,26.92,0.00,0.00,180.00,0.00,79DAAFB4
2026-05-23T09:28:55Z,0.00,248.20,31.63,S,0.00,0.00,1008.10,84.58,1008.10,2.23,28.71,0.00,0.00,180.00,0.00,79DAAFB4
2026-05-23T09:11:47Z,0.00,248.20,33.59,S,0.00,0.00,1007.30,73.89,1007.30,4.01,28.28,0.00,0.00,180.00,0.00,79DAAFB4
2026-05-23T08:54:39Z,0.00,248.20,34.85,S,0.00,0.00,1006.80,62.89,1006.80,5.98,26.72,0.00,0.00,180.00,0.00,79DAAFB4
2026-05-23T08:37:31Z,0.00,248.20,35.95,S,0.00,0.00,1007.10,61.68,1007.10,6.30,27.42,0.00,0.00,180.00,0.00,79DAAFB4
2026-05-23T08:20:23Z,0.00,248.20,37.83,S,0.00,0.00,1007.20,46.11,1007.20,9.63,24.24,0.00,0.00,180.00,0.00,79DAAFB4
2026-05-23T08:03:15Z,0.00,248.20,37.63,S,0.00,0.00,1007.20,47.08,1007.20,9.39,24.40,0.00,0.00,180.00,0.00,79DAAFB4
2026-05-23T07:45:56Z,0.00,248.20,35.64,S,0.00,0.00,1007.50,52.74,1007.50,7.95,24.49,0.00,0.00,180.00,0.00,79DAAFB4
2026-05-23T07:28:37Z,0.00,248.20,37.00,S,0.00,0.00,1007.60,51.15,1007.60,8.45,25.22,0.00,0.00,180.00,0.00,79DAAFB4
2026-05-23T07:11:29Z,0.00,248.20,37.01,S,0.00,0.00,1007.90,51.23,1007.90,8.43,25.26,0.00,0.00,180.00,0.00,79DAAFB4
2026-05-23T06:54:09Z,0.00,248.20,36.39,S,0.00,0.00,1008.20,50.88,1008.20,8.42,24.57,0.00,0.00,180.00,0.00,79DAAFB4
2026-05-23T06:37:00Z,0.00,248.20,36.20,S,0.00,0.00,1008.40,53.57,1008.40,7.86,25.26,0.00,0.00,180.00,0.00,79DAAFB4
2026-05-23T06:19:52Z,0.00,248.20,36.04,S,0.00,0.00,1008.70,51.79,1008.70,8.19,24.55,0.00,0.00,180.00,0.00,79DAAFB4
2026-05-23T06:02:44Z,0.00,248.20,35.61,S,0.00,0.00,1008.90,54.07,1008.90,7.69,24.87,0.00,0.00,180.00,0.00,79DAAFB4
2026-05-23T05:45:36Z,0.00,248.20,35.13,S,0.00,0.00,1009.10,56.16,1009.10,7.24,25.07,0.00,0.00,180.00,0.00,79DAAFB4
2026-05-23T05:28:28Z,0.00,248.20,34.82,S,0.00,0.00,1009.40,56.63,1009.40,7.11,24.92,0.00,0.00,180.00,0.00,79DAAFB4
2026-05-23T05:11:20Z,0.00,248.20,34.52,S,0.00,0.00,1009.70,57.87,1009.70,6.85,25.00,0.00,0.00,180.00,0.00,79DAAFB4
2026-05-23T04:54:01Z,0.00,248.20,34.23,S,0.00,0.00,1010.00,59.21,1010.00,6.58,25.12,0.00,0.00,180.00,0.00,79DAAFB4
2026-05-23T04:36:42Z,0.00,248.20,33.88,S,0.00,0.00,1010.30,58.42,1010.30,6.68,24.57,0.00,0.00,180.00,0.00,79DAAFB4
2026-05-23T04:19:34Z,0.00,248.20,33.74,S,0.00,0.00,1010.60,62.13,1010.60,6.01,25.47,0.00,0.00,180.00,0.00,79DAAFB4
2026-05-23T04:02:14Z,0.00,248.20,33.38,S,0.00,0.00,1010.80,62.10,1010.80,5.98,25.12,0.00,0.00,180.00,0.00,79DAAFB4
2026-05-23T03:45:05Z,0.00,248.20,32.98,S,0.00,0.00,1011.10,63.40,1011.10,5.72,25.09,0.00,0.00,180.00,0.00,79DAAFB4
2026-05-23T03:27:57Z,0.00,248.20,32.46,S,0.00,0.00,1011.30,65.36,1011.30,5.34,25.11,0.00,0.00,180.00,0.00,79DAAFB4
2026-05-23T03:10:49Z,0.00,248.20,32.03,S,0.00,0.00,1011.40,65.60,1011.40,5.27,24.77,0.00,0.00,180.00,0.00,79DAAFB4
2026-05-23T02:53:41Z,0.00,248.20,31.69,S,0.00,0.00,1011.70,70.21,1011.70,4.49,25.59,0.00,0.00,180.00,0.00,79DAAFB4
2026-05-23T02:36:33Z,0.00,248.20,31.44,S,0.00,0.00,1012.00,70.40,1012.00,4.44,25.39,0.00,0.00,180.00,0.00,79DAAFB4
2026-05-23T02:19:25Z,0.00,248.20,31.13,S,0.00,0.00,1011.90,73.38,1011.90,3.95,25.80,0.00,0.00,180.00,0.00,79DAAFB4
2026-05-23T02:02:06Z,0.00,248.20,30.81,S,0.00,0.00,1012.00,75.37,1012.00,3.62,25.94,0.00,0.00,180.00,0.00,79DAAFB4
2026-05-23T01:44:47Z,0.00,248.20,30.52,S,0.00,0.00,1012.10,76.62,1012.10,3.41,25.94,0.00,0.00,180.00,0.00,79DAAFB4
2026-05-23T01:27:39Z,0.00,248.20,30.32,S,0.00,0.00,1012.20,78.03,1012.20,3.18,26.05,0.00,0.00,180.00,0.00,79DAAFB4
2026-05-23T01:10:19Z,0.00,248.20,30.05,S,0.00,0.00,1012.00,78.70,1012.00,3.07,25.94,0.00,0.00,180.00,0.00,79DAAFB4
2026-05-23T00:53:10Z,0.00,248.20,29.83,S,0.00,0.00,1012.10,79.94,1012.10,2.87,25.99,0.00,0.00,180.00,0.00,79DAAFB4
2026-05-23T00:36:02Z,0.00,248.20,29.68,S,0.00,0.00,1012.30,81.80,1012.30,2.59,26.23,0.00,0.00,180.00,0.00,79DAAFB4
2026-05-23T00:18:54Z,0.00,248.20,29.48,S,0.00,0.00,1012.00,82.41,1012.00,2.49,26.16,0.00,0.00,180.00,0.00,79DAAFB4
2026-05-23T00:01:46Z,0.00,248.20,29.32,S,0.00,0.00,1011.90,83.70,1011.90,2.29,26.27,0.00,0.00,180.00,0.00,79DAAFB4
2026-05-22T23:44:38Z,0.00,248.20,29.24,S,0.00,0.00,1011.70,84.96,1011.70,2.11,26.44,0.00,0.00,180.00,0.00,79DAAFB4
2026-05-22T23:27:30Z,0.00,248.20,29.19,S,0.00,0.00,1011.50,84.98,1011.50,2.10,26.40,0.00,0.00,180.00,0.00,79DAAFB4
2026-05-22T23:10:11Z,0.00,248.20,29.09,S,0.00,0.00,1011.40,84.69,1011.40,2.14,26.24,0.00,0.00,180.00,0.00,79DAAFB4
2026-05-22T22:52:52Z,0.00,248.20,29.07,S,0.00,0.00,1011.20,84.41,1011.20,2.18,26.17,0.00,0.00,180.00,0.00,79DAAFB4
2026-05-22T22:35:44Z,0.00,248.20,29.05,S,0.00,0.00,1011.10,84.47,1011.10,2.17,26.16,0.00,0.00,180.00,0.00,79DAAFB4
2026-05-22T22:18:35Z,0.00,248.20,29.13,S,0.00,0.00,1010.90,84.38,1010.90,2.19,26.22,0.00,0.00,180.00,0.00,79DAAFB4
2026-05-22T22:01:27Z,0.00,248.20,29.14,S,0.00,0.00,1010.70,84.66,1010.70,2.15,26.29,0.00,0.00,180.00,0.00,79DAAFB4
2026-05-22T21:44:18Z,0.00,248.20,29.23,S,0.00,0.00,1010.70,84.37,1010.70,2.19,26.32,0.00,0.00,180.00,0.00,79DAAFB4
2026-05-22T21:27:10Z,0.00,248.20,29.25,S,0.00,0.00,1010.70,84.09,1010.70,2.23,26.28,0.00,0.00,180.00,0.00,79DAAFB4
2026-05-22T21:10:02Z,0.00,248.20,29.19,S,0.00,0.00,1010.50,83.84,1010.50,2.27,26.17,0.00,0.00,180.00,0.00,79DAAFB4
2026-05-22T20:52:54Z,0.00,248.20,29.15,S,0.00,0.00,1010.40,84.05,1010.40,2.24,26.17,0.00,0.00,180.00,0.00,79DAAFB4
2026-05-22T20:35:35Z,0.00,248.20,29.10,S,0.00,0.00,1010.30,83.82,1010.30,2.27,26.08,0.00,0.00,180.00,0.00,79DAAFB4
2026-05-22T20:18:26Z,0.00,248.20,29.17,S,0.00,0.00,1010.20,83.66,1010.20,2.30,26.11,0.00,0.00,180.00,0.00,79DAAFB4
2026-05-22T20:01:18Z,0.00,248.20,29.17,S,0.00,0.00,1010.10,83.85,1010.10,2.27,26.15,0.00,0.00,180.00,0.00,79DAAFB4
2026-05-22T19:43:59Z,0.00,248.20,29.28,S,0.00,0.00,1010.20,83.53,1010.20,2.32,26.20,0.00,0.00,180.00,0.00,79DAAFB4
2026-05-22T19:26:50Z,0.00,248.20,29.31,S,0.00,0.00,1010.40,83.38,1010.40,2.34,26.19,0.00,0.00,180.00,0.00,79DAAFB4
2026-05-22T19:09:42Z,0.00,248.20,29.34,S,0.00,0.00,1010.20,83.19,1010.20,2.37,26.18,0.00,0.00,180.00,0.00,79DAAFB4
2026-05-22T18:52:34Z,0.00,248.20,29.42,S,0.00,0.00,1010.30,83.06,1010.30,2.39,26.24,0.00,0.00,180.00,0.00,79DAAFB4
2026-05-22T18:35:15Z,0.00,248.20,29.50,S,0.00,0.00,1010.30,82.81,1010.30,2.43,26.26,0.00,0.00,180.00,0.00,79DAAFB4
2026-05-22T18:18:06Z,0.00,248.20,29.61,S,0.00,0.00,1010.40,82.47,1010.40,2.49,26.30,0.00,0.00,180.00,0.00,79DAAFB4
2026-05-22T18:00:57Z,0.00,248.20,29.70,S,0.00,0.00,1010.50,82.29,1010.50,2.52,26.35,0.00,0.00,180.00,0.00,79DAAFB4
2026-05-22T17:43:49Z,0.00,248.20,29.76,S,0.00,0.00,1010.50,81.32,1010.50,2.66,26.21,0.00,0.00,180.00,0.00,79DAAFB4
2026-05-22T17:26:41Z,0.00,248.20,29.79,S,0.00,0.00,1010.40,81.19,1010.40,2.68,26.21,0.00,0.00,180.00,0.00,79DAAFB4
2026-05-22T17:09:33Z,0.00,248.20,29.84,S,0.00,0.00,1010.50,80.64,1010.50,2.77,26.14,0.00,0.00,180.00,0.00,79DAAFB4
2026-05-22T16:52:25Z,0.00,248.20,29.96,S,0.00,0.00,1010.70,80.11,1010.70,2.85,26.15,0.00,0.00,180.00,0.00,79DAAFB4
2026-05-22T16:35:06Z,0.00,248.20,30.08,S,0.00,0.00,1010.80,79.82,1010.80,2.90,26.20,0.00,0.00,180.00,0.00,79DAAFB4
2026-05-22T16:17:57Z,0.00,248.20,30.15,S,0.00,0.00,1010.90,79.58,1010.90,2.94,26.22,0.00,0.00,180.00,0.00,79DAAFB4
2026-05-22T16:00:49Z,0.00,248.20,30.25,S,0.00,0.00,1010.90,80.17,1010.90,2.85,26.44,0.00,0.00,180.00,0.00,79DAAFB4
2026-05-22T15:43:41Z,0.00,248.20,30.34,S,0.00,0.00,1010.90,80.27,1010.90,2.84,26.55,0.00,0.00,180.00,0.00,79DAAFB4
2026-05-22T15:26:22Z,0.00,248.20,30.39,S,0.00,0.00,1010.80,79.85,1010.80,2.91,26.51,0.00,0.00,180.00,0.00,79DAAFB4
2026-05-22T15:09:13Z,0.00,248.20,30.43,S,0.00,0.00,1010.80,79.57,1010.80,2.95,26.49,0.00,0.00,180.00,0.00,79DAAFB4
2026-05-22T14:52:04Z,0.00,248.20,30.61,S,0.00,0.00,1010.90,79.35,1010.90,2.99,26.62,0.00,0.00,180.00,0.00,79DAAFB4
2026-05-22T14:34:45Z,0.00,248.20,30.58,S,0.00,0.00,1010.80,79.01,1010.80,3.04,26.52,0.00,0.00,180.00,0.00,79DAAFB4
2026-05-22T14:17:37Z,0.00,248.20,30.62,S,0.00,0.00,1010.80,78.64,1010.80,3.10,26.48,0.00,0.00,180.00,0.00,79DAAFB4
2026-05-22T14:00:29Z,0.00,248.20,30.74,S,0.00,0.00,1010.70,77.91,1010.70,3.22,26.43,0.00,0.00,180.00,0.00,79DAAFB4
2026-05-22T13:43:10Z,0.00,248.20,30.82,S,0.00,0.00,1010.40,77.22,1010.40,3.33,26.36,0.00,0.00,180.00,0.00,79DAAFB4
2026-05-22T13:25:51Z,0.00,248.20,30.88,S,0.00,0.00,1010.30,76.99,1010.30,3.37,26.37,0.00,0.00,180.00,0.00,79DAAFB4
2026-05-22T13:08:42Z,0.00,248.20,30.89,S,0.00,0.00,1010.20,76.82,1010.20,3.40,26.34,0.00,0.00,180.00,0.00,79DAAFB4
2026-05-22T12:51:34Z,0.00,248.20,31.04,S,0.00,0.00,1010.10,76.43,1010.10,3.46,26.40,0.00,0.00,180.00,0.00,79DAAFB4
2026-05-22T12:34:26Z,0.00,248.20,31.10,S,0.00,0.00,1009.90,76.50,1009.90,3.46,26.47,0.00,0.00,180.00,0.00,79DAAFB4
2026-05-22T12:17:07Z,0.00,248.20,31.29,S,0.00,0.00,1009.70,75.39,1009.70,3.64,26.41,0.00,0.00,180.00,0.00,79DAAFB4
2026-05-22T11:59:58Z,0.00,248.20,31.44,S,0.00,0.00,1009.50,74.42,1009.50,3.80,26.33,0.00,0.00,180.00,0.00,79DAAFB4
2026-05-22T11:42:49Z,0.00,248.20,31.58,S,0.00,0.00,1009.40,73.45,1009.40,3.96,26.24,0.00,0.00,180.00,0.00,79DAAFB4
2026-05-22T11:25:30Z,0.00,248.20,31.80,S,0.00,0.00,1008.90,72.48,1008.90,4.13,26.23,0.00,0.00,180.00,0.00,79DAAFB4
2026-05-22T11:08:22Z,0.00,248.20,32.13,S,0.00,0.00,1008.70,70.88,1008.70,4.41,26.17,0.00,0.00,180.00,0.00,79DAAFB4
2026-05-22T10:51:14Z,0.00,248.20,33.00,S,0.00,0.00,1008.60,68.02,1008.60,4.94,26.30,0.00,0.00,180.00,0.00,79DAAFB4
2026-05-22T10:34:05Z,0.00,248.20,34.17,S,0.00,0.00,1008.30,63.59,1008.30,5.79,26.27,0.00,0.00,180.00,0.00,79DAAFB4
2026-05-22T10:16:45Z,0.00,248.20,36.89,S,0.00,0.00,1007.80,55.85,1007.80,7.50,26.60,0.00,0.00,180.00,0.00,79DAAFB4
2026-05-22T09:59:37Z,0.00,248.20,38.77,S,0.00,0.00,1007.70,50.56,1007.70,8.81,26.64,0.00,0.00,180.00,0.00,79DAAFB4
2026-05-22T09:39:08Z,0.00,248.20,38.16,S,0.00,0.00,1007.30,50.37,1007.30,8.77,26.02,0.00,0.00,180.00,0.00,79DAAFB4
2026-05-22T09:21:48Z,0.00,248.20,40.08,S,0.00,0.00,1007.20,46.88,1007.20,9.81,26.55,0.00,0.00,180.00,0.00,79DAAFB4
2026-05-22T09:04:39Z,0.00,248.20,41.18,S,0.00,0.00,1007.30,44.84,1007.30,10.46,26.79,0.00,0.00,180.00,0.00,79DAAFB4
2026-05-22T08:47:31Z,0.00,248.20,41.10,S,0.00,0.00,1007.40,44.25,1007.40,10.59,26.49,0.00,0.00,180.00,0.00,79DAAFB4
2026-05-22T08:30:12Z,0.00,248.20,40.63,S,0.00,0.00,1007.30,44.63,1007.30,10.42,26.21,0.00,0.00,180.00,0.00,79DAAFB4
2026-05-22T08:13:04Z,0.00,248.20,40.38,S,0.00,0.00,1007.40,44.46,1007.40,10.42,25.92,0.00,0.00,180.00,0.00,79DAAFB4
2026-05-22T07:55:56Z,0.00,248.20,39.72,S,0.00,0.00,1007.50,45.70,1007.50,10.02,25.79,0.00,0.00,180.00,0.00,79DAAFB4
2026-05-22T07:38:48Z,0.00,248.20,38.14,S,0.00,0.00,1007.60,49.24,1007.60,9.01,25.62,0.00,0.00,180.00,0.00,79DAAFB4
2026-05-22T07:21:39Z,0.00,248.20,36.75,S,0.00,0.00,1008.00,52.66,1008.00,8.11,25.48,0.00,0.00,180.00,0.00,79DAAFB4
2026-05-22T07:04:20Z,0.00,248.20,35.54,S,0.00,0.00,1008.10,56.03,1008.10,7.31,25.41,0.00,0.00,180.00,0.00,79DAAFB4
2026-05-22T06:47:01Z,0.00,248.20,35.12,S,0.00,0.00,1008.20,58.82,1008.20,6.74,25.84,0.00,0.00,180.00,0.00,79DAAFB4
2026-05-22T06:29:53Z,0.00,248.20,34.87,S,0.00,0.00,1008.20,58.46,1008.20,6.78,25.50,0.00,0.00,180.00,0.00,79DAAFB4
2026-05-22T06:12:33Z,0.00,248.20,34.42,S,0.00,0.00,1008.50,59.96,1008.50,6.46,25.51,0.00,0.00,180.00,0.00,79DAAFB4
2026-05-22T05:55:24Z,0.00,248.20,34.25,S,0.00,0.00,1008.60,61.11,1008.60,6.24,25.67,0.00,0.00,180.00,0.00,79DAAFB4
2026-05-22T05:38:16Z,0.00,248.20,33.78,S,0.00,0.00,1008.80,61.96,1008.80,6.04,25.46,0.00,0.00,180.00,0.00,79DAAFB4
2026-05-22T05:21:08Z,0.00,248.20,33.55,S,0.00,0.00,1009.10,60.28,1009.10,6.32,24.78,0.00,0.00,180.00,0.00,79DAAFB4
2026-05-22T05:04:00Z,0.00,248.20,33.29,S,0.00,0.00,1009.40,62.51,1009.40,5.90,25.15,0.00,0.00,180.00,0.00,79DAAFB4
2026-05-22T04:46:52Z,0.00,248.20,33.48,S,0.00,0.00,1009.70,61.11,1009.70,6.16,24.95,0.00,0.00,180.00,0.00,79DAAFB4
2026-05-22T04:29:44Z,0.00,248.20,33.16,S,0.00,0.00,1009.90,62.12,1009.90,5.96,24.92,0.00,0.00,180.00,0.00,79DAAFB4
2026-05-22T04:12:25Z,0.00,248.20,32.76,S,0.00,0.00,1010.10,64.33,1010.10,5.54,25.13,0.00,0.00,180.00,0.00,79DAAFB4
2026-05-22T03:55:06Z,0.00,248.20,32.38,S,0.00,0.00,1010.40,65.91,1010.40,5.24,25.18,0.00,0.00,180.00,0.00,79DAAFB4
2026-05-22T03:37:58Z,0.00,248.20,32.06,S,0.00,0.00,1010.70,64.86,1010.70,5.39,24.61,0.00,0.00,180.00,0.00,79DAAFB4
2026-05-22T03:20:38Z,0.00,248.20,31.72,S,0.00,0.00,1010.80,66.82,1010.80,5.04,24.78,0.00,0.00,180.00,0.00,79DAAFB4
2026-05-22T03:03:29Z,0.00,248.20,31.34,S,0.00,0.00,1010.80,72.74,1010.80,4.06,25.85,0.00,0.00,180.00,0.00,79DAAFB4
2026-05-22T02:46:21Z,0.00,248.20,30.88,S,0.00,0.00,1011.00,72.73,1011.00,4.03,25.41,0.00,0.00,180.00,0.00,79DAAFB4
2026-05-22T02:29:13Z,0.00,248.20,30.64,S,0.00,0.00,1011.10,73.74,1011.10,3.86,25.41,0.00,0.00,180.00,0.00,79DAAFB4
2026-05-22T02:12:05Z,0.00,248.20,30.43,S,0.00,0.00,1011.30,75.51,1011.30,3.57,25.61,0.00,0.00,180.00,0.00,79DAAFB4
2026-05-22T01:54:57Z,0.00,248.20,30.14,S,0.00,0.00,1011.40,76.85,1011.40,3.35,25.62,0.00,0.00,180.00,0.00,79DAAFB4
2026-05-22T01:37:49Z,0.00,248.20,29.84,S,0.00,0.00,1011.40,77.19,1011.40,3.29,25.41,0.00,0.00,180.00,0.00,79DAAFB4
2026-05-22T01:20:30Z,0.00,248.20,29.70,S,0.00,0.00,1011.30,76.46,1011.30,3.39,25.11,0.00,0.00,180.00,0.00,79DAAFB4
2026-05-22T01:03:11Z,0.00,248.20,29.50,S,0.00,0.00,1011.10,78.33,1011.10,3.10,25.32,0.00,0.00,180.00,0.00,79DAAFB4
2026-05-22T00:46:03Z,0.00,248.20,29.26,S,0.00,0.00,1011.10,81.07,1011.10,2.68,25.67,0.00,0.00,180.00,0.00,79DAAFB4
2026-05-22T00:28:43Z,0.00,248.20,29.02,S,0.00,0.00,1011.00,83.62,1011.00,2.30,25.96,0.00,0.00,180.00,0.00,79DAAFB4
2026-05-22T00:11:34Z,0.00,248.20,28.86,S,0.00,0.00,1010.90,83.97,1010.90,2.24,25.87,0.00,0.00,180.00,0.00,79DAAFB4
2026-05-21T23:54:26Z,0.00,248.20,28.68,S,0.00,0.00,1011.00,85.49,1011.00,2.01,26.00,0.00,0.00,180.00,0.00,79DAAFB4
2026-05-21T23:37:18Z,0.00,248.20,28.59,S,0.00,0.00,1011.10,87.06,1011.10,1.78,26.22,0.00,0.00,180.00,0.00,79DAAFB4
2026-05-21T23:20:10Z,0.00,248.20,28.53,S,0.00,0.00,1010.90,87.77,1010.90,1.68,26.30,0.00,0.00,180.00,0.00,79DAAFB4
2026-05-21T23:03:02Z,0.00,248.20,28.54,S,0.00,0.00,1010.70,88.02,1010.70,1.64,26.36,0.00,0.00,180.00,0.00,79DAAFB4
2026-05-21T22:45:54Z,0.00,248.20,28.50,S,0.00,0.00,1010.50,88.06,1010.50,1.64,26.33,0.00,0.00,180.00,0.00,79DAAFB4
2026-05-21T22:28:35Z,0.00,248.20,28.47,S,0.00,0.00,1010.40,88.15,1010.40,1.62,26.31,0.00,0.00,180.00,0.00,79DAAFB4
2026-05-21T22:11:16Z,0.00,248.20,28.49,S,0.00,0.00,1010.30,87.89,1010.30,1.66,26.28,0.00,0.00,180.00,0.00,79DAAFB4
2026-05-21T21:54:08Z,0.00,248.20,28.52,S,0.00,0.00,1010.10,87.95,1010.10,1.65,26.32,0.00,0.00,180.00,0.00,79DAAFB4
2026-05-21T21:36:48Z,0.00,248.20,28.49,S,0.00,0.00,1010.00,88.19,1010.00,1.62,26.34,0.00,0.00,180.00,0.00,79DAAFB4
2026-05-21T21:19:39Z,0.00,248.20,28.54,S,0.00,0.00,1009.90,87.99,1009.90,1.65,26.35,0.00,0.00,180.00,0.00,79DAAFB4
2026-05-21T21:02:31Z,0.00,248.20,28.52,S,0.00,0.00,1009.80,88.02,1009.80,1.64,26.34,0.00,0.00,180.00,0.00,79DAAFB4
2026-05-21T20:45:23Z,0.00,248.20,28.52,S,0.00,0.00,1009.70,87.61,1009.70,1.70,26.26,0.00,0.00,180.00,0.00,79DAAFB4
2026-05-21T20:28:15Z,0.00,248.20,28.57,S,0.00,0.00,1009.60,87.70,1009.60,1.69,26.33,0.00,0.00,180.00,0.00,79DAAFB4
2026-05-21T20:11:07Z,0.00,248.20,28.57,S,0.00,0.00,1009.50,87.59,1009.50,1.71,26.30,0.00,0.00,180.00,0.00,79DAAFB4
2026-05-21T19:53:59Z,0.00,248.20,28.62,S,0.00,0.00,1009.40,87.40,1009.40,1.74,26.32,0.00,0.00,180.00,0.00,79DAAFB4
2026-05-21T19:36:40Z,0.00,248.20,28.63,S,0.00,0.00,1009.40,87.22,1009.40,1.76,26.29,0.00,0.00,180.00,0.00,79DAAFB4
2026-05-21T19:19:21Z,0.00,248.20,28.66,S,0.00,0.00,1009.40,86.78,1009.40,1.83,26.23,0.00,0.00,180.00,0.00,79DAAFB4
2026-05-21T19:02:13Z,0.00,248.20,28.71,S,0.00,0.00,1009.40,86.59,1009.40,1.85,26.25,0.00,0.00,180.00,0.00,79DAAFB4
2026-05-21T18:44:53Z,0.00,248.20,28.75,S,0.00,0.00,1009.40,86.30,1009.40,1.90,26.23,0.00,0.00,180.00,0.00,79DAAFB4
2026-05-21T18:27:44Z,0.00,248.20,28.87,S,0.00,0.00,1009.40,85.85,1009.40,1.97,26.26,0.00,0.00,180.00,0.00,79DAAFB4
2026-05-21T18:10:36Z,0.00,248.20,28.85,S,0.00,0.00,1009.50,85.86,1009.50,1.96,26.24,0.00,0.00,180.00,0.00,79DAAFB4
2026-05-21T17:53:28Z,0.00,248.20,28.98,S,0.00,0.00,1009.70,86.10,1009.70,1.93,26.42,0.00,0.00,180.00,0.00,79DAAFB4
2026-05-21T17:36:20Z,0.00,248.20,28.97,S,0.00,0.00,1009.70,85.99,1009.70,1.95,26.38,0.00,0.00,180.00,0.00,79DAAFB4
2026-05-21T17:19:12Z,0.00,248.20,29.03,S,0.00,0.00,1009.90,85.78,1009.90,1.98,26.40,0.00,0.00,180.00,0.00,79DAAFB4
2026-05-21T17:02:04Z,0.00,248.20,29.13,S,0.00,0.00,1010.00,86.15,1010.00,1.93,26.57,0.00,0.00,180.00,0.00,79DAAFB4
2026-05-21T16:44:45Z,0.00,248.20,29.18,S,0.00,0.00,1010.20,85.68,1010.20,2.00,26.53,0.00,0.00,180.00,0.00,79DAAFB4
2026-05-21T16:27:26Z,0.00,248.20,29.30,S,0.00,0.00,1010.30,84.76,1010.30,2.14,26.46,0.00,0.00,180.00,0.00,79DAAFB4
2026-05-21T16:10:18Z,0.00,248.20,29.34,S,0.00,0.00,1010.40,83.95,1010.40,2.26,26.34,0.00,0.00,180.00,0.00,79DAAFB4
2026-05-21T15:52:58Z,0.00,248.20,29.40,S,0.00,0.00,1010.30,83.45,1010.30,2.33,26.30,0.00,0.00,180.00,0.00,79DAAFB4
2026-05-21T15:35:49Z,0.00,248.20,29.44,S,0.00,0.00,1010.30,82.55,1010.30,2.47,26.15,0.00,0.00,180.00,0.00,79DAAFB4
2026-05-21T15:18:41Z,0.00,248.20,29.60,S,0.00,0.00,1010.20,81.83,1010.20,2.58,26.16,0.00,0.00,180.00,0.00,79DAAFB4
2026-05-21T15:01:33Z,0.00,248.20,29.64,S,0.00,0.00,1010.10,81.19,1010.10,2.68,26.07,0.00,0.00,180.00,0.00,79DAAFB4
2026-05-21T14:44:25Z,0.00,248.20,29.71,S,0.00,0.00,1010.00,80.67,1010.00,2.76,26.02,0.00,0.00,180.00,0.00,79DAAFB4
2026-05-21T14:27:17Z,0.00,248.20,29.75,S,0.00,0.00,1009.70,79.75,1009.70,2.90,25.87,0.00,0.00,180.00,0.00,79DAAFB4
2026-05-21T14:10:09Z,0.00,248.20,29.85,S,0.00,0.00,1009.40,78.72,1009.40,3.06,25.75,0.00,0.00,180.00,0.00,79DAAFB4
2026-05-21T13:52:50Z,0.00,248.20,29.95,S,0.00,0.00,1009.10,78.22,1009.10,3.14,25.74,0.00,0.00,180.00,0.00,79DAAFB4
2026-05-21T13:35:31Z,0.00,248.20,29.96,S,0.00,0.00,1008.90,77.89,1008.90,3.19,25.67,0.00,0.00,180.00,0.00,79DAAFB4
2026-05-21T13:18:23Z,0.00,248.20,30.06,S,0.00,0.00,1008.50,77.66,1008.50,3.23,25.72,0.00,0.00,180.00,0.00,79DAAFB4
2026-05-21T13:01:03Z,0.00,248.20,30.06,S,0.00,0.00,1008.30,77.03,1008.30,3.32,25.58,0.00,0.00,180.00,0.00,79DAAFB4
2026-05-21T12:43:54Z,0.00,248.20,30.09,S,0.00,0.00,1008.00,75.83,1008.00,3.51,25.35,0.00,0.00,180.00,0.00,79DAAFB4
2026-05-21T12:26:46Z,0.00,248.20,30.14,S,0.00,0.00,1007.90,73.42,1007.90,3.88,24.85,0.00,0.00,180.00,0.00,79DAAFB4
2026-05-21T12:09:38Z,0.00,248.20,30.20,S,0.00,0.00,1007.90,72.46,1007.90,4.03,24.69,0.00,0.00,180.00,0.00,79DAAFB4
2026-05-21T11:52:29Z,0.00,248.20,30.22,S,0.00,0.00,1007.70,71.65,1007.70,4.16,24.52,0.00,0.00,180.00,0.00,79DAAFB4
2026-05-21T11:35:10Z,0.00,248.20,30.25,S,0.00,0.00,1007.70,71.25,1007.70,4.23,24.46,0.00,0.00,180.00,0.00,79DAAFB4
2026-05-21T11:18:02Z,0.00,248.20,30.34,S,0.00,0.00,1007.70,70.60,1007.70,4.33,24.39,0.00,0.00,180.00,0.00,79DAAFB4
2026-05-21T11:00:54Z,0.00,248.20,30.40,S,0.00,0.00,1007.60,70.19,1007.60,4.40,24.35,0.00,0.00,180.00,0.00,79DAAFB4
2026-05-21T10:43:35Z,0.00,248.20,30.59,S,0.00,0.00,1007.50,69.68,1007.50,4.50,24.41,0.00,0.00,180.00,0.00,79DAAFB4
2026-05-21T10:26:16Z,0.00,248.20,30.79,S,0.00,0.00,1007.30,68.68,1007.30,4.67,24.36,0.00,0.00,180.00,0.00,79DAAFB4
2026-05-21T10:09:08Z,0.00,248.20,30.83,S,0.00,0.00,1007.10,67.72,1007.10,4.83,24.16,0.00,0.00,180.00,0.00,79DAAFB4
2026-05-21T09:51:59Z,0.00,248.20,31.01,S,0.00,0.00,1007.00,67.10,1007.00,4.94,24.18,0.00,0.00,180.00,0.00,79DAAFB4
2026-05-21T09:34:51Z,0.00,248.20,31.38,S,0.00,0.00,1007.20,65.87,1007.20,5.17,24.22,0.00,0.00,180.00,0.00,79DAAFB4
2026-05-21T09:17:42Z,0.00,248.20,31.06,S,0.00,0.00,1007.50,66.65,1007.50,5.02,24.11,0.00,0.00,180.00,0.00,79DAAFB4
2026-05-21T09:00:33Z,0.00,248.20,30.89,S,0.00,0.00,1007.60,67.43,1007.60,4.88,24.15,0.00,0.00,180.00,0.00,79DAAFB4
2026-05-21T08:43:25Z,0.00,248.20,30.95,S,0.00,0.00,1007.70,66.82,1007.70,4.98,24.05,0.00,0.00,180.00,0.00,79DAAFB4
2026-05-21T08:26:17Z,0.00,248.20,30.97,S,0.00,0.00,1007.70,65.92,1007.70,5.13,23.85,0.00,0.00,180.00,0.00,79DAAFB4
2026-05-21T08:09:09Z,0.00,248.20,31.04,S,0.00,0.00,1007.70,66.50,1007.70,5.04,24.06,0.00,0.00,180.00,0.00,79DAAFB4
2026-05-21T07:52:01Z,0.00,248.20,31.26,S,0.00,0.00,1007.80,68.46,1007.80,4.74,24.75,0.00,0.00,180.00,0.00,79DAAFB4
2026-05-21T07:34:42Z,0.00,248.20,31.62,S,0.00,0.00,1007.90,68.60,1007.90,4.74,25.13,0.00,0.00,180.00,0.00,79DAAFB4
2026-05-21T07:17:33Z,0.00,248.20,31.97,S,0.00,0.00,1007.90,69.06,1007.90,4.69,25.58,0.00,0.00,180.00,0.00,79DAAFB4
2026-05-21T07:00:25Z,0.00,248.20,32.29,S,0.00,0.00,1008.10,69.05,1008.10,4.72,25.88,0.00,0.00,180.00,0.00,79DAAFB4
2026-05-21T06:42:00Z,0.00,248.20,31.55,S,0.00,0.00,1009.48,70.83,1008.40,4.38,25.60,0.00,0.00,180.00,0.00,79DAAFB4
2026-05-21T06:24:52Z,0.00,248.20,31.79,S,0.00,0.00,1009.78,69.30,1008.70,4.64,25.46,0.00,0.00,180.00,0.00,79DAAFB4
2026-05-21T06:07:44Z,0.00,248.20,31.46,S,0.00,0.00,1009.78,69.39,1008.70,4.60,25.17,0.00,0.00,180.00,0.00,79DAAFB4
2026-05-21T05:50:25Z,0.00,248.20,30.79,S,0.00,0.00,1009.98,73.59,1008.90,3.89,25.52,0.00,0.00,180.00,0.00,79DAAFB4
2026-05-21T05:33:16Z,0.00,248.20,30.26,S,0.00,0.00,1010.48,76.76,1009.40,3.37,25.72,0.00,0.00,180.00,0.00,79DAAFB4
2026-05-21T05:15:56Z,0.00,248.20,29.66,S,0.00,0.00,1010.78,81.05,1009.70,2.70,26.06,0.00,0.00,180.00,0.00,79DAAFB4
2026-05-21T04:58:36Z,0.00,248.20,28.73,S,0.00,0.00,1010.88,82.65,1009.80,2.43,25.48,0.00,0.00,180.00,0.00,79DAAFB4
2026-05-21T04:41:17Z,0.00,248.20,28.28,S,0.00,0.00,1011.18,84.76,1010.10,2.11,25.46,0.00,0.00,180.00,0.00,79DAAFB4
2026-05-21T04:24:09Z,0.00,248.20,28.11,S,0.00,0.00,1011.58,85.62,1010.50,1.98,25.47,0.00,0.00,180.00,0.00,79DAAFB4
2026-05-21T04:06:50Z,0.00,248.20,28.11,S,0.00,0.00,1012.08,86.85,1011.00,1.80,25.71,0.00,0.00,180.00,0.00,79DAAFB4
2026-05-21T03:49:41Z,0.00,248.20,28.04,S,0.00,0.00,1012.38,86.43,1011.30,1.86,25.56,0.00,0.00,180.00,0.00,79DAAFB4
2026-05-21T03:32:32Z,0.00,248.20,28.07,S,0.00,0.00,1012.28,85.78,1011.20,1.96,25.46,0.00,0.00,180.00,0.00,79DAAFB4
2026-05-21T03:15:24Z,0.00,248.20,30.01,S,0.00,0.00,1012.18,77.97,1011.10,3.18,25.74,0.00,0.00,180.00,0.00,79DAAFB4
2026-05-21T02:58:16Z,0.00,248.20,30.48,S,0.00,0.00,1011.58,76.91,1010.50,3.36,25.96,0.00,0.00,180.00,0.00,79DAAFB4
2026-05-21T02:41:08Z,0.00,248.20,30.10,S,0.00,0.00,1011.48,79.77,1010.40,2.91,26.21,0.00,0.00,180.00,0.00,79DAAFB4
2026-05-21T02:23:49Z,0.00,248.20,29.66,S,0.00,0.00,1011.58,76.36,1010.50,3.41,25.05,0.00,0.00,180.00,0.00,79DAAFB4
2026-05-21T02:06:41Z,0.00,248.20,30.31,S,0.00,0.00,1011.48,84.92,1010.40,2.14,27.48,0.00,0.00,180.00,0.00,79DAAFB4
2026-05-21T01:49:21Z,0.00,248.20,30.09,S,0.00,0.00,1011.28,86.00,1010.20,1.97,27.48,0.00,0.00,180.00,0.00,79DAAFB4
2026-05-21T01:32:11Z,0.00,248.20,29.69,S,0.00,0.00,1011.38,86.40,1010.30,1.91,27.17,0.00,0.00,180.00,0.00,79DAAFB4
2026-05-21T01:14:52Z,0.00,248.20,29.37,S,0.00,0.00,1011.08,87.28,1010.00,1.77,27.03,0.00,0.00,180.00,0.00,79DAAFB4
2026-05-21T00:57:43Z,0.00,248.20,29.21,S,0.00,0.00,1010.78,89.42,1009.70,1.45,27.29,0.00,0.00,180.00,0.00,79DAAFB4
2026-05-21T00:40:35Z,0.00,248.20,29.17,S,0.00,0.00,1011.08,87.57,1010.00,1.72,26.89,0.00,0.00,180.00,0.00,79DAAFB4
2026-05-21T00:23:27Z,0.00,248.20,29.25,S,0.00,0.00,1010.78,85.62,1009.70,2.01,26.59,0.00,0.00,180.00,0.00,79DAAFB4
2026-05-21T00:06:08Z,0.00,248.20,29.97,S,0.00,0.00,1010.28,86.68,1009.20,1.87,27.50,0.00,0.00,180.00,0.00,79DAAFB4
2026-05-20T23:48:59Z,0.00,248.20,29.70,S,0.00,0.00,1009.88,87.06,1008.80,1.81,27.31,0.00,0.00,180.00,0.00,79DAAFB4
2026-05-20T23:31:50Z,0.00,248.20,29.46,S,0.00,0.00,1009.58,85.76,1008.50,1.99,26.82,0.00,0.00,180.00,0.00,79DAAFB4
2026-05-20T23:14:31Z,0.00,248.20,29.36,S,0.00,0.00,1009.48,84.91,1008.40,2.12,26.55,0.00,0.00,180.00,0.00,79DAAFB4
2026-05-20T22:57:23Z,0.00,248.20,29.29,S,0.00,0.00,1009.18,86.54,1008.10,1.88,26.81,0.00,0.00,180.00,0.00,79DAAFB4
2026-05-20T22:40:15Z,0.00,248.20,29.30,S,0.00,0.00,1009.18,86.90,1008.10,1.82,26.89,0.00,0.00,180.00,0.00,79DAAFB4
2026-05-20T22:22:56Z,0.00,248.20,29.34,S,0.00,0.00,1008.98,87.43,1007.90,1.75,27.03,0.00,0.00,180.00,0.00,79DAAFB4
2026-05-20T22:05:37Z,0.00,248.20,29.30,S,0.00,0.00,1008.68,87.39,1007.60,1.75,26.98,0.00,0.00,180.00,0.00,79DAAFB4
2026-05-20T21:48:29Z,0.00,248.20,29.32,S,0.00,0.00,1008.38,86.88,1007.30,1.83,26.90,0.00,0.00,180.00,0.00,79DAAFB4
2026-05-20T21:31:09Z,0.00,248.20,29.28,S,0.00,0.00,1008.38,86.48,1007.30,1.88,26.78,0.00,0.00,180.00,0.00,79DAAFB4
2026-05-20T21:14:00Z,0.00,248.20,29.33,S,0.00,0.00,1008.48,86.18,1007.40,1.93,26.77,0.00,0.00,180.00,0.00,79DAAFB4
2026-05-20T20:56:52Z,0.00,248.20,29.31,S,0.00,0.00,1008.38,86.52,1007.30,1.88,26.82,0.00,0.00,180.00,0.00,79DAAFB4
2026-05-20T20:39:44Z,0.00,248.20,29.39,S,0.00,0.00,1008.48,85.92,1007.40,1.97,26.78,0.00,0.00,180.00,0.00,79DAAFB4
2026-05-20T20:22:36Z,0.00,248.20,29.33,S,0.00,0.00,1008.48,85.74,1007.40,1.99,26.69,0.00,0.00,180.00,0.00,79DAAFB4
2026-05-20T20:05:28Z,0.00,248.20,29.38,S,0.00,0.00,1008.38,86.50,1007.30,1.88,26.89,0.00,0.00,180.00,0.00,79DAAFB4
2026-05-20T19:48:20Z,0.00,248.20,29.34,S,0.00,0.00,1008.28,86.92,1007.20,1.82,26.93,0.00,0.00,180.00,0.00,79DAAFB4
2026-05-20T19:31:12Z,0.00,248.20,29.37,S,0.00,0.00,1008.28,86.85,1007.20,1.83,26.95,0.00,0.00,180.00,0.00,79DAAFB4
2026-05-20T19:13:53Z,0.00,248.20,29.40,S,0.00,0.00,1008.38,86.46,1007.30,1.89,26.90,0.00,0.00,180.00,0.00,79DAAFB4
2026-05-20T18:56:44Z,0.00,248.20,29.46,S,0.00,0.00,1008.28,86.67,1007.20,1.86,27.00,0.00,0.00,180.00,0.00,79DAAFB4
2026-05-20T18:39:36Z,0.00,248.20,29.54,S,0.00,0.00,1008.28,86.05,1007.20,1.95,26.95,0.00,0.00,180.00,0.00,79DAAFB4
2026-05-20T18:22:28Z,0.00,248.20,29.59,S,0.00,0.00,1008.38,85.54,1007.30,2.03,26.90,0.00,0.00,180.00,0.00,79DAAFB4
2026-05-20T18:05:09Z,0.00,248.20,29.60,S,0.00,0.00,1008.58,85.65,1007.50,2.01,26.93,0.00,0.00,180.00,0.00,79DAAFB4
2026-05-20T17:48:00Z,0.00,248.20,29.65,S,0.00,0.00,1008.58,85.30,1007.50,2.07,26.91,0.00,0.00,180.00,0.00,79DAAFB4
2026-05-20T17:30:51Z,0.00,248.20,29.73,S,0.00,0.00,1008.58,84.22,1007.50,2.23,26.77,0.00,0.00,180.00,0.00,79DAAFB4
2026-05-20T17:13:32Z,0.00,248.20,29.73,S,0.00,0.00,1008.68,84.69,1007.60,2.16,26.87,0.00,0.00,180.00,0.00,79DAAFB4
2026-05-20T16:56:24Z,0.00,248.20,29.75,S,0.00,0.00,1008.58,85.06,1007.50,2.11,26.96,0.00,0.00,180.00,0.00,79DAAFB4
2026-05-20T16:39:16Z,0.00,248.20,29.73,S,0.00,0.00,1008.68,84.85,1007.60,2.14,26.90,0.00,0.00,180.00,0.00,79DAAFB4
2026-05-20T16:21:57Z,0.00,248.20,29.81,S,0.00,0.00,1008.68,84.63,1007.60,2.17,26.94,0.00,0.00,180.00,0.00,79DAAFB4
2026-05-20T16:04:38Z,0.00,248.20,29.87,S,0.00,0.00,1008.68,84.48,1007.60,2.19,26.96,0.00,0.00,180.00,0.00,79DAAFB4
2026-05-20T15:47:30Z,0.00,248.20,29.87,S,0.00,0.00,1008.58,84.14,1007.50,2.25,26.90,0.00,0.00,180.00,0.00,79DAAFB4
2026-05-20T15:30:10Z,0.00,248.20,29.88,S,0.00,0.00,1008.48,83.76,1007.40,2.30,26.83,0.00,0.00,180.00,0.00,79DAAFB4
2026-05-20T15:13:01Z,0.00,248.20,29.94,S,0.00,0.00,1008.38,82.41,1007.30,2.51,26.61,0.00,0.00,180.00,0.00,79DAAFB4
2026-05-20T14:55:53Z,0.00,248.20,29.99,S,0.00,0.00,1008.38,81.66,1007.30,2.62,26.50,0.00,0.00,180.00,0.00,79DAAFB4
2026-05-20T14:38:45Z,0.00,248.20,29.97,S,0.00,0.00,1008.08,82.09,1007.00,2.55,26.57,0.00,0.00,180.00,0.00,79DAAFB4
2026-05-20T14:21:37Z,0.00,248.20,30.07,S,0.00,0.00,1008.28,81.92,1007.20,2.58,26.64,0.00,0.00,180.00,0.00,79DAAFB4
2026-05-20T14:04:29Z,0.00,248.20,30.15,S,0.00,0.00,1008.28,81.25,1007.20,2.69,26.57,0.00,0.00,180.00,0.00,79DAAFB4
2026-05-20T13:47:21Z,0.00,248.20,30.14,S,0.00,0.00,1008.28,81.13,1007.20,2.71,26.54,0.00,0.00,180.00,0.00,79DAAFB4
2026-05-20T13:30:13Z,0.00,248.20,30.18,S,0.00,0.00,1008.28,81.53,1007.20,2.65,26.66,0.00,0.00,180.00,0.00,79DAAFB4
2026-05-20T13:12:54Z,0.00,248.20,30.19,S,0.00,0.00,1007.88,81.92,1006.80,2.59,26.75,0.00,0.00,180.00,0.00,79DAAFB4
2026-05-20T12:55:45Z,0.00,248.20,30.21,S,0.00,0.00,1007.28,81.26,1006.20,2.69,26.63,0.00,0.00,180.00,0.00,79DAAFB4
2026-05-20T12:38:37Z,0.00,248.20,30.32,S,0.00,0.00,1006.98,80.31,1005.90,2.84,26.54,0.00,0.00,180.00,0.00,79DAAFB4
2026-05-20T12:21:29Z,0.00,248.20,30.38,S,0.00,0.00,1006.78,80.07,1005.70,2.87,26.55,0.00,0.00,180.00,0.00,79DAAFB4
2026-05-20T12:04:10Z,0.00,248.20,30.53,S,0.00,0.00,1006.68,78.99,1005.60,3.05,26.46,0.00,0.00,180.00,0.00,79DAAFB4
2026-05-20T11:47:01Z,0.00,248.20,30.57,S,0.00,0.00,1006.28,78.94,1005.20,3.05,26.49,0.00,0.00,180.00,0.00,79DAAFB4
2026-05-20T11:29:52Z,0.00,248.20,30.70,S,0.00,0.00,1006.38,78.29,1005.30,3.16,26.48,0.00,0.00,180.00,0.00,79DAAFB4
2026-05-20T11:12:33Z,0.00,248.20,30.94,S,0.00,0.00,1006.18,77.58,1005.10,3.28,26.56,0.00,0.00,180.00,0.00,79DAAFB4
2026-05-20T10:55:25Z,0.00,248.20,31.25,S,0.00,0.00,1005.98,75.81,1004.90,3.57,26.46,0.00,0.00,180.00,0.00,79DAAFB4
2026-05-20T10:38:17Z,0.00,248.20,31.91,S,0.00,0.00,1005.68,73.24,1004.60,4.01,26.51,0.00,0.00,180.00,0.00,79DAAFB4
2026-05-20T10:20:58Z,0.00,248.20,32.58,S,0.00,0.00,1005.98,71.35,1004.90,4.36,26.71,0.00,0.00,180.00,0.00,79DAAFB4
2026-05-20T10:03:39Z,0.00,248.20,33.42,S,0.00,0.00,1005.68,68.88,1004.60,4.83,26.91,0.00,0.00,180.00,0.00,79DAAFB4
2026-05-20T09:46:30Z,0.00,248.20,34.71,S,0.00,0.00,1005.58,64.76,1004.50,5.63,27.09,0.00,0.00,180.00,0.00,79DAAFB4
2026-05-20T09:29:22Z,0.00,248.20,35.30,S,0.00,0.00,1005.28,61.11,1004.20,6.34,26.65,0.00,0.00,180.00,0.00,79DAAFB4
2026-05-20T09:12:14Z,0.00,248.20,35.82,S,0.00,0.00,1005.18,61.21,1004.10,6.37,27.17,0.00,0.00,180.00,0.00,79DAAFB4
2026-05-20T08:54:55Z,0.00,248.20,35.95,S,0.00,0.00,1004.88,60.97,1003.80,6.43,27.22,0.00,0.00,180.00,0.00,79DAAFB4
2026-05-20T08:37:46Z,0.00,248.20,34.39,S,0.00,0.00,1004.78,65.07,1003.70,5.55,26.86,0.00,0.00,180.00,0.00,79DAAFB4
2026-05-20T08:20:37Z,0.00,248.20,35.35,S,0.00,0.00,1004.88,61.59,1003.80,6.26,26.83,0.00,0.00,180.00,0.00,79DAAFB4
2026-05-20T08:03:18Z,0.00,248.20,36.31,S,0.00,0.00,1005.18,58.34,1004.10,6.96,26.81,0.00,0.00,180.00,0.00,79DAAFB4
2026-05-20T07:46:10Z,0.00,248.20,37.77,S,0.00,0.00,1005.18,54.17,1004.10,7.94,26.90,0.00,0.00,180.00,0.00,79DAAFB4
2026-05-20T07:29:02Z,0.00,248.20,36.30,S,0.00,0.00,1005.78,57.27,1004.70,7.16,26.48,0.00,0.00,180.00,0.00,79DAAFB4
2026-05-20T07:11:43Z,0.00,248.20,34.58,S,0.00,0.00,1005.78,62.37,1004.70,6.04,26.32,0.00,0.00,180.00,0.00,79DAAFB4
2026-05-20T06:54:24Z,0.00,248.20,34.30,S,0.00,0.00,1005.98,63.99,1004.90,5.73,26.50,0.00,0.00,180.00,0.00,79DAAFB4
2026-05-20T06:37:16Z,0.00,248.20,33.77,S,0.00,0.00,1006.38,66.49,1005.30,5.26,26.64,0.00,0.00,180.00,0.00,79DAAFB4
2026-05-20T06:20:07Z,0.00,248.20,33.40,S,0.00,0.00,1006.68,68.07,1005.60,4.96,26.69,0.00,0.00,180.00,0.00,79DAAFB4
2026-05-20T06:02:47Z,0.00,248.20,33.07,S,0.00,0.00,1006.88,68.76,1005.80,4.82,26.55,0.00,0.00,180.00,0.00,79DAAFB4
2026-05-20T05:45:38Z,0.00,248.20,32.82,S,0.00,0.00,1007.48,71.33,1006.40,4.38,26.94,0.00,0.00,180.00,0.00,79DAAFB4
2026-05-20T05:28:30Z,0.00,248.20,32.35,S,0.00,0.00,1007.78,71.62,1006.70,4.30,26.55,0.00,0.00,180.00,0.00,79DAAFB4
2026-05-20T05:11:22Z,0.00,248.20,32.08,S,0.00,0.00,1007.78,71.90,1006.70,4.24,26.36,0.00,0.00,180.00,0.00,79DAAFB4
2026-05-20T04:54:14Z,0.00,248.20,32.04,S,0.00,0.00,1007.88,71.85,1006.80,4.24,26.31,0.00,0.00,180.00,0.00,79DAAFB4
2026-05-20T04:37:06Z,0.00,248.20,31.88,S,0.00,0.00,1007.98,73.52,1006.90,3.97,26.55,0.00,0.00,180.00,0.00,79DAAFB4
2026-05-20T04:19:58Z,0.00,248.20,31.71,S,0.00,0.00,1008.18,74.95,1007.10,3.73,26.71,0.00,0.00,180.00,0.00,79DAAFB4
2026-05-20T03:59:29Z,0.00,248.20,31.63,S,0.00,0.00,1008.48,74.01,1007.40,3.87,26.42,0.00,0.00,180.00,0.00,79DAAFB4
2026-05-20T03:42:09Z,0.00,248.20,31.52,S,0.00,0.00,1008.68,75.13,1007.60,3.69,26.57,0.00,0.00,180.00,0.00,79DAAFB4
2026-05-20T03:24:50Z,0.00,248.20,31.04,S,0.00,0.00,1008.88,76.41,1007.80,3.47,26.39,0.00,0.00,180.00,0.00,79DAAFB4
2026-05-20T03:07:42Z,0.00,248.20,30.78,S,0.00,0.00,1008.98,77.57,1007.90,3.27,26.40,0.00,0.00,180.00,0.00,79DAAFB4
2026-05-20T02:50:23Z,0.00,248.20,30.66,S,0.00,0.00,1009.08,78.68,1008.00,3.10,26.52,0.00,0.00,180.00,0.00,79DAAFB4
2026-05-20T02:33:14Z,0.00,248.20,30.46,S,0.00,0.00,1009.18,78.05,1008.10,3.19,26.19,0.00,0.00,180.00,0.00,79DAAFB4
2026-05-20T02:16:05Z,0.00,248.20,30.44,S,0.00,0.00,1009.08,79.20,1008.00,3.01,26.42,0.00,0.00,180.00,0.00,79DAAFB4
2026-05-20T01:58:57Z,0.00,248.20,30.35,S,0.00,0.00,1009.08,78.87,1008.00,3.06,26.26,0.00,0.00,180.00,0.00,79DAAFB4
2026-05-20T01:41:49Z,0.00,248.20,30.21,S,0.00,0.00,1009.18,79.27,1008.10,2.99,26.21,0.00,0.00,180.00,0.00,79DAAFB4
2026-05-20T01:24:41Z,0.00,248.20,30.23,S,0.00,0.00,1009.38,78.99,1008.30,3.03,26.17,0.00,0.00,180.00,0.00,79DAAFB4
2026-05-20T01:07:21Z,0.00,248.20,30.03,S,0.00,0.00,1009.38,80.19,1008.30,2.84,26.23,0.00,0.00,180.00,0.00,79DAAFB4
2026-05-20T00:50:13Z,0.00,248.20,29.74,S,0.00,0.00,1009.18,80.75,1008.10,2.75,26.07,0.00,0.00,180.00,0.00,79DAAFB4
2026-05-20T00:32:54Z,0.00,248.20,29.47,S,0.00,0.00,1009.08,82.09,1008.00,2.54,26.09,0.00,0.00,180.00,0.00,79DAAFB4
2026-05-20T00:15:35Z,0.00,248.20,29.25,S,0.00,0.00,1008.68,86.28,1007.60,1.91,26.72,0.00,0.00,180.00,0.00,79DAAFB4
2026-05-19T23:58:27Z,0.00,248.20,29.10,S,0.00,0.00,1008.38,87.60,1007.30,1.72,26.83,0.00,0.00,180.00,0.00,79DAAFB4
2026-05-19T23:41:07Z,0.00,248.20,28.84,S,0.00,0.00,1008.28,87.93,1007.20,1.66,26.64,0.00,0.00,180.00,0.00,79DAAFB4
2026-05-19T23:23:58Z,0.00,248.20,28.70,S,0.00,0.00,1007.98,88.50,1006.90,1.58,26.61,0.00,0.00,180.00,0.00,79DAAFB4
2026-05-19T23:06:50Z,0.00,248.20,28.67,S,0.00,0.00,1007.78,88.97,1006.70,1.51,26.67,0.00,0.00,180.00,0.00,79DAAFB4
2026-05-19T22:49:42Z,0.00,248.20,28.66,S,0.00,0.00,1007.68,89.11,1006.60,1.49,26.68,0.00,0.00,180.00,0.00,79DAAFB4
2026-05-19T22:32:34Z,0.00,248.20,28.57,S,0.00,0.00,1007.48,89.23,1006.40,1.47,26.62,0.00,0.00,180.00,0.00,79DAAFB4
2026-05-19T22:15:26Z,0.00,248.20,28.64,S,0.00,0.00,1007.38,88.83,1006.30,1.53,26.61,0.00,0.00,180.00,0.00,79DAAFB4
2026-05-19T21:58:18Z,0.00,248.20,28.65,S,0.00,0.00,1007.18,88.62,1006.10,1.56,26.58,0.00,0.00,180.00,0.00,79DAAFB4
2026-05-19T21:41:10Z,0.00,248.20,28.69,S,0.00,0.00,1006.98,88.52,1005.90,1.57,26.60,0.00,0.00,180.00,0.00,79DAAFB4
2026-05-19T21:23:51Z,0.00,248.20,28.62,S,0.00,0.00,1006.88,88.88,1005.80,1.52,26.60,0.00,0.00,180.00,0.00,79DAAFB4
2026-05-19T21:06:42Z,0.00,248.20,28.63,S,0.00,0.00,1006.88,88.50,1005.80,1.58,26.54,0.00,0.00,180.00,0.00,79DAAFB4
2026-05-19T20:49:34Z,0.00,248.20,28.68,S,0.00,0.00,1006.88,88.33,1005.80,1.60,26.55,0.00,0.00,180.00,0.00,79DAAFB4
2026-05-19T20:32:26Z,0.00,248.20,28.68,S,0.00,0.00,1007.08,87.93,1006.00,1.66,26.48,0.00,0.00,180.00,0.00,79DAAFB4
2026-05-19T20:15:07Z,0.00,248.20,28.77,S,0.00,0.00,1006.98,87.26,1005.90,1.76,26.44,0.00,0.00,180.00,0.00,79DAAFB4
2026-05-19T19:57:58Z,0.00,248.20,28.81,S,0.00,0.00,1006.98,86.78,1005.90,1.83,26.38,0.00,0.00,180.00,0.00,79DAAFB4
2026-05-19T19:40:49Z,0.00,248.20,28.75,S,0.00,0.00,1006.98,86.37,1005.90,1.89,26.24,0.00,0.00,180.00,0.00,79DAAFB4
2026-05-19T19:23:30Z,0.00,248.20,28.85,S,0.00,0.00,1007.18,85.89,1006.10,1.96,26.25,0.00,0.00,180.00,0.00,79DAAFB4
2026-05-19T19:06:22Z,0.00,248.20,28.84,S,0.00,0.00,1007.28,86.02,1006.20,1.94,26.26,0.00,0.00,180.00,0.00,79DAAFB4
2026-05-19T18:49:14Z,0.00,248.20,28.85,S,0.00,0.00,1007.28,85.47,1006.20,2.02,26.16,0.00,0.00,180.00,0.00,79DAAFB4
2026-05-19T18:31:55Z,0.00,248.20,28.86,S,0.00,0.00,1007.38,85.19,1006.30,2.06,26.12,0.00,0.00,180.00,0.00,79DAAFB4
2026-05-19T18:14:36Z,0.00,248.20,28.83,S,0.00,0.00,1007.58,84.78,1006.50,2.12,26.01,0.00,0.00,180.00,0.00,79DAAFB4
2026-05-19T17:57:27Z,0.00,248.20,28.87,S,0.00,0.00,1007.68,85.04,1006.60,2.08,26.10,0.00,0.00,180.00,0.00,79DAAFB4
2026-05-19T17:40:19Z,0.00,248.20,28.95,S,0.00,0.00,1007.88,85.11,1006.80,2.08,26.19,0.00,0.00,180.00,0.00,79DAAFB4
2026-05-19T17:23:11Z,0.00,248.20,28.98,S,0.00,0.00,1008.08,84.89,1007.00,2.11,26.18,0.00,0.00,180.00,0.00,79DAAFB4
2026-05-19T17:05:52Z,0.00,248.20,29.05,S,0.00,0.00,1008.08,84.23,1007.00,2.21,26.11,0.00,0.00,180.00,0.00,79DAAFB4
2026-05-19T16:48:43Z,0.00,248.20,28.96,S,0.00,0.00,1008.48,84.23,1007.40,2.21,26.02,0.00,0.00,180.00,0.00,79DAAFB4
2026-05-19T16:31:34Z,0.00,248.20,29.04,S,0.00,0.00,1008.48,84.70,1007.40,2.14,26.20,0.00,0.00,180.00,0.00,79DAAFB4
2026-05-19T16:14:15Z,0.00,248.20,29.05,S,0.00,0.00,1008.18,84.90,1007.10,2.11,26.25,0.00,0.00,180.00,0.00,79DAAFB4
2026-05-19T15:57:07Z,0.00,248.20,29.10,S,0.00,0.00,1008.18,85.44,1007.10,2.03,26.40,0.00,0.00,180.00,0.00,79DAAFB4
2026-05-19T15:39:59Z,0.00,248.20,29.06,S,0.00,0.00,1008.38,85.51,1007.30,2.02,26.38,0.00,0.00,180.00,0.00,79DAAFB4
2026-05-19T15:22:40Z,0.00,248.20,29.07,S,0.00,0.00,1008.38,85.10,1007.30,2.08,26.31,0.00,0.00,180.00,0.00,79DAAFB4
2026-05-19T15:05:21Z,0.00,248.20,29.08,S,0.00,0.00,1008.18,85.25,1007.10,2.06,26.35,0.00,0.00,180.00,0.00,79DAAFB4
2026-05-19T14:48:13Z,0.00,248.20,29.03,S,0.00,0.00,1007.88,85.13,1006.80,2.08,26.27,0.00,0.00,180.00,0.00,79DAAFB4
2026-05-19T14:30:53Z,0.00,248.20,29.05,S,0.00,0.00,1007.78,84.66,1006.70,2.15,26.20,0.00,0.00,180.00,0.00,79DAAFB4
2026-05-19T14:13:44Z,0.00,248.20,29.03,S,0.00,0.00,1007.68,84.55,1006.60,2.16,26.16,0.00,0.00,180.00,0.00,79DAAFB4
2026-05-19T13:56:36Z,0.00,248.20,29.05,S,0.00,0.00,1007.68,83.95,1006.60,2.25,26.06,0.00,0.00,180.00,0.00,79DAAFB4
2026-05-19T13:39:28Z,0.00,248.20,29.10,S,0.00,0.00,1007.28,83.66,1006.20,2.29,26.05,0.00,0.00,180.00,0.00,79DAAFB4
2026-05-19T13:22:20Z,0.00,248.20,29.01,S,0.00,0.00,1006.68,84.00,1005.60,2.24,26.03,0.00,0.00,180.00,0.00,79DAAFB4
2026-05-19T13:05:12Z,0.00,248.20,28.99,S,0.00,0.00,1006.38,84.21,1005.30,2.21,26.05,0.00,0.00,180.00,0.00,79DAAFB4
2026-05-19T12:48:04Z,0.00,248.20,28.90,S,0.00,0.00,1006.08,83.66,1005.00,2.29,25.85,0.00,0.00,180.00,0.00,79DAAFB4
2026-05-19T12:30:45Z,0.00,248.20,28.88,S,0.00,0.00,1005.98,83.56,1004.90,2.30,25.81,0.00,0.00,180.00,0.00,79DAAFB4
2026-05-19T12:13:26Z,0.00,248.20,28.84,S,0.00,0.00,1005.88,83.32,1004.80,2.34,25.72,0.00,0.00,180.00,0.00,79DAAFB4
2026-05-19T11:56:17Z,0.00,248.20,28.79,S,0.00,0.00,1005.88,83.68,1004.80,2.28,25.75,0.00,0.00,180.00,0.00,79DAAFB4
2026-05-19T11:39:09Z,0.00,248.20,28.77,S,0.00,0.00,1005.88,83.28,1004.80,2.34,25.65,0.00,0.00,180.00,0.00,79DAAFB4
2026-05-19T11:22:01Z,0.00,248.20,28.78,S,0.00,0.00,1005.88,83.79,1004.80,2.26,25.76,0.00,0.00,180.00,0.00,79DAAFB4
2026-05-19T11:04:53Z,0.00,248.20,19.24,S,0.00,0.00,670.88,54.30,669.80,5.64,9.79,0.00,0.00,180.00,0.00,79DAAFB4
2026-05-19T10:47:45Z,0.00,248.20,28.84,S,0.00,0.00,1005.78,82.70,1004.70,2.43,25.60,0.00,0.00,180.00,0.00,79DAAFB4
2026-05-19T10:30:37Z,0.00,248.20,28.87,S,0.00,0.00,1005.48,81.37,1004.40,2.62,25.35,0.00,0.00,180.00,0.00,79DAAFB4
2026-05-19T10:13:29Z,0.00,248.20,28.89,S,0.00,0.00,1005.38,82.55,1004.30,2.45,25.62,0.00,0.00,180.00,0.00,79DAAFB4
2026-05-19T09:56:10Z,0.00,248.20,28.85,S,0.00,0.00,1005.28,83.90,1004.20,2.25,25.85,0.00,0.00,180.00,0.00,79DAAFB4
2026-05-19T09:39:02Z,0.00,248.20,28.77,S,0.00,0.00,1004.98,84.73,1003.90,2.13,25.94,0.00,0.00,180.00,0.00,79DAAFB4
2026-05-19T09:21:53Z,0.00,248.20,28.80,S,0.00,0.00,1005.18,84.24,1004.10,2.20,25.87,0.00,0.00,180.00,0.00,79DAAFB4
2026-05-19T09:04:34Z,0.00,248.20,28.81,S,0.00,0.00,1005.08,85.37,1004.00,2.03,26.10,0.00,0.00,180.00,0.00,79DAAFB4
2026-05-19T08:47:25Z,0.00,248.20,28.92,S,0.00,0.00,1005.18,85.98,1004.10,1.95,26.33,0.00,0.00,180.00,0.00,79DAAFB4
2026-05-19T08:30:17Z,0.00,248.20,28.98,S,0.00,0.00,1005.48,85.91,1004.40,1.96,26.38,0.00,0.00,180.00,0.00,79DAAFB4
2026-05-19T08:13:09Z,0.00,248.20,29.18,S,0.00,0.00,1005.68,84.24,1004.60,2.21,26.24,0.00,0.00,180.00,0.00,79DAAFB4
2026-05-19T07:55:50Z,0.00,248.20,29.52,S,0.00,0.00,1005.58,84.09,1004.50,2.24,26.54,0.00,0.00,180.00,0.00,79DAAFB4
2026-05-19T07:38:41Z,0.00,248.20,30.08,S,0.00,0.00,1006.18,80.95,1005.10,2.73,26.44,0.00,0.00,180.00,0.00,79DAAFB4
2026-05-19T07:21:32Z,0.00,248.20,30.58,S,0.00,0.00,1006.08,75.51,1005.00,3.58,25.75,0.00,0.00,180.00,0.00,79DAAFB4
2026-05-19T07:04:13Z,0.00,248.20,30.96,S,0.00,0.00,1006.38,75.27,1005.30,3.64,26.06,0.00,0.00,180.00,0.00,79DAAFB4
2026-05-19T06:47:05Z,0.00,248.20,31.24,S,0.00,0.00,1006.38,74.96,1005.30,3.70,26.26,0.00,0.00,180.00,0.00,79DAAFB4
2026-05-19T06:29:57Z,0.00,248.20,31.61,S,0.00,0.00,1006.18,76.03,1005.10,3.55,26.86,0.00,0.00,180.00,0.00,79DAAFB4
2026-05-19T06:12:38Z,0.00,248.20,32.23,S,0.00,0.00,1006.48,66.83,1005.40,5.08,25.27,0.00,0.00,180.00,0.00,79DAAFB4
2026-05-19T05:55:19Z,0.00,248.20,32.84,S,0.00,0.00,1006.48,66.80,1005.40,5.13,25.84,0.00,0.00,180.00,0.00,79DAAFB4
2026-05-19T05:38:11Z,0.00,248.20,33.30,S,0.00,0.00,1006.48,63.97,1005.40,5.65,25.55,0.00,0.00,180.00,0.00,79DAAFB4
2026-05-19T05:20:51Z,0.00,248.20,33.40,S,0.00,0.00,1006.78,65.28,1005.70,5.43,25.98,0.00,0.00,180.00,0.00,79DAAFB4
2026-05-19T05:03:42Z,0.00,248.20,33.13,S,0.00,0.00,1006.98,67.38,1005.90,5.06,26.26,0.00,0.00,180.00,0.00,79DAAFB4
2026-05-19T04:46:34Z,0.00,248.20,32.57,S,0.00,0.00,1007.28,70.20,1006.20,4.55,26.43,0.00,0.00,180.00,0.00,79DAAFB4
2026-05-19T04:29:26Z,0.00,248.20,33.30,S,0.00,0.00,1007.28,66.89,1006.20,5.15,26.30,0.00,0.00,180.00,0.00,79DAAFB4
2026-05-19T04:12:18Z,0.00,248.20,32.50,S,0.00,0.00,1007.68,67.08,1006.60,5.06,25.59,0.00,0.00,180.00,0.00,79DAAFB4
2026-05-19T03:55:10Z,0.00,248.20,32.02,S,0.00,0.00,1007.78,72.10,1006.70,4.20,26.35,0.00,0.00,180.00,0.00,79DAAFB4
2026-05-19T03:38:02Z,0.00,248.20,31.93,S,0.00,0.00,1008.28,72.49,1007.20,4.13,26.36,0.00,0.00,180.00,0.00,79DAAFB4
2026-05-19T03:20:54Z,0.00,248.20,31.78,S,0.00,0.00,1008.38,72.64,1007.30,4.10,26.25,0.00,0.00,180.00,0.00,79DAAFB4
2026-05-19T03:03:35Z,0.00,248.20,31.49,S,0.00,0.00,1008.38,73.81,1007.30,3.90,26.24,0.00,0.00,180.00,0.00,79DAAFB4
2026-05-19T02:46:26Z,0.00,248.20,31.14,S,0.00,0.00,1008.58,75.16,1007.50,3.67,26.21,0.00,0.00,180.00,0.00,79DAAFB4
2026-05-19T02:29:18Z,0.00,248.20,30.71,S,0.00,0.00,1008.68,77.17,1007.60,3.33,26.24,0.00,0.00,180.00,0.00,79DAAFB4
2026-05-19T02:12:09Z,0.00,248.20,30.57,S,0.00,0.00,1008.88,78.46,1007.80,3.13,26.39,0.00,0.00,180.00,0.00,79DAAFB4
2026-05-19T01:55:00Z,0.00,248.20,30.27,S,0.00,0.00,1008.98,79.08,1007.90,3.02,26.23,0.00,0.00,180.00,0.00,79DAAFB4
2026-05-19T01:37:52Z,0.00,248.20,30.05,S,0.00,0.00,1008.98,80.75,1007.90,2.76,26.37,0.00,0.00,180.00,0.00,79DAAFB4
2026-05-19T01:20:33Z,0.00,248.20,29.74,S,0.00,0.00,1008.78,81.88,1007.70,2.58,26.31,0.00,0.00,180.00,0.00,79DAAFB4
2026-05-19T01:01:01Z,0.00,248.20,29.57,S,0.00,0.00,1015.23,82.57,1007.40,2.47,26.28,0.00,0.00,180.00,0.00,79DAAFB4
2026-05-19T00:43:53Z,0.00,248.20,29.50,S,0.00,0.00,1015.23,83.14,1007.40,2.38,26.33,0.00,0.00,180.00,0.00,79DAAFB4
2026-05-19T00:26:45Z,0.00,248.20,29.10,S,0.00,0.00,1015.23,84.42,1007.40,2.18,26.20,0.00,0.00,180.00,0.00,79DAAFB4
2026-05-19T00:09:26Z,0.00,248.20,28.91,S,0.00,0.00,1015.33,84.92,1007.50,2.10,26.11,0.00,0.00,180.00,0.00,79DAAFB4
2026-05-18T23:52:17Z,0.00,248.20,28.66,S,0.00,0.00,1015.33,85.36,1007.50,2.03,25.96,0.00,0.00,180.00,0.00,79DAAFB4
2026-05-18T23:35:08Z,0.00,248.20,28.64,S,0.00,0.00,1015.13,85.58,1007.30,2.00,25.98,0.00,0.00,180.00,0.00,79DAAFB4
2026-05-18T23:17:49Z,0.00,248.20,28.67,S,0.00,0.00,1014.73,86.05,1006.90,1.93,26.10,0.00,0.00,180.00,0.00,79DAAFB4
2026-05-18T23:00:41Z,0.00,248.20,28.52,S,0.00,0.00,1014.43,86.30,1006.60,1.89,26.00,0.00,0.00,180.00,0.00,79DAAFB4
2026-05-18T22:43:33Z,0.00,248.20,28.56,S,0.00,0.00,1014.23,86.37,1006.40,1.88,26.06,0.00,0.00,180.00,0.00,79DAAFB4
2026-05-18T22:26:14Z,0.00,248.20,28.60,S,0.00,0.00,1014.03,86.52,1006.20,1.86,26.13,0.00,0.00,180.00,0.00,79DAAFB4
2026-05-18T22:08:55Z,0.00,248.20,28.55,S,0.00,0.00,1013.93,86.07,1006.10,1.93,25.99,0.00,0.00,180.00,0.00,79DAAFB4
2026-05-18T21:51:47Z,0.00,248.20,28.54,S,0.00,0.00,1013.93,85.65,1006.10,1.99,25.90,0.00,0.00,180.00,0.00,79DAAFB4
2026-05-18T21:34:27Z,0.00,248.20,28.63,S,0.00,0.00,1013.93,85.33,1006.10,2.04,25.92,0.00,0.00,180.00,0.00,79DAAFB4
2026-05-18T21:17:18Z,0.00,248.20,28.69,S,0.00,0.00,1013.83,84.98,1006.00,2.09,25.91,0.00,0.00,180.00,0.00,79DAAFB4
2026-05-18T21:00:10Z,0.00,248.20,28.63,S,0.00,0.00,1013.73,84.49,1005.90,2.16,25.75,0.00,0.00,180.00,0.00,79DAAFB4
2026-05-18T20:42:51Z,0.00,248.20,28.82,S,0.00,0.00,1013.83,84.02,1006.00,2.23,25.84,0.00,0.00,180.00,0.00,79DAAFB4
2026-05-18T20:25:42Z,0.00,248.20,28.89,S,0.00,0.00,1013.63,84.66,1005.80,2.14,26.04,0.00,0.00,180.00,0.00,79DAAFB4
2026-05-18T20:08:23Z,0.00,248.20,28.88,S,0.00,0.00,1013.63,85.16,1005.80,2.07,26.13,0.00,0.00,180.00,0.00,79DAAFB4
2026-05-18T19:51:15Z,0.00,248.20,29.02,S,0.00,0.00,1013.83,86.78,1006.00,1.83,26.59,0.00,0.00,180.00,0.00,79DAAFB4
2026-05-18T19:34:07Z,0.00,248.20,29.17,S,0.00,0.00,1013.83,87.27,1006.00,1.77,26.83,0.00,0.00,180.00,0.00,79DAAFB4
2026-05-18T19:16:48Z,0.00,248.20,29.28,S,0.00,0.00,1013.93,86.32,1006.10,1.91,26.75,0.00,0.00,180.00,0.00,79DAAFB4
2026-05-18T18:59:29Z,0.00,248.20,29.33,S,0.00,0.00,1014.03,85.27,1006.20,2.06,26.59,0.00,0.00,180.00,0.00,79DAAFB4
2026-05-18T18:42:21Z,0.00,248.20,29.38,S,0.00,0.00,1014.03,83.86,1006.20,2.27,26.36,0.00,0.00,180.00,0.00,79DAAFB4
2026-05-18T18:25:01Z,0.00,248.20,29.36,S,0.00,0.00,1014.23,83.88,1006.40,2.27,26.34,0.00,0.00,180.00,0.00,79DAAFB4
2026-05-18T18:07:52Z,0.00,248.20,29.39,S,0.00,0.00,1014.43,83.51,1006.60,2.32,26.30,0.00,0.00,180.00,0.00,79DAAFB4
2026-05-18T17:50:44Z,0.00,248.20,29.36,S,0.00,0.00,1014.63,84.21,1006.80,2.22,26.41,0.00,0.00,180.00,0.00,79DAAFB4
2026-05-18T17:33:25Z,0.00,248.20,29.35,S,0.00,0.00,1014.73,84.22,1006.90,2.22,26.40,0.00,0.00,180.00,0.00,79DAAFB4
2026-05-18T17:16:17Z,0.00,248.20,29.35,S,0.00,0.00,1015.13,83.87,1007.30,2.27,26.33,0.00,0.00,180.00,0.00,79DAAFB4
2026-05-18T16:59:09Z,0.00,248.20,29.32,S,0.00,0.00,1015.43,84.77,1007.60,2.14,26.48,0.00,0.00,180.00,0.00,79DAAFB4
2026-05-18T16:41:50Z,0.00,248.20,29.40,S,0.00,0.00,1015.73,84.36,1007.90,2.20,26.48,0.00,0.00,180.00,0.00,79DAAFB4
2026-05-18T16:24:42Z,0.00,248.20,29.38,S,0.00,0.00,1015.83,84.22,1008.00,2.22,26.43,0.00,0.00,180.00,0.00,79DAAFB4
2026-05-18T16:07:22Z,0.00,248.20,29.34,S,0.00,0.00,1016.03,84.09,1008.20,2.24,26.37,0.00,0.00,180.00,0.00,79DAAFB4
2026-05-18T15:50:14Z,0.00,248.20,29.30,S,0.00,0.00,1016.03,84.20,1008.20,2.22,26.35,0.00,0.00,180.00,0.00,79DAAFB4
2026-05-18T15:33:05Z,0.00,248.20,29.29,S,0.00,0.00,1015.93,83.68,1008.10,2.30,26.24,0.00,0.00,180.00,0.00,79DAAFB4
2026-05-18T15:15:56Z,0.00,248.20,29.30,S,0.00,0.00,1015.83,84.34,1008.00,2.20,26.38,0.00,0.00,180.00,0.00,79DAAFB4
2026-05-18T14:58:48Z,0.00,248.20,29.21,S,0.00,0.00,1015.83,84.75,1008.00,2.14,26.37,0.00,0.00,180.00,0.00,79DAAFB4
2026-05-18T14:41:39Z,0.00,248.20,29.17,S,0.00,0.00,1015.73,84.23,1007.90,2.21,26.23,0.00,0.00,180.00,0.00,79DAAFB4
2026-05-18T14:24:31Z,0.00,248.20,29.18,S,0.00,0.00,1015.63,85.35,1007.80,2.05,26.46,0.00,0.00,180.00,0.00,79DAAFB4
2026-05-18T14:07:23Z,0.00,248.20,29.23,S,0.00,0.00,1015.43,85.28,1007.60,2.06,26.50,0.00,0.00,180.00,0.00,79DAAFB4
2026-05-18T13:50:15Z,0.00,248.20,29.24,S,0.00,0.00,1015.33,85.52,1007.50,2.02,26.56,0.00,0.00,180.00,0.00,79DAAFB4
2026-05-18T13:32:56Z,0.00,248.20,29.23,S,0.00,0.00,1014.83,85.41,1007.00,2.04,26.52,0.00,0.00,180.00,0.00,79DAAFB4
2026-05-18T13:15:48Z,0.00,248.20,29.17,S,0.00,0.00,1014.73,86.80,1006.90,1.83,26.74,0.00,0.00,180.00,0.00,79DAAFB4
2026-05-18T12:58:28Z,0.00,248.20,29.11,S,0.00,0.00,1014.53,87.00,1006.70,1.80,26.72,0.00,0.00,180.00,0.00,79DAAFB4
2026-05-18T12:41:09Z,0.00,248.20,29.05,S,0.00,0.00,1013.93,86.71,1006.10,1.85,26.60,0.00,0.00,180.00,0.00,79DAAFB4
2026-05-18T12:24:01Z,0.00,248.20,29.07,S,0.00,0.00,1013.93,86.74,1006.10,1.84,26.63,0.00,0.00,180.00,0.00,79DAAFB4
2026-05-18T12:06:41Z,0.00,248.20,29.03,S,0.00,0.00,1014.03,86.78,1006.20,1.83,26.60,0.00,0.00,180.00,0.00,79DAAFB4
2026-05-18T11:49:21Z,0.00,248.20,29.23,S,0.00,0.00,1013.63,87.24,1005.80,1.77,26.88,0.00,0.00,180.00,0.00,79DAAFB4
2026-05-18T11:32:12Z,0.00,248.20,29.33,S,0.00,0.00,1013.63,86.75,1005.80,1.85,26.89,0.00,0.00,180.00,0.00,79DAAFB4
2026-05-18T11:15:04Z,0.00,248.20,29.46,S,0.00,0.00,1013.33,82.09,1005.50,2.54,26.08,0.00,0.00,180.00,0.00,79DAAFB4
2026-05-18T10:57:56Z,0.00,248.20,29.65,S,0.00,0.00,1012.73,87.03,1004.90,1.81,27.26,0.00,0.00,180.00,0.00,79DAAFB4
2026-05-18T10:40:48Z,0.00,248.20,29.51,S,0.00,0.00,1012.23,87.30,1004.40,1.77,27.17,0.00,0.00,180.00,0.00,79DAAFB4
2026-05-18T10:23:40Z,0.00,248.20,29.46,S,0.00,0.00,1012.13,86.72,1004.30,1.85,27.01,0.00,0.00,180.00,0.00,79DAAFB4
2026-05-18T10:06:32Z,0.00,248.20,29.36,S,0.00,0.00,1012.23,86.47,1004.40,1.89,26.86,0.00,0.00,180.00,0.00,79DAAFB4
2026-05-18T09:49:24Z,0.00,248.20,29.28,S,0.00,0.00,1012.13,87.12,1004.30,1.79,26.91,0.00,0.00,180.00,0.00,79DAAFB4
2026-05-18T09:32:05Z,0.00,248.20,29.12,S,0.00,0.00,1012.43,86.00,1004.60,1.95,26.53,0.00,0.00,180.00,0.00,79DAAFB4
2026-05-18T09:14:56Z,0.00,248.20,29.09,S,0.00,0.00,1012.23,87.46,1004.40,1.74,26.79,0.00,0.00,180.00,0.00,79DAAFB4
2026-05-18T08:57:48Z,0.00,248.20,28.83,S,0.00,0.00,1012.13,87.29,1004.30,1.76,26.50,0.00,0.00,180.00,0.00,79DAAFB4
2026-05-18T08:40:40Z,0.00,248.20,28.56,S,0.00,0.00,1011.93,85.35,1004.10,2.03,25.86,0.00,0.00,180.00,0.00,79DAAFB4
2026-05-18T08:23:21Z,0.00,248.20,28.38,S,0.00,0.00,1012.53,87.96,1004.70,1.65,26.19,0.00,0.00,180.00,0.00,79DAAFB4
2026-05-18T08:06:12Z,0.00,248.20,28.20,S,0.00,0.00,1012.23,87.18,1004.40,1.76,25.86,0.00,0.00,180.00,0.00,79DAAFB4
2026-05-18T07:49:03Z,0.00,248.20,28.16,S,0.00,0.00,1012.23,82.41,1004.40,2.45,24.87,0.00,0.00,180.00,0.00,79DAAFB4
2026-05-18T07:31:44Z,0.00,248.20,28.54,S,0.00,0.00,1012.93,82.45,1005.10,2.45,25.25,0.00,0.00,180.00,0.00,79DAAFB4
2026-05-18T07:14:36Z,0.00,248.20,31.20,ESE,7.13,9.94,1012.43,68.29,1004.60,4.76,24.65,0.00,0.00,118.00,4.64,79DAAFB4
2026-05-18T06:57:28Z,0.00,248.20,34.84,S,0.00,0.00,1011.73,59.77,1003.90,6.54,25.85,0.00,0.00,180.00,0.00,79DAAFB4
2026-05-18T06:40:09Z,0.00,248.20,35.91,S,0.00,0.00,1011.73,54.18,1003.90,7.71,25.19,0.00,0.00,180.00,0.00,79DAAFB4
2026-05-18T06:22:50Z,0.00,248.20,35.23,S,0.00,0.00,1012.13,55.91,1004.30,7.29,25.08,0.00,0.00,180.00,0.00,79DAAFB4
2026-05-18T06:05:41Z,0.00,248.20,34.40,S,0.00,0.00,1012.63,60.86,1004.80,6.30,25.74,0.00,0.00,180.00,0.00,79DAAFB4
2026-05-18T05:48:33Z,0.00,248.20,34.11,S,0.00,0.00,1013.03,62.45,1005.20,5.99,25.90,0.00,0.00,180.00,0.00,79DAAFB4
2026-05-18T05:31:25Z,0.00,248.20,33.98,S,0.00,0.00,1013.33,61.23,1005.50,6.19,25.45,0.00,0.00,180.00,0.00,79DAAFB4
2026-05-18T05:14:06Z,0.00,248.20,34.03,S,0.00,0.00,1013.63,62.48,1005.80,5.97,25.84,0.00,0.00,180.00,0.00,79DAAFB4
2026-05-18T04:56:57Z,0.00,248.20,34.13,S,0.00,0.00,1013.73,62.58,1005.90,5.97,25.96,0.00,0.00,180.00,0.00,79DAAFB4
2026-05-18T04:39:48Z,0.00,248.20,33.49,S,0.00,0.00,1013.83,64.09,1006.00,5.65,25.76,0.00,0.00,180.00,0.00,79DAAFB4
2026-05-18T04:22:29Z,0.00,248.20,33.44,S,0.00,0.00,1013.83,63.05,1006.00,5.82,25.43,0.00,0.00,180.00,0.00,79DAAFB4
2026-05-18T04:05:21Z,0.00,248.20,33.06,S,0.00,0.00,1014.03,64.26,1006.20,5.58,25.40,0.00,0.00,180.00,0.00,79DAAFB4
2026-05-18T03:48:13Z,0.00,248.20,32.80,S,0.00,0.00,1013.93,64.50,1006.10,5.52,25.21,0.00,0.00,180.00,0.00,79DAAFB4
2026-05-18T03:30:54Z,0.00,248.20,32.47,S,0.00,0.00,1014.13,69.07,1006.30,4.73,26.05,0.00,0.00,180.00,0.00,79DAAFB4
2026-05-18T03:13:35Z,0.00,248.20,32.15,S,0.00,0.00,1014.33,70.74,1006.50,4.43,26.15,0.00,0.00,180.00,0.00,79DAAFB4
2026-05-18T02:56:26Z,0.00,248.20,31.61,S,0.00,0.00,1014.53,72.45,1006.70,4.12,26.04,0.00,0.00,180.00,0.00,79DAAFB4
2026-05-18T02:39:18Z,0.00,248.20,31.27,S,0.00,0.00,1014.73,73.85,1006.90,3.88,26.04,0.00,0.00,180.00,0.00,79DAAFB4
2026-05-18T02:22:10Z,0.00,248.20,31.12,S,0.00,0.00,1014.83,75.35,1007.00,3.64,26.23,0.00,0.00,180.00,0.00,79DAAFB4
2026-05-18T02:05:01Z,0.00,248.20,30.85,S,0.00,0.00,1015.03,76.33,1007.20,3.47,26.19,0.00,0.00,180.00,0.00,79DAAFB4
2026-05-18T01:47:53Z,0.00,248.20,30.65,S,0.00,0.00,1015.03,77.21,1007.20,3.32,26.19,0.00,0.00,180.00,0.00,79DAAFB4
2026-05-18T01:30:45Z,0.00,248.20,30.33,S,0.00,0.00,1014.93,79.36,1007.10,2.98,26.35,0.00,0.00,180.00,0.00,79DAAFB4
2026-05-18T01:13:37Z,0.00,248.20,30.17,S,0.00,0.00,1014.93,80.38,1007.10,2.82,26.41,0.00,0.00,180.00,0.00,79DAAFB4
2026-05-18T00:56:29Z,0.00,248.20,30.07,S,0.00,0.00,1014.83,81.49,1007.00,2.65,26.55,0.00,0.00,180.00,0.00,79DAAFB4
2026-05-18T00:39:21Z,0.00,248.20,29.80,S,0.00,0.00,1014.63,82.80,1006.80,2.44,26.55,0.00,0.00,180.00,0.00,79DAAFB4
2026-05-18T00:22:13Z,0.00,248.20,29.86,S,0.00,0.00,1014.63,82.72,1006.80,2.46,26.60,0.00,0.00,180.00,0.00,79DAAFB4
2026-05-18T00:04:54Z,0.00,248.20,29.64,S,0.00,0.00,1014.63,83.62,1006.80,2.32,26.57,0.00,0.00,180.00,0.00,79DAAFB4
2026-05-17T23:47:45Z,0.00,248.20,29.56,S,0.00,0.00,1014.63,84.19,1006.80,2.23,26.60,0.00,0.00,180.00,0.00,79DAAFB4
2026-05-17T23:30:37Z,0.00,248.20,29.64,S,0.00,0.00,1014.53,83.61,1006.70,2.32,26.56,0.00,0.00,180.00,0.00,79DAAFB4
2026-05-17T23:13:29Z,0.00,248.20,29.53,S,0.00,0.00,1014.43,84.36,1006.60,2.20,26.61,0.00,0.00,180.00,0.00,79DAAFB4
2026-05-17T22:56:21Z,0.00,248.20,19.66,S,0.00,0.00,678.73,56.02,670.90,5.47,10.65,0.00,0.00,180.00,0.00,79DAAFB4
2026-05-17T22:39:13Z,0.00,248.20,29.61,S,0.00,0.00,1014.13,83.81,1006.30,2.29,26.57,0.00,0.00,180.00,0.00,79DAAFB4
2026-05-17T22:18:44Z,0.00,248.20,29.62,S,0.00,0.00,1013.93,83.67,1006.10,2.31,26.56,0.00,0.00,180.00,0.00,79DAAFB4
2026-05-17T22:01:36Z,0.00,248.20,29.69,S,0.00,0.00,1013.83,83.18,1006.00,2.38,26.52,0.00,0.00,180.00,0.00,79DAAFB4
2026-05-17T21:44:28Z,0.00,248.20,29.69,S,0.00,0.00,1013.73,82.80,1005.90,2.44,26.45,0.00,0.00,180.00,0.00,79DAAFB4
2026-05-17T21:27:20Z,0.00,248.20,29.78,S,0.00,0.00,1013.63,82.65,1005.80,2.46,26.50,0.00,0.00,180.00,0.00,79DAAFB4
2026-05-17T21:10:12Z,0.00,248.20,29.77,S,0.00,0.00,1013.83,82.75,1006.00,2.45,26.51,0.00,0.00,180.00,0.00,79DAAFB4
2026-05-17T20:52:53Z,0.00,248.20,29.84,S,0.00,0.00,1013.83,82.28,1006.00,2.52,26.49,0.00,0.00,180.00,0.00,79DAAFB4
2026-05-17T20:35:44Z,0.00,248.20,29.86,S,0.00,0.00,1014.03,82.23,1006.20,2.53,26.50,0.00,0.00,180.00,0.00,79DAAFB4
2026-05-17T20:18:36Z,0.00,248.20,29.80,S,0.00,0.00,1014.03,81.52,1006.20,2.63,26.29,0.00,0.00,180.00,0.00,79DAAFB4
2026-05-17T20:01:28Z,0.00,248.20,29.84,S,0.00,0.00,1014.13,81.76,1006.30,2.60,26.38,0.00,0.00,180.00,0.00,79DAAFB4
2026-05-17T19:44:09Z,0.00,248.20,29.82,S,0.00,0.00,1014.03,81.47,1006.20,2.64,26.30,0.00,0.00,180.00,0.00,79DAAFB4
2026-05-17T19:27:00Z,0.00,248.20,29.80,S,0.00,0.00,1014.13,81.46,1006.30,2.64,26.28,0.00,0.00,180.00,0.00,79DAAFB4
2026-05-17T19:09:51Z,0.00,248.20,29.86,S,0.00,0.00,1014.23,80.92,1006.40,2.73,26.22,0.00,0.00,180.00,0.00,79DAAFB4
2026-05-17T18:52:32Z,0.00,248.20,29.86,S,0.00,0.00,1014.33,81.06,1006.50,2.71,26.25,0.00,0.00,180.00,0.00,79DAAFB4
2026-05-17T18:35:24Z,0.00,248.20,29.81,S,0.00,0.00,1014.53,81.14,1006.70,2.69,26.22,0.00,0.00,180.00,0.00,79DAAFB4
2026-05-17T18:18:16Z,0.00,248.20,29.96,S,0.00,0.00,1014.63,80.19,1006.80,2.84,26.17,0.00,0.00,180.00,0.00,79DAAFB4
2026-05-17T18:00:57Z,0.00,248.20,29.92,S,0.00,0.00,1014.93,79.27,1007.10,2.98,25.93,0.00,0.00,180.00,0.00,79DAAFB4
2026-05-17T17:43:38Z,0.00,248.20,30.03,S,0.00,0.00,1015.03,78.87,1007.20,3.04,25.95,0.00,0.00,180.00,0.00,79DAAFB4
2026-05-17T17:26:30Z,0.00,248.20,30.09,S,0.00,0.00,1015.43,79.08,1007.60,3.01,26.06,0.00,0.00,180.00,0.00,79DAAFB4
2026-05-17T17:09:10Z,0.00,248.20,30.16,S,0.00,0.00,1015.73,78.45,1007.90,3.11,25.99,0.00,0.00,180.00,0.00,79DAAFB4
2026-05-17T16:52:01Z,0.00,248.20,30.32,S,0.00,0.00,1015.93,77.01,1008.10,3.34,25.83,0.00,0.00,180.00,0.00,79DAAFB4
2026-05-17T16:34:53Z,0.00,248.20,30.41,S,0.00,0.00,1016.13,77.24,1008.30,3.31,25.97,0.00,0.00,180.00,0.00,79DAAFB4
2026-05-17T16:17:45Z,0.00,248.20,30.48,S,0.00,0.00,1016.23,76.36,1008.40,3.45,25.84,0.00,0.00,180.00,0.00,79DAAFB4
2026-05-17T16:00:37Z,0.00,248.20,30.51,S,0.00,0.00,1016.23,75.70,1008.40,3.55,25.72,0.00,0.00,180.00,0.00,79DAAFB4
2026-05-17T15:43:29Z,0.00,248.20,30.56,S,0.00,0.00,1016.43,75.93,1008.60,3.52,25.82,0.00,0.00,180.00,0.00,79DAAFB4
2026-05-17T15:26:21Z,0.00,248.20,30.53,S,0.00,0.00,1016.43,75.48,1008.60,3.58,25.70,0.00,0.00,180.00,0.00,79DAAFB4
2026-05-17T15:09:13Z,0.00,248.20,30.51,S,0.00,0.00,1016.33,74.21,1008.50,3.78,25.39,0.00,0.00,180.00,0.00,79DAAFB4
2026-05-17T14:51:54Z,0.00,248.20,30.43,S,0.00,0.00,1016.33,74.49,1008.50,3.73,25.38,0.00,0.00,180.00,0.00,79DAAFB4
2026-05-17T14:34:45Z,0.00,248.20,30.32,S,0.00,0.00,1016.13,75.25,1008.30,3.61,25.44,0.00,0.00,180.00,0.00,79DAAFB4
2026-05-17T14:17:37Z,0.00,248.20,30.36,S,0.00,0.00,1015.93,75.56,1008.10,3.56,25.55,0.00,0.00,180.00,0.00,79DAAFB4
2026-05-17T14:00:29Z,0.00,248.20,30.40,S,0.00,0.00,1015.83,75.80,1008.00,3.53,25.64,0.00,0.00,180.00,0.00,79DAAFB4
2026-05-17T13:43:10Z,0.00,248.20,30.36,S,0.00,0.00,1015.43,75.33,1007.60,3.60,25.50,0.00,0.00,180.00,0.00,79DAAFB4
2026-05-17T13:26:01Z,0.00,248.20,30.40,S,0.00,0.00,1015.03,75.09,1007.20,3.64,25.48,0.00,0.00,180.00,0.00,79DAAFB4
2026-05-17T13:08:52Z,0.00,248.20,30.26,S,0.00,0.00,1014.53,75.71,1006.70,3.54,25.49,0.00,0.00,180.00,0.00,79DAAFB4
2026-05-17T12:51:33Z,0.00,248.20,30.23,S,0.00,0.00,1014.23,75.41,1006.40,3.58,25.39,0.00,0.00,180.00,0.00,79DAAFB4
2026-05-17T12:34:25Z,0.00,248.20,30.19,S,0.00,0.00,1014.13,74.74,1006.30,3.68,25.20,0.00,0.00,180.00,0.00,79DAAFB4
2026-05-17T12:17:17Z,0.00,248.20,30.33,S,0.00,0.00,1013.93,74.74,1006.10,3.69,25.34,0.00,0.00,180.00,0.00,79DAAFB4
2026-05-17T11:59:58Z,0.00,248.20,30.35,S,0.00,0.00,1013.73,74.61,1005.90,3.71,25.33,0.00,0.00,180.00,0.00,79DAAFB4
2026-05-17T11:42:39Z,0.00,248.20,30.36,S,0.00,0.00,1013.63,73.89,1005.80,3.82,25.17,0.00,0.00,180.00,0.00,79DAAFB4
2026-05-17T11:25:31Z,0.00,248.20,30.26,S,0.00,0.00,1013.23,73.16,1005.40,3.93,24.91,0.00,0.00,180.00,0.00,79DAAFB4
2026-05-17T11:08:11Z,0.00,248.20,30.36,S,0.00,0.00,1013.03,71.98,1005.20,4.12,24.73,0.00,0.00,180.00,0.00,79DAAFB4
2026-05-17T10:51:02Z,0.00,248.20,30.38,S,0.00,0.00,1012.43,70.53,1004.60,4.35,24.41,0.00,0.00,180.00,0.00,79DAAFB4
2026-05-17T10:33:54Z,0.00,248.20,30.35,S,0.00,0.00,1011.83,67.48,1004.00,4.83,23.65,0.00,0.00,180.00,0.00,79DAAFB4
2026-05-17T10:16:46Z,0.00,248.20,30.86,S,0.00,0.00,1011.93,65.82,1004.10,5.13,23.72,0.00,0.00,180.00,0.00,79DAAFB4
2026-05-17T09:59:38Z,0.00,248.20,30.74,S,0.00,0.00,1011.73,66.12,1003.90,5.08,23.68,0.00,0.00,180.00,0.00,79DAAFB4
2026-05-17T09:42:30Z,0.00,248.20,30.48,S,0.00,0.00,1011.73,68.71,1003.90,4.64,24.07,0.00,0.00,180.00,0.00,79DAAFB4
2026-05-17T09:25:22Z,0.00,248.20,30.08,S,0.00,0.00,1011.63,71.15,1003.80,4.23,24.27,0.00,0.00,180.00,0.00,79DAAFB4
2026-05-17T09:08:03Z,0.00,248.20,30.43,S,0.00,0.00,1011.63,71.70,1003.80,4.17,24.74,0.00,0.00,180.00,0.00,79DAAFB4
2026-05-17T08:50:44Z,0.00,248.20,31.43,S,0.00,0.00,1011.83,66.83,1004.00,5.02,24.51,0.00,0.00,180.00,0.00,79DAAFB4
2026-05-17T08:33:36Z,0.00,248.20,35.54,SE,9.50,12.64,1012.03,58.41,1004.20,6.86,26.11,0.00,0.00,145.00,6.16,79DAAFB4
2026-05-17T08:16:16Z,0.00,248.20,37.27,S,0.00,0.00,1010.73,49.68,1002.90,8.79,24.98,0.00,0.00,180.00,0.00,79DAAFB4
2026-05-17T07:59:07Z,0.00,248.20,38.83,S,0.00,0.00,1010.73,47.86,1002.90,9.40,25.77,0.00,0.00,180.00,0.00,79DAAFB4
2026-05-17T07:41:59Z,0.00,248.20,38.67,S,0.00,0.00,1011.03,47.62,1003.20,9.43,25.54,0.00,0.00,180.00,0.00,79DAAFB4
2026-05-17T07:24:51Z,0.00,248.20,37.86,S,0.00,0.00,1011.03,51.59,1003.20,8.48,26.15,0.00,0.00,180.00,0.00,79DAAFB4
2026-05-17T07:07:43Z,0.00,248.20,36.55,S,0.00,0.00,1011.23,53.54,1003.40,7.91,25.58,0.00,0.00,180.00,0.00,79DAAFB4
2026-05-17T06:50:35Z,0.00,248.20,36.08,S,0.00,0.00,1011.73,55.37,1003.90,7.50,25.71,0.00,0.00,180.00,0.00,79DAAFB4
2026-05-17T06:33:27Z,0.00,248.20,35.69,S,0.00,0.00,1012.13,55.15,1004.30,7.49,25.28,0.00,0.00,180.00,0.00,79DAAFB4
2026-05-17T06:16:19Z,0.00,248.20,35.30,S,0.00,0.00,1012.23,54.79,1004.40,7.52,24.81,0.00,0.00,180.00,0.00,79DAAFB4
2026-05-17T05:59:00Z,0.00,248.20,34.96,S,0.00,0.00,1012.63,57.10,1004.80,7.04,25.19,0.00,0.00,180.00,0.00,79DAAFB4
2026-05-17T05:41:51Z,0.00,248.20,34.71,S,0.00,0.00,1013.03,59.57,1005.20,6.56,25.67,0.00,0.00,180.00,0.00,79DAAFB4
2026-05-17T05:24:43Z,0.00,248.20,34.55,S,0.00,0.00,1013.33,60.03,1005.50,6.46,25.65,0.00,0.00,180.00,0.00,79DAAFB4
2026-05-17T05:07:35Z,0.00,248.20,34.45,S,0.00,0.00,1013.83,60.98,1006.00,6.28,25.82,0.00,0.00,180.00,0.00,79DAAFB4
2026-05-17T04:50:16Z,0.00,248.20,34.31,S,0.00,0.00,1014.13,63.11,1006.30,5.89,26.27,0.00,0.00,180.00,0.00,79DAAFB4
2026-05-17T04:33:07Z,0.00,248.20,34.14,S,0.00,0.00,1014.43,63.91,1006.60,5.73,26.32,0.00,0.00,180.00,0.00,79DAAFB4
2026-05-17T04:15:58Z,0.00,248.20,33.74,S,0.00,0.00,1014.63,66.55,1006.80,5.24,26.63,0.00,0.00,180.00,0.00,79DAAFB4
2026-05-17T03:58:39Z,0.00,248.20,33.43,S,0.00,0.00,1014.93,68.23,1007.10,4.94,26.76,0.00,0.00,180.00,0.00,79DAAFB4
2026-05-17T03:41:31Z,0.00,248.20,32.80,S,0.00,0.00,1015.13,72.00,1007.30,4.27,27.08,0.00,0.00,180.00,0.00,79DAAFB4
2026-05-17T03:24:23Z,0.00,248.20,32.10,S,0.00,0.00,1015.13,73.53,1007.30,3.98,26.76,0.00,0.00,180.00,0.00,79DAAFB4
2026-05-17T03:07:04Z,0.00,248.20,31.97,S,0.00,0.00,1015.13,74.47,1007.30,3.82,26.85,0.00,0.00,180.00,0.00,79DAAFB4
2026-05-17T02:49:45Z,0.00,248.20,31.56,S,0.00,0.00,1015.23,75.29,1007.40,3.67,26.65,0.00,0.00,180.00,0.00,79DAAFB4
2026-05-17T02:32:36Z,0.00,248.20,31.31,S,0.00,0.00,1015.13,75.42,1007.30,3.64,26.43,0.00,0.00,180.00,0.00,79DAAFB4
2026-05-17T02:15:28Z,0.00,248.20,30.94,S,0.00,0.00,1015.13,78.16,1007.30,3.19,26.68,0.00,0.00,180.00,0.00,79DAAFB4
2026-05-17T01:58:20Z,0.00,248.20,30.49,S,0.00,0.00,1015.13,79.57,1007.30,2.96,26.55,0.00,0.00,180.00,0.00,79DAAFB4
2026-05-17T01:41:01Z,0.00,248.20,30.20,S,0.00,0.00,1015.13,80.51,1007.30,2.80,26.47,0.00,0.00,180.00,0.00,79DAAFB4
2026-05-17T01:23:52Z,0.00,248.20,30.12,S,0.00,0.00,1015.03,80.86,1007.20,2.75,26.46,0.00,0.00,180.00,0.00,79DAAFB4
2026-05-17T01:06:43Z,0.00,248.20,29.78,S,0.00,0.00,1014.83,82.37,1007.00,2.51,26.45,0.00,0.00,180.00,0.00,79DAAFB4
2026-05-17T00:49:24Z,0.00,248.20,29.58,S,0.00,0.00,1014.63,83.92,1006.80,2.27,26.57,0.00,0.00,180.00,0.00,79DAAFB4
2026-05-17T00:32:16Z,0.00,248.20,29.30,S,0.00,0.00,1014.63,84.58,1006.80,2.16,26.43,0.00,0.00,180.00,0.00,79DAAFB4
2026-05-17T00:15:08Z,0.00,248.20,29.18,S,0.00,0.00,1014.53,84.87,1006.70,2.12,26.37,0.00,0.00,180.00,0.00,79DAAFB4
2026-05-16T23:57:49Z,0.00,248.20,28.87,S,0.00,0.00,1014.23,85.11,1006.40,2.07,26.11,0.00,0.00,180.00,0.00,79DAAFB4
2026-05-16T23:40:30Z,0.00,248.20,28.55,S,0.00,0.00,1013.93,84.53,1006.10,2.15,25.68,0.00,0.00,180.00,0.00,79DAAFB4
2026-05-16T23:23:21Z,0.00,248.20,28.61,S,0.00,0.00,1013.83,85.42,1006.00,2.02,25.92,0.00,0.00,180.00,0.00,79DAAFB4
2026-05-16T23:06:13Z,0.00,248.20,28.50,S,0.00,0.00,1013.63,85.74,1005.80,1.97,25.87,0.00,0.00,180.00,0.00,79DAAFB4
2026-05-16T22:49:05Z,0.00,248.20,28.43,S,0.00,0.00,1013.43,86.68,1005.60,1.84,25.99,0.00,0.00,180.00,0.00,79DAAFB4
2026-05-16T22:31:57Z,0.00,248.20,18.88,S,0.00,0.00,678.23,57.76,670.40,5.16,10.38,0.00,0.00,180.00,0.00,79DAAFB4
2026-05-16T22:14:49Z,0.00,248.20,28.33,S,0.00,0.00,1013.83,86.95,1006.00,1.79,25.94,0.00,0.00,180.00,0.00,79DAAFB4
2026-05-16T21:57:41Z,0.00,248.20,28.28,S,0.00,0.00,1014.03,86.54,1006.20,1.85,25.82,0.00,0.00,180.00,0.00,79DAAFB4
2026-05-16T21:40:33Z,0.00,248.20,28.32,S,0.00,0.00,1013.93,86.49,1006.10,1.86,25.84,0.00,0.00,180.00,0.00,79DAAFB4
2026-05-16T21:23:14Z,0.00,248.20,28.23,S,0.00,0.00,1013.93,86.91,1006.10,1.80,25.84,0.00,0.00,180.00,0.00,79DAAFB4
2026-05-16T21:06:06Z,0.00,248.20,28.32,S,0.00,0.00,1014.03,86.42,1006.20,1.87,25.83,0.00,0.00,180.00,0.00,79DAAFB4
2026-05-16T20:48:46Z,0.00,248.20,28.40,S,0.00,0.00,1014.23,86.12,1006.40,1.92,25.85,0.00,0.00,180.00,0.00,79DAAFB4
2026-05-16T20:31:27Z,0.00,248.20,28.48,S,0.00,0.00,1014.33,86.30,1006.50,1.89,25.96,0.00,0.00,180.00,0.00,79DAAFB4
2026-05-16T20:14:19Z,0.00,248.20,28.41,S,0.00,0.00,1014.23,87.41,1006.40,1.73,26.11,0.00,0.00,180.00,0.00,79DAAFB4
2026-05-16T19:57:10Z,0.00,248.20,28.41,S,0.00,0.00,1014.13,87.63,1006.30,1.70,26.15,0.00,0.00,180.00,0.00,79DAAFB4
2026-05-16T19:40:02Z,0.00,248.20,28.45,S,0.00,0.00,1014.13,87.78,1006.30,1.68,26.22,0.00,0.00,180.00,0.00,79DAAFB4
2026-05-16T19:19:22Z,0.00,248.20,28.34,S,0.00,0.00,1014.33,87.49,1006.50,1.72,26.06,0.00,0.00,180.00,0.00,79DAAFB4
2026-05-16T19:02:13Z,0.00,248.20,28.28,S,0.00,0.00,1014.43,88.37,1006.60,1.59,26.17,0.00,0.00,180.00,0.00,79DAAFB4
2026-05-16T18:45:04Z,0.00,248.20,28.26,S,0.00,0.00,1014.53,87.19,1006.70,1.76,25.92,0.00,0.00,180.00,0.00,79DAAFB4
2026-05-16T18:27:45Z,0.00,248.20,28.23,S,0.00,0.00,1014.73,86.85,1006.90,1.81,25.83,0.00,0.00,180.00,0.00,79DAAFB4
2026-05-16T18:10:37Z,0.00,248.20,28.20,S,0.00,0.00,1014.93,86.89,1007.10,1.80,25.80,0.00,0.00,180.00,0.00,79DAAFB4
2026-05-16T17:53:29Z,0.00,248.20,28.25,S,0.00,0.00,1015.23,85.28,1007.40,2.03,25.54,0.00,0.00,180.00,0.00,79DAAFB4
2026-05-16T17:36:10Z,0.00,248.20,28.16,S,0.00,0.00,1015.33,84.97,1007.50,2.08,25.39,0.00,0.00,180.00,0.00,79DAAFB4
2026-05-16T17:18:51Z,0.00,248.20,28.13,S,0.00,0.00,1015.13,86.23,1007.30,1.89,25.61,0.00,0.00,180.00,0.00,79DAAFB4
2026-05-16T17:01:43Z,0.00,248.20,28.24,S,0.00,0.00,1015.23,86.91,1007.40,1.80,25.85,0.00,0.00,180.00,0.00,79DAAFB4
2026-05-16T16:44:23Z,0.00,248.20,28.25,S,0.00,0.00,1015.33,87.13,1007.50,1.77,25.90,0.00,0.00,180.00,0.00,79DAAFB4
2026-05-16T16:27:14Z,0.00,248.20,28.13,S,0.00,0.00,1015.63,85.96,1007.80,1.93,25.55,0.00,0.00,180.00,0.00,79DAAFB4
2026-05-16T16:10:06Z,0.00,248.20,28.15,S,0.00,0.00,1015.83,85.49,1008.00,2.00,25.48,0.00,0.00,180.00,0.00,79DAAFB4
2026-05-16T15:52:58Z,0.00,248.20,28.07,S,0.00,0.00,1016.03,85.50,1008.20,2.00,25.41,0.00,0.00,180.00,0.00,79DAAFB4
2026-05-16T15:35:50Z,0.00,248.20,27.83,S,0.00,0.00,1016.43,85.64,1008.60,1.97,25.20,0.00,0.00,180.00,0.00,79DAAFB4
2026-05-16T15:18:42Z,0.00,248.20,27.63,S,0.00,0.00,1016.13,84.31,1008.30,2.16,24.74,0.00,0.00,180.00,0.00,79DAAFB4
2026-05-16T15:01:34Z,0.00,248.20,27.43,S,0.00,0.00,1016.23,84.11,1008.40,2.18,24.50,0.00,0.00,180.00,0.00,79DAAFB4
2026-05-16T14:44:26Z,0.00,248.20,27.43,S,0.00,0.00,1015.43,82.87,1007.60,2.36,24.26,0.00,0.00,180.00,0.00,79DAAFB4
2026-05-16T14:27:07Z,0.00,248.20,27.98,S,0.00,0.00,1015.93,80.97,1008.10,2.65,24.40,0.00,0.00,180.00,0.00,79DAAFB4
2026-05-16T14:09:58Z,0.00,248.20,28.56,S,0.00,0.00,1016.43,79.70,1008.60,2.86,24.70,0.00,0.00,180.00,0.00,79DAAFB4
2026-05-16T13:52:50Z,0.00,248.20,29.31,S,0.00,0.00,1015.43,81.51,1007.60,2.62,25.81,0.00,0.00,180.00,0.00,79DAAFB4
2026-05-16T13:35:42Z,0.00,248.20,29.39,S,0.00,0.00,1015.13,81.04,1007.30,2.69,25.79,0.00,0.00,180.00,0.00,79DAAFB4
2026-05-16T13:18:23Z,0.00,248.20,29.59,S,0.00,0.00,1014.83,79.84,1007.00,2.88,25.73,0.00,0.00,180.00,0.00,79DAAFB4
2026-05-16T13:01:14Z,0.00,248.20,29.57,S,0.00,0.00,1014.43,80.28,1006.60,2.81,25.81,0.00,0.00,180.00,0.00,79DAAFB4
2026-05-16T12:44:05Z,0.00,248.20,29.49,S,0.00,0.00,1014.33,82.37,1006.50,2.50,26.16,0.00,0.00,180.00,0.00,79DAAFB4
2026-05-16T12:26:46Z,0.00,248.20,29.52,S,0.00,0.00,1014.13,84.63,1006.30,2.16,26.65,0.00,0.00,180.00,0.00,79DAAFB4
2026-05-16T12:09:38Z,0.00,248.20,29.54,S,0.00,0.00,1013.63,83.54,1005.80,2.32,26.45,0.00,0.00,180.00,0.00,79DAAFB4
2026-05-16T11:52:30Z,0.00,248.20,29.93,S,0.00,0.00,1013.63,80.73,1005.80,2.76,26.25,0.00,0.00,180.00,0.00,79DAAFB4
2026-05-16T11:35:11Z,0.00,248.20,30.53,S,0.00,0.00,1013.33,79.92,1005.50,2.90,26.66,0.00,0.00,180.00,0.00,79DAAFB4
2026-05-16T11:17:52Z,0.00,248.20,31.46,S,0.00,0.00,1012.93,71.77,1005.10,4.22,25.74,0.00,0.00,180.00,0.00,79DAAFB4
2026-05-16T11:00:43Z,0.00,248.20,32.64,S,0.00,0.00,1012.33,63.27,1004.50,5.71,24.74,0.00,0.00,180.00,0.00,79DAAFB4
2026-05-16T10:43:35Z,0.00,248.20,33.59,S,0.00,0.00,1011.63,58.38,1003.80,6.66,24.28,0.00,0.00,180.00,0.00,79DAAFB4
2026-05-16T10:26:27Z,0.00,248.20,34.67,S,0.00,0.00,1011.43,61.20,1003.60,6.26,26.09,0.00,0.00,180.00,0.00,79DAAFB4
2026-05-16T10:09:08Z,0.00,248.20,34.96,S,0.00,0.00,1010.93,58.26,1003.10,6.83,25.53,0.00,0.00,180.00,0.00,79DAAFB4
2026-05-16T09:51:59Z,0.00,248.20,35.29,S,0.00,0.00,1010.73,55.93,1002.90,7.30,25.15,0.00,0.00,180.00,0.00,79DAAFB4
2026-05-16T09:34:50Z,0.00,248.20,35.64,S,0.00,0.00,1010.53,55.47,1002.70,7.43,25.33,0.00,0.00,180.00,0.00,79DAAFB4
2026-05-16T09:17:31Z,0.00,248.20,36.20,S,0.00,0.00,1010.43,54.43,1002.60,7.69,25.53,0.00,0.00,180.00,0.00,79DAAFB4
2026-05-16T09:00:23Z,0.00,248.20,36.21,S,0.00,0.00,1010.63,53.89,1002.80,7.80,25.37,0.00,0.00,180.00,0.00,79DAAFB4
2026-05-16T08:43:15Z,0.00,248.20,36.43,S,0.00,0.00,1011.03,52.30,1003.20,8.14,25.07,0.00,0.00,180.00,0.00,79DAAFB4
2026-05-16T08:25:56Z,0.00,248.20,37.05,S,0.00,0.00,1011.03,50.83,1003.20,8.52,25.16,0.00,0.00,180.00,0.00,79DAAFB4
2026-05-16T08:08:37Z,0.00,248.20,37.62,S,0.00,0.00,1011.33,49.00,1003.50,8.98,25.06,0.00,0.00,180.00,0.00,79DAAFB4
2026-05-16T07:51:29Z,0.00,248.20,38.24,S,0.00,0.00,1011.43,48.62,1003.60,9.15,25.50,0.00,0.00,180.00,0.00,79DAAFB4
2026-05-16T07:34:09Z,0.00,248.20,37.03,S,0.00,0.00,1011.63,55.59,1003.80,7.57,26.66,0.00,0.00,180.00,0.00,79DAAFB4
2026-05-16T07:17:00Z,0.00,248.20,36.34,S,0.00,0.00,1011.83,55.77,1004.00,7.45,26.07,0.00,0.00,180.00,0.00,79DAAFB4
2026-05-16T06:59:52Z,0.00,248.20,36.78,S,0.00,0.00,1012.03,53.86,1004.20,7.88,25.89,0.00,0.00,180.00,0.00,79DAAFB4
2026-05-16T06:42:44Z,0.00,248.20,36.15,S,0.00,0.00,1012.33,56.10,1004.50,7.37,25.99,0.00,0.00,180.00,0.00,79DAAFB4
2026-05-16T06:25:36Z,0.00,248.20,35.73,S,0.00,0.00,1012.83,57.12,1005.00,7.12,25.91,0.00,0.00,180.00,0.00,79DAAFB4
2026-05-16T06:08:28Z,0.00,248.20,35.35,S,0.00,0.00,1013.03,59.39,1005.20,6.66,26.22,0.00,0.00,180.00,0.00,79DAAFB4
2026-05-16T05:51:20Z,0.00,248.20,34.86,S,0.00,0.00,1013.33,60.15,1005.50,6.47,25.97,0.00,0.00,180.00,0.00,79DAAFB4
2026-05-16T05:34:01Z,0.00,248.20,34.33,S,0.00,0.00,1013.53,62.17,1005.70,6.06,26.03,0.00,0.00,180.00,0.00,79DAAFB4
2026-05-16T05:16:42Z,0.00,248.20,34.15,S,0.00,0.00,1013.83,63.38,1006.00,5.83,26.19,0.00,0.00,180.00,0.00,79DAAFB4
2026-05-16T04:59:34Z,0.00,248.20,34.03,S,0.00,0.00,1014.03,63.43,1006.20,5.81,26.09,0.00,0.00,180.00,0.00,79DAAFB4
2026-05-16T04:42:14Z,0.00,248.20,33.79,S,0.00,0.00,1014.23,64.16,1006.40,5.66,26.06,0.00,0.00,180.00,0.00,79DAAFB4
2026-05-16T04:25:05Z,0.00,248.20,33.48,S,0.00,0.00,1014.43,63.16,1006.60,5.80,25.50,0.00,0.00,180.00,0.00,79DAAFB4
2026-05-16T04:07:57Z,0.00,248.20,33.15,S,0.00,0.00,1014.73,64.49,1006.90,5.55,25.54,0.00,0.00,180.00,0.00,79DAAFB4
2026-05-16T03:50:49Z,0.00,248.20,32.84,S,0.00,0.00,1015.03,66.61,1007.20,5.16,25.79,0.00,0.00,180.00,0.00,79DAAFB4
2026-05-16T03:33:41Z,0.00,248.20,32.59,S,0.00,0.00,1015.23,67.28,1007.40,5.03,25.73,0.00,0.00,180.00,0.00,79DAAFB4
2026-05-16T03:16:33Z,0.00,248.20,32.22,S,0.00,0.00,1015.43,68.10,1007.60,4.87,25.58,0.00,0.00,180.00,0.00,79DAAFB4
2026-05-16T02:59:25Z,0.00,248.20,31.95,S,0.00,0.00,1015.53,68.74,1007.70,4.74,25.48,0.00,0.00,180.00,0.00,79DAAFB4
2026-05-16T02:42:06Z,0.00,248.20,31.66,S,0.00,0.00,1015.63,71.10,1007.80,4.34,25.77,0.00,0.00,180.00,0.00,79DAAFB4
2026-05-16T02:24:47Z,0.00,248.20,31.35,S,0.00,0.00,1015.73,71.71,1007.90,4.22,25.62,0.00,0.00,180.00,0.00,79DAAFB4
2026-05-16T02:07:39Z,0.00,248.20,31.24,S,0.00,0.00,1015.93,72.68,1008.10,4.06,25.74,0.00,0.00,180.00,0.00,79DAAFB4
2026-05-16T01:50:19Z,0.00,248.20,30.85,S,0.00,0.00,1016.03,73.93,1008.20,3.84,25.65,0.00,0.00,180.00,0.00,79DAAFB4
2026-05-16T01:33:10Z,0.00,248.20,30.68,S,0.00,0.00,1015.93,73.28,1008.10,3.94,25.34,0.00,0.00,180.00,0.00,79DAAFB4
2026-05-16T01:16:02Z,0.00,248.20,30.55,S,0.00,0.00,1015.73,73.77,1007.90,3.85,25.33,0.00,0.00,180.00,0.00,79DAAFB4
2026-05-16T00:58:43Z,0.00,248.20,30.34,S,0.00,0.00,1015.73,74.41,1007.90,3.74,25.27,0.00,0.00,180.00,0.00,79DAAFB4
2026-05-16T00:41:34Z,0.00,248.20,30.12,S,0.00,0.00,1015.73,74.81,1007.90,3.67,25.15,0.00,0.00,180.00,0.00,79DAAFB4
2026-05-16T00:24:15Z,0.00,248.20,29.97,S,0.00,0.00,1015.63,75.77,1007.80,3.51,25.22,0.00,0.00,180.00,0.00,79DAAFB4
2026-05-16T00:07:07Z,0.00,248.20,29.76,S,0.00,0.00,1015.43,78.08,1007.60,3.15,25.52,0.00,0.00,180.00,0.00,79DAAFB4
2026-05-15T23:49:59Z,0.00,248.20,29.66,S,0.00,0.00,1015.43,79.34,1007.60,2.96,25.70,0.00,0.00,180.00,0.00,79DAAFB4
2026-05-15T23:32:40Z,0.00,248.20,29.80,S,0.00,0.00,1015.23,82.18,1007.40,2.54,26.43,0.00,0.00,180.00,0.00,79DAAFB4
2026-05-15T23:15:21Z,0.00,248.20,29.84,S,0.00,0.00,1015.13,80.38,1007.30,2.81,26.09,0.00,0.00,180.00,0.00,79DAAFB4
2026-05-15T22:58:13Z,0.00,248.20,29.99,S,0.00,0.00,1015.03,80.96,1007.20,2.73,26.36,0.00,0.00,180.00,0.00,79DAAFB4
2026-05-15T22:40:53Z,0.00,248.20,30.04,S,0.00,0.00,1014.83,81.31,1007.00,2.67,26.48,0.00,0.00,180.00,0.00,79DAAFB4
2026-05-15T22:23:44Z,0.00,248.20,30.01,S,0.00,0.00,1014.73,81.85,1006.90,2.59,26.56,0.00,0.00,180.00,0.00,79DAAFB4
2026-05-15T22:06:36Z,0.00,248.20,29.97,S,0.00,0.00,1014.53,81.48,1006.70,2.65,26.45,0.00,0.00,180.00,0.00,79DAAFB4
2026-05-15T21:49:17Z,0.00,248.20,30.01,S,0.00,0.00,1014.23,80.87,1006.40,2.74,26.36,0.00,0.00,180.00,0.00,79DAAFB4
2026-05-15T21:32:09Z,0.00,248.20,30.13,S,0.00,0.00,1014.03,80.24,1006.20,2.84,26.34,0.00,0.00,180.00,0.00,79DAAFB4
2026-05-15T21:15:01Z,0.00,248.20,30.14,S,0.00,0.00,1014.03,79.79,1006.20,2.91,26.26,0.00,0.00,180.00,0.00,79DAAFB4
2026-05-15T20:57:42Z,0.00,248.20,30.13,S,0.00,0.00,1014.33,79.71,1006.50,2.92,26.23,0.00,0.00,180.00,0.00,79DAAFB4
2026-05-15T20:40:34Z,0.00,248.20,30.17,S,0.00,0.00,1014.33,79.95,1006.50,2.88,26.32,0.00,0.00,180.00,0.00,79DAAFB4
2026-05-15T20:23:14Z,0.00,248.20,30.15,S,0.00,0.00,1014.33,80.84,1006.50,2.75,26.49,0.00,0.00,180.00,0.00,79DAAFB4
2026-05-15T20:06:06Z,0.00,248.20,30.14,S,0.00,0.00,1014.33,80.83,1006.50,2.75,26.48,0.00,0.00,180.00,0.00,79DAAFB4
2026-05-15T19:48:57Z,0.00,248.20,30.07,S,0.00,0.00,1014.43,80.96,1006.60,2.73,26.44,0.00,0.00,180.00,0.00,79DAAFB4
2026-05-15T19:31:48Z,0.00,248.20,30.12,S,0.00,0.00,1014.33,80.39,1006.50,2.82,26.36,0.00,0.00,180.00,0.00,79DAAFB4
2026-05-15T19:14:40Z,0.00,248.20,30.12,S,0.00,0.00,1014.43,80.54,1006.60,2.79,26.40,0.00,0.00,180.00,0.00,79DAAFB4
2026-05-15T18:57:31Z,0.00,248.20,30.08,S,0.00,0.00,1014.43,80.85,1006.60,2.75,26.42,0.00,0.00,180.00,0.00,79DAAFB4
2026-05-15T18:40:23Z,0.00,248.20,29.92,S,0.00,0.00,1014.33,80.89,1006.50,2.73,26.28,0.00,0.00,180.00,0.00,79DAAFB4
2026-05-15T18:23:15Z,0.00,248.20,29.89,S,0.00,0.00,1014.53,80.59,1006.70,2.78,26.18,0.00,0.00,180.00,0.00,79DAAFB4
2026-05-15T18:06:07Z,0.00,248.20,29.96,S,0.00,0.00,1014.63,80.27,1006.80,2.83,26.18,0.00,0.00,180.00,0.00,79DAAFB4
2026-05-15T17:48:48Z,0.00,248.20,29.91,S,0.00,0.00,1014.73,79.93,1006.90,2.88,26.06,0.00,0.00,180.00,0.00,79DAAFB4
2026-05-15T17:31:40Z,0.00,248.20,29.85,S,0.00,0.00,1014.93,79.77,1007.10,2.90,25.97,0.00,0.00,180.00,0.00,79DAAFB4
2026-05-15T17:14:20Z,0.00,248.20,29.89,S,0.00,0.00,1014.63,79.29,1006.80,2.97,25.91,0.00,0.00,180.00,0.00,79DAAFB4
2026-05-15T16:57:01Z,0.00,248.20,29.95,S,0.00,0.00,1014.73,78.52,1006.90,3.09,25.80,0.00,0.00,180.00,0.00,79DAAFB4
2026-05-15T16:39:53Z,0.00,248.20,29.96,S,0.00,0.00,1015.03,78.46,1007.20,3.10,25.80,0.00,0.00,180.00,0.00,79DAAFB4
2026-05-15T16:19:24Z,0.00,248.20,29.96,S,0.00,0.00,1015.13,78.05,1007.30,3.16,25.71,0.00,0.00,180.00,0.00,79DAAFB4
2026-05-15T16:02:16Z,0.00,248.20,29.97,S,0.00,0.00,1015.13,77.78,1007.30,3.21,25.66,0.00,0.00,180.00,0.00,79DAAFB4
2026-05-15T15:44:57Z,0.00,248.20,29.91,S,0.00,0.00,1015.33,77.69,1007.50,3.22,25.58,0.00,0.00,180.00,0.00,79DAAFB4
2026-05-15T15:27:48Z,0.00,248.20,29.77,S,0.00,0.00,1015.23,76.74,1007.40,3.35,25.24,0.00,0.00,180.00,0.00,79DAAFB4
2026-05-15T15:10:39Z,0.00,248.20,29.77,S,0.00,0.00,1015.03,76.54,1007.20,3.38,25.20,0.00,0.00,180.00,0.00,79DAAFB4
2026-05-15T14:53:20Z,0.00,248.20,29.90,S,0.00,0.00,1015.23,75.87,1007.40,3.49,25.17,0.00,0.00,180.00,0.00,79DAAFB4
2026-05-15T14:36:10Z,0.00,248.20,29.84,S,0.00,0.00,1015.23,75.38,1007.40,3.56,25.01,0.00,0.00,180.00,0.00,79DAAFB4
2026-05-15T14:19:02Z,0.00,248.20,29.97,S,0.00,0.00,1015.13,73.83,1007.30,3.81,24.78,0.00,0.00,180.00,0.00,79DAAFB4
2026-05-15T14:01:54Z,0.00,248.20,30.14,S,0.00,0.00,1014.93,73.93,1007.10,3.80,24.97,0.00,0.00,180.00,0.00,79DAAFB4
2026-05-15T13:44:46Z,0.00,248.20,30.37,S,0.00,0.00,1014.73,73.78,1006.90,3.84,25.16,0.00,0.00,180.00,0.00,79DAAFB4
2026-05-15T13:27:27Z,0.00,248.20,30.53,S,0.00,0.00,1014.43,74.37,1006.60,3.76,25.45,0.00,0.00,180.00,0.00,79DAAFB4
2026-05-15T13:10:18Z,0.00,248.20,30.51,S,0.00,0.00,1014.03,73.44,1006.20,3.90,25.21,0.00,0.00,180.00,0.00,79DAAFB4
2026-05-15T12:53:10Z,0.00,248.20,30.36,S,0.00,0.00,1013.93,73.20,1006.10,3.93,25.02,0.00,0.00,180.00,0.00,79DAAFB4
2026-05-15T12:36:02Z,0.00,248.20,30.37,S,0.00,0.00,1013.63,73.46,1005.80,3.89,25.08,0.00,0.00,180.00,0.00,79DAAFB4
2026-05-15T12:18:43Z,0.00,248.20,30.33,S,0.00,0.00,1012.93,72.75,1005.10,4.00,24.88,0.00,0.00,180.00,0.00,79DAAFB4
2026-05-15T12:01:34Z,0.00,248.20,30.45,S,0.00,0.00,1012.73,69.88,1004.90,4.45,24.32,0.00,0.00,180.00,0.00,79DAAFB4
2026-05-15T11:44:25Z,0.00,248.20,30.36,S,0.00,0.00,1012.83,70.42,1005.00,4.36,24.37,0.00,0.00,180.00,0.00,79DAAFB4
2026-05-15T11:27:06Z,0.00,248.20,30.30,S,0.00,0.00,1012.83,69.89,1005.00,4.44,24.18,0.00,0.00,180.00,0.00,79DAAFB4
2026-05-15T11:09:58Z,0.00,248.20,30.33,S,0.00,0.00,1012.63,69.22,1004.80,4.55,24.05,0.00,0.00,180.00,0.00,79DAAFB4
2026-05-15T10:51:18Z,0.00,248.20,30.47,S,0.00,0.00,1012.43,68.16,1004.60,4.73,23.93,0.00,0.00,180.00,0.00,79DAAFB4
2026-05-15T10:33:59Z,0.00,248.20,30.67,S,0.00,0.00,1011.93,66.29,1004.10,5.04,23.65,0.00,0.00,180.00,0.00,79DAAFB4
2026-05-15T10:16:51Z,0.00,248.20,30.90,S,0.00,0.00,1012.03,65.36,1004.20,5.21,23.64,0.00,0.00,180.00,0.00,79DAAFB4
2026-05-15T09:59:31Z,0.00,248.20,30.96,S,0.00,0.00,1012.03,64.49,1004.20,5.36,23.47,0.00,0.00,180.00,0.00,79DAAFB4
2026-05-15T09:42:22Z,0.00,248.20,31.24,S,0.00,0.00,1011.43,70.70,1003.60,4.38,25.27,0.00,0.00,180.00,0.00,79DAAFB4
2026-05-15T09:25:14Z,0.00,248.20,32.39,S,0.00,0.00,1011.43,67.05,1003.60,5.05,25.48,0.00,0.00,180.00,0.00,79DAAFB4
2026-05-15T09:07:55Z,0.00,248.20,32.77,S,0.00,0.00,1011.03,62.43,1003.20,5.87,24.64,0.00,0.00,180.00,0.00,79DAAFB4
2026-05-15T08:50:46Z,0.00,248.20,33.12,S,0.00,0.00,1010.63,61.65,1002.80,6.03,24.76,0.00,0.00,180.00,0.00,79DAAFB4
2026-05-15T08:33:38Z,0.00,248.20,33.71,S,0.00,0.00,1010.93,61.49,1003.10,6.12,25.27,0.00,0.00,180.00,0.00,79DAAFB4
2026-05-15T08:16:30Z,0.00,248.20,34.18,S,0.00,0.00,1011.03,59.33,1003.20,6.55,25.11,0.00,0.00,180.00,0.00,79DAAFB4
2026-05-15T07:59:22Z,0.00,248.20,34.79,S,0.00,0.00,1010.93,58.16,1003.10,6.83,25.34,0.00,0.00,180.00,0.00,79DAAFB4
2026-05-15T07:42:13Z,0.00,248.20,35.97,S,0.00,0.00,1011.13,55.64,1003.30,7.43,25.69,0.00,0.00,180.00,0.00,79DAAFB4
2026-05-15T07:24:54Z,0.00,248.20,37.39,S,0.00,0.00,1011.13,49.29,1003.30,8.89,24.95,0.00,0.00,180.00,0.00,79DAAFB4
2026-05-15T07:07:46Z,0.00,248.20,37.23,S,0.00,0.00,1011.53,50.57,1003.70,8.60,25.24,0.00,0.00,180.00,0.00,79DAAFB4
2026-05-15T06:50:27Z,0.00,248.20,36.95,S,0.00,0.00,1011.83,51.41,1004.00,8.39,25.26,0.00,0.00,180.00,0.00,79DAAFB4
2026-05-15T06:33:18Z,0.00,248.20,36.47,S,0.00,0.00,1012.13,53.43,1004.30,7.92,25.47,0.00,0.00,180.00,0.00,79DAAFB4
2026-05-15T06:16:09Z,0.00,248.20,36.34,S,0.00,0.00,1012.53,54.02,1004.70,7.79,25.53,0.00,0.00,180.00,0.00,79DAAFB4
2026-05-15T05:59:00Z,0.00,248.20,36.03,S,0.00,0.00,1012.83,53.19,1005.00,7.91,24.99,0.00,0.00,180.00,0.00,79DAAFB4
2026-05-15T05:41:51Z,0.00,248.20,35.60,S,0.00,0.00,1013.03,54.02,1005.20,7.70,24.85,0.00,0.00,180.00,0.00,79DAAFB4
2026-05-15T05:24:32Z,0.00,248.20,35.04,S,0.00,0.00,1013.23,55.30,1005.40,7.39,24.72,0.00,0.00,180.00,0.00,79DAAFB4
2026-05-15T05:07:24Z,0.00,248.20,34.44,S,0.00,0.00,1013.53,57.14,1005.70,6.98,24.72,0.00,0.00,180.00,0.00,79DAAFB4
2026-05-15T04:50:16Z,0.00,248.20,34.33,S,0.00,0.00,1013.63,57.54,1005.80,6.89,24.73,0.00,0.00,180.00,0.00,79DAAFB4
2026-05-15T04:32:57Z,0.00,248.20,34.00,S,0.00,0.00,1013.73,59.18,1005.90,6.56,24.89,0.00,0.00,180.00,0.00,79DAAFB4
2026-05-15T04:15:38Z,0.00,248.20,33.78,S,0.00,0.00,1014.03,60.87,1006.20,6.23,25.16,0.00,0.00,180.00,0.00,79DAAFB4
2026-05-15T03:58:30Z,0.00,248.20,33.48,S,0.00,0.00,1014.43,60.57,1006.60,6.26,24.80,0.00,0.00,180.00,0.00,79DAAFB4
2026-05-15T03:41:10Z,0.00,248.20,33.08,S,0.00,0.00,1014.53,60.48,1006.70,6.23,24.40,0.00,0.00,180.00,0.00,79DAAFB4
2026-05-15T03:24:01Z,0.00,248.20,32.69,S,0.00,0.00,1014.73,63.49,1006.90,5.68,24.84,0.00,0.00,180.00,0.00,79DAAFB4
2026-05-15T03:06:53Z,0.00,248.20,32.26,S,0.00,0.00,1014.83,65.32,1007.00,5.33,24.91,0.00,0.00,180.00,0.00,79DAAFB4
2026-05-15T02:49:45Z,0.00,248.20,31.94,S,0.00,0.00,1015.13,65.96,1007.30,5.20,24.78,0.00,0.00,180.00,0.00,79DAAFB4
2026-05-15T02:32:37Z,0.00,248.20,31.64,S,0.00,0.00,1015.33,68.35,1007.50,4.78,25.09,0.00,0.00,180.00,0.00,79DAAFB4
2026-05-15T02:15:29Z,0.00,248.20,31.34,S,0.00,0.00,1015.63,72.65,1007.80,4.07,25.83,0.00,0.00,180.00,0.00,79DAAFB4
2026-05-15T01:58:21Z,0.00,248.20,31.18,S,0.00,0.00,1015.93,74.10,1008.10,3.84,26.01,0.00,0.00,180.00,0.00,79DAAFB4
2026-05-15T01:41:13Z,0.00,248.20,30.90,S,0.00,0.00,1015.83,76.47,1008.00,3.45,26.27,0.00,0.00,180.00,0.00,79DAAFB4
2026-05-15T01:23:54Z,0.00,248.20,30.70,S,0.00,0.00,1015.83,78.15,1008.00,3.18,26.45,0.00,0.00,180.00,0.00,79DAAFB4
2026-05-15T01:06:45Z,0.00,248.20,30.48,S,0.00,0.00,1015.83,79.96,1008.00,2.90,26.62,0.00,0.00,180.00,0.00,79DAAFB4
2026-05-15T00:49:37Z,0.00,248.20,30.16,S,0.00,0.00,1015.83,80.10,1008.00,2.86,26.34,0.00,0.00,180.00,0.00,79DAAFB4
2026-05-15T00:32:29Z,0.00,248.20,30.02,S,0.00,0.00,1015.83,81.15,1008.00,2.70,26.43,0.00,0.00,180.00,0.00,79DAAFB4
2026-05-15T00:15:10Z,0.00,248.20,29.89,S,0.00,0.00,1015.43,81.24,1007.60,2.68,26.32,0.00,0.00,180.00,0.00,79DAAFB4
2026-05-14T23:58:01Z,0.00,248.20,29.79,S,0.00,0.00,1015.33,82.51,1007.50,2.49,26.48,0.00,0.00,180.00,0.00,79DAAFB4
2026-05-14T23:40:52Z,0.00,248.20,29.56,S,0.00,0.00,1015.03,83.58,1007.20,2.32,26.48,0.00,0.00,180.00,0.00,79DAAFB4
2026-05-14T23:23:33Z,0.00,248.20,29.49,S,0.00,0.00,1015.03,82.99,1007.20,2.40,26.29,0.00,0.00,180.00,0.00,79DAAFB4
2026-05-14T23:06:25Z,0.00,248.20,29.58,S,0.00,0.00,1014.93,83.08,1007.10,2.39,26.40,0.00,0.00,180.00,0.00,79DAAFB4
2026-05-14T22:49:17Z,0.00,248.20,29.44,S,0.00,0.00,1014.73,83.38,1006.90,2.35,26.32,0.00,0.00,180.00,0.00,79DAAFB4
2026-05-14T22:31:58Z,0.00,248.20,29.48,S,0.00,0.00,1014.63,83.52,1006.80,2.33,26.39,0.00,0.00,180.00,0.00,79DAAFB4
2026-05-14T22:14:39Z,0.00,248.20,29.43,S,0.00,0.00,1014.53,83.48,1006.70,2.33,26.33,0.00,0.00,180.00,0.00,79DAAFB4
2026-05-14T21:57:31Z,0.00,248.20,29.38,S,0.00,0.00,1014.53,83.39,1006.70,2.34,26.26,0.00,0.00,180.00,0.00,79DAAFB4
2026-05-14T21:40:11Z,0.00,248.20,29.38,S,0.00,0.00,1014.53,83.03,1006.70,2.40,26.19,0.00,0.00,180.00,0.00,79DAAFB4
2026-05-14T21:23:03Z,0.00,248.20,29.47,S,0.00,0.00,1014.43,82.92,1006.60,2.41,26.26,0.00,0.00,180.00,0.00,79DAAFB4
2026-05-14T21:05:44Z,0.00,248.20,29.42,S,0.00,0.00,1014.23,82.65,1006.40,2.45,26.15,0.00,0.00,180.00,0.00,79DAAFB4
2026-05-14T20:48:35Z,0.00,248.20,29.49,S,0.00,0.00,1014.13,82.22,1006.30,2.52,26.13,0.00,0.00,180.00,0.00,79DAAFB4
2026-05-14T20:31:26Z,0.00,248.20,29.48,S,0.00,0.00,1014.23,82.28,1006.40,2.51,26.14,0.00,0.00,180.00,0.00,79DAAFB4
2026-05-14T20:14:18Z,0.00,248.20,29.58,S,0.00,0.00,1014.23,81.73,1006.40,2.60,26.12,0.00,0.00,180.00,0.00,79DAAFB4
2026-05-14T19:57:10Z,0.00,248.20,29.57,S,0.00,0.00,1014.23,81.43,1006.40,2.64,26.05,0.00,0.00,180.00,0.00,79DAAFB4
2026-05-14T19:40:02Z,0.00,248.20,29.67,S,0.00,0.00,1014.13,80.95,1006.30,2.71,26.04,0.00,0.00,180.00,0.00,79DAAFB4
2026-05-14T19:22:53Z,0.00,248.20,29.78,S,0.00,0.00,1014.23,80.41,1006.40,2.80,26.04,0.00,0.00,180.00,0.00,79DAAFB4
2026-05-14T19:05:34Z,0.00,248.20,29.83,S,0.00,0.00,1014.33,79.91,1006.50,2.88,25.98,0.00,0.00,180.00,0.00,79DAAFB4
2026-05-14T18:48:25Z,0.00,248.20,29.83,S,0.00,0.00,1014.63,79.88,1006.80,2.88,25.97,0.00,0.00,180.00,0.00,79DAAFB4
2026-05-14T18:31:17Z,0.00,248.20,29.90,S,0.00,0.00,1014.83,79.24,1007.00,2.98,25.91,0.00,0.00,180.00,0.00,79DAAFB4
2026-05-14T18:14:09Z,0.00,248.20,30.05,S,0.00,0.00,1014.83,78.93,1007.00,3.03,25.99,0.00,0.00,180.00,0.00,79DAAFB4
2026-05-14T17:56:50Z,0.00,248.20,30.06,S,0.00,0.00,1014.93,78.45,1007.10,3.11,25.89,0.00,0.00,180.00,0.00,79DAAFB4
2026-05-14T17:39:41Z,0.00,248.20,30.13,S,0.00,0.00,1015.13,78.02,1007.30,3.18,25.87,0.00,0.00,180.00,0.00,79DAAFB4
2026-05-14T17:22:32Z,0.00,248.20,30.21,S,0.00,0.00,1015.13,77.59,1007.30,3.25,25.85,0.00,0.00,180.00,0.00,79DAAFB4
2026-05-14T17:05:13Z,0.00,248.20,30.23,S,0.00,0.00,1015.33,77.21,1007.50,3.30,25.79,0.00,0.00,180.00,0.00,79DAAFB4
2026-05-14T16:48:05Z,0.00,248.20,30.34,S,0.00,0.00,1015.63,76.70,1007.80,3.39,25.78,0.00,0.00,180.00,0.00,79DAAFB4
2026-05-14T16:30:57Z,0.00,248.20,30.44,S,0.00,0.00,1015.73,76.48,1007.90,3.43,25.83,0.00,0.00,180.00,0.00,79DAAFB4
2026-05-14T16:13:38Z,0.00,248.20,30.51,S,0.00,0.00,1015.73,76.14,1007.90,3.48,25.82,0.00,0.00,180.00,0.00,79DAAFB4
2026-05-14T15:56:19Z,0.00,248.20,30.60,S,0.00,0.00,1015.83,75.79,1008.00,3.54,25.83,0.00,0.00,180.00,0.00,79DAAFB4
2026-05-14T15:39:11Z,0.00,248.20,30.71,S,0.00,0.00,1015.83,75.46,1008.00,3.60,25.86,0.00,0.00,180.00,0.00,79DAAFB4
2026-05-14T15:21:51Z,0.00,248.20,30.71,S,0.00,0.00,1015.83,75.40,1008.00,3.61,25.85,0.00,0.00,180.00,0.00,79DAAFB4
2026-05-14T15:04:42Z,0.00,248.20,30.80,S,0.00,0.00,1015.63,74.91,1007.80,3.69,25.83,0.00,0.00,180.00,0.00,79DAAFB4
2026-05-14T14:47:34Z,0.00,248.20,30.89,S,0.00,0.00,1015.33,75.04,1007.50,3.67,25.94,0.00,0.00,180.00,0.00,79DAAFB4
2026-05-14T14:30:15Z,0.00,248.20,30.97,S,0.00,0.00,1015.23,75.31,1007.40,3.63,26.08,0.00,0.00,180.00,0.00,79DAAFB4
2026-05-14T14:13:07Z,0.00,248.20,31.04,S,0.00,0.00,1014.93,74.82,1007.10,3.71,26.04,0.00,0.00,180.00,0.00,79DAAFB4
2026-05-14T13:55:59Z,0.00,248.20,31.14,S,0.00,0.00,1014.83,73.92,1007.00,3.86,25.93,0.00,0.00,180.00,0.00,79DAAFB4
2026-05-14T13:37:48Z,0.00,248.20,31.22,S,0.00,0.00,1006.90,73.21,1006.90,3.98,25.84,0.00,0.00,180.00,0.00,79DAAFB4
2026-05-14T13:20:40Z,0.00,248.20,31.36,S,0.00,0.00,1006.70,72.31,1006.70,4.13,25.77,0.00,0.00,180.00,0.00,79DAAFB4
2026-05-14T13:03:32Z,0.00,248.20,31.48,S,0.00,0.00,1006.40,71.39,1006.40,4.28,25.67,0.00,0.00,180.00,0.00,79DAAFB4
2026-05-14T12:46:24Z,0.00,248.20,31.56,S,0.00,0.00,1006.20,70.15,1006.20,4.49,25.45,0.00,0.00,180.00,0.00,79DAAFB4
2026-05-14T12:29:05Z,0.00,248.20,31.71,S,0.00,0.00,1006.00,69.61,1006.00,4.58,25.46,0.00,0.00,180.00,0.00,79DAAFB4
2026-05-14T12:11:46Z,0.00,248.20,31.89,S,0.00,0.00,1005.60,69.76,1005.60,4.57,25.67,0.00,0.00,180.00,0.00,79DAAFB4
2026-05-14T11:54:38Z,0.00,248.20,32.03,S,0.00,0.00,1005.40,68.61,1005.40,4.77,25.52,0.00,0.00,180.00,0.00,79DAAFB4
2026-05-14T11:37:18Z,0.00,248.20,32.12,S,0.00,0.00,1005.30,68.65,1005.30,4.77,25.62,0.00,0.00,180.00,0.00,79DAAFB4
2026-05-14T11:20:09Z,0.00,248.20,32.29,S,0.00,0.00,1004.90,67.87,1004.90,4.91,25.59,0.00,0.00,180.00,0.00,79DAAFB4
2026-05-14T11:03:01Z,0.00,248.20,32.46,S,0.00,0.00,1004.70,67.15,1004.70,5.04,25.57,0.00,0.00,180.00,0.00,79DAAFB4
2026-05-14T10:45:53Z,0.00,248.20,32.87,S,0.00,0.00,1004.50,65.52,1004.50,5.35,25.54,0.00,0.00,180.00,0.00,79DAAFB4
2026-05-14T10:28:45Z,0.00,248.20,33.25,S,0.00,0.00,1004.20,64.55,1004.20,5.55,25.65,0.00,0.00,180.00,0.00,79DAAFB4
2026-05-14T10:11:37Z,0.00,248.20,34.01,S,0.00,0.00,1004.00,62.40,1004.00,5.99,25.80,0.00,0.00,180.00,0.00,79DAAFB4
2026-05-14T09:54:29Z,0.00,248.20,34.84,S,0.00,0.00,1004.00,59.95,1004.00,6.50,25.90,0.00,0.00,180.00,0.00,79DAAFB4
2026-05-14T09:37:21Z,0.00,248.20,34.62,S,0.00,0.00,1003.60,61.51,1003.60,6.20,26.13,0.00,0.00,180.00,0.00,79DAAFB4
2026-05-14T09:20:02Z,0.00,248.20,34.70,S,0.00,0.00,1003.70,63.70,1003.70,5.82,26.80,0.00,0.00,180.00,0.00,79DAAFB4
2026-05-14T09:02:53Z,0.00,248.20,35.65,S,0.00,0.00,1003.60,60.93,1003.60,6.41,26.93,0.00,0.00,180.00,0.00,79DAAFB4
2026-05-14T08:45:45Z,0.00,248.20,34.89,S,0.00,0.00,1003.80,62.56,1003.80,6.04,26.67,0.00,0.00,180.00,0.00,79DAAFB4
2026-05-14T08:28:36Z,0.00,248.20,35.25,S,0.00,0.00,1003.70,60.71,1003.70,6.41,26.49,0.00,0.00,180.00,0.00,79DAAFB4
2026-05-14T08:11:27Z,0.00,248.20,36.27,S,0.00,0.00,1003.80,54.06,1003.80,7.77,25.48,0.00,0.00,180.00,0.00,79DAAFB4
2026-05-14T07:54:19Z,0.00,248.20,38.53,S,0.00,0.00,1004.00,45.74,1004.00,9.83,24.73,0.00,0.00,180.00,0.00,79DAAFB4
2026-05-14T07:37:11Z,0.00,248.20,37.93,S,0.00,0.00,1004.10,47.38,1004.10,9.37,24.78,0.00,0.00,180.00,0.00,79DAAFB4
2026-05-14T07:20:03Z,0.00,248.20,36.84,S,0.00,0.00,1004.20,50.60,1004.20,8.54,24.89,0.00,0.00,180.00,0.00,79DAAFB4
2026-05-14T07:02:55Z,0.00,248.20,36.10,S,0.00,0.00,1004.40,52.46,1004.40,8.07,24.82,0.00,0.00,180.00,0.00,79DAAFB4
2026-05-14T06:45:47Z,0.00,248.20,36.10,S,0.00,0.00,1004.60,52.40,1004.60,8.08,24.80,0.00,0.00,180.00,0.00,79DAAFB4
2026-05-14T06:28:28Z,0.00,248.20,36.06,S,0.00,0.00,1004.80,51.46,1004.80,8.26,24.46,0.00,0.00,180.00,0.00,79DAAFB4
2026-05-14T06:11:09Z,0.00,248.20,35.71,S,0.00,0.00,1005.30,53.69,1005.30,7.78,24.85,0.00,0.00,180.00,0.00,79DAAFB4
2026-05-14T05:54:00Z,0.00,248.20,35.20,S,0.00,0.00,1005.70,54.48,1005.70,7.56,24.62,0.00,0.00,180.00,0.00,79DAAFB4
2026-05-14T05:36:52Z,0.00,248.20,34.63,S,0.00,0.00,1006.20,55.96,1006.20,7.22,24.54,0.00,0.00,180.00,0.00,79DAAFB4
2026-05-14T05:19:44Z,0.00,248.20,34.39,S,0.00,0.00,1006.70,54.10,1006.70,7.53,23.76,0.00,0.00,180.00,0.00,79DAAFB4
2026-05-14T05:02:25Z,0.00,248.20,34.34,S,0.00,0.00,1006.90,56.34,1006.90,7.11,24.39,0.00,0.00,180.00,0.00,79DAAFB4
2026-05-14T04:45:16Z,0.00,248.20,34.11,S,0.00,0.00,1007.20,55.07,1007.20,7.32,23.79,0.00,0.00,180.00,0.00,79DAAFB4
2026-05-14T04:28:07Z,0.00,248.20,33.85,S,0.00,0.00,1007.40,57.80,1007.40,6.79,24.36,0.00,0.00,180.00,0.00,79DAAFB4
2026-05-14T04:10:45Z,0.00,248.20,33.55,S,0.00,0.00,1007.70,59.50,1007.70,6.45,24.56,0.00,0.00,180.00,0.00,79DAAFB4
2026-05-14T03:53:36Z,0.00,248.20,33.23,ESE,0.00,0.00,1007.90,61.90,1007.90,6.00,24.93,0.00,0.00,116.00,0.00,79DAAFB4
2026-05-14T03:36:28Z,0.00,248.20,32.69,S,0.00,0.00,1008.00,60.03,1008.00,6.27,23.91,0.00,0.00,180.00,0.00,79DAAFB4
2026-05-14T03:19:20Z,0.00,248.20,32.30,S,0.00,0.00,1008.20,64.21,1008.20,5.52,24.67,0.00,0.00,180.00,0.00,79DAAFB4
2026-05-14T03:02:01Z,0.00,248.20,32.19,S,0.00,0.00,1008.40,63.64,1008.40,5.61,24.41,0.00,0.00,180.00,0.00,79DAAFB4
2026-05-14T02:44:52Z,0.00,248.20,31.76,S,0.00,0.00,1008.60,65.69,1008.60,5.23,24.54,0.00,0.00,180.00,0.00,79DAAFB4
2026-05-14T02:27:33Z,0.00,248.20,31.39,S,0.00,0.00,1008.70,67.15,1008.70,4.96,24.55,0.00,0.00,180.00,0.00,79DAAFB4
2026-05-14T02:10:14Z,0.00,248.20,31.18,S,0.00,0.00,1008.90,68.44,1008.90,4.74,24.67,0.00,0.00,180.00,0.00,79DAAFB4
2026-05-14T01:53:06Z,0.00,248.20,30.91,S,0.00,0.00,1008.90,71.22,1008.90,4.27,25.08,0.00,0.00,180.00,0.00,79DAAFB4
2026-05-14T01:35:46Z,0.00,248.20,30.69,S,0.00,0.00,1008.90,73.94,1008.90,3.83,25.50,0.00,0.00,180.00,0.00,79DAAFB4
2026-05-14T01:18:38Z,0.00,248.20,30.54,S,0.00,0.00,1008.80,73.92,1008.80,3.83,25.35,0.00,0.00,180.00,0.00,79DAAFB4
2026-05-14T01:01:18Z,0.00,248.20,30.26,S,0.00,0.00,1008.80,78.03,1008.80,3.18,26.00,0.00,0.00,180.00,0.00,79DAAFB4
2026-05-14T00:44:09Z,0.00,248.20,30.02,S,0.00,0.00,1008.60,79.72,1008.60,2.91,26.13,0.00,0.00,180.00,0.00,79DAAFB4
2026-05-14T00:27:01Z,0.00,248.20,29.80,S,0.00,0.00,1008.50,81.80,1008.50,2.59,26.35,0.00,0.00,180.00,0.00,79DAAFB4
2026-05-14T00:09:53Z,0.00,248.20,29.68,S,0.00,0.00,1008.30,82.47,1008.30,2.49,26.37,0.00,0.00,180.00,0.00,79DAAFB4
2026-05-13T23:52:45Z,0.00,248.20,29.52,S,0.00,0.00,1008.10,83.39,1008.10,2.35,26.40,0.00,0.00,180.00,0.00,79DAAFB4
2026-05-13T23:35:26Z,0.00,248.20,29.45,S,0.00,0.00,1007.90,83.44,1007.90,2.34,26.34,0.00,0.00,180.00,0.00,79DAAFB4
2026-05-13T23:18:18Z,0.00,248.20,29.38,S,0.00,0.00,1007.50,83.23,1007.50,2.37,26.23,0.00,0.00,180.00,0.00,79DAAFB4
2026-05-13T23:00:58Z,0.00,248.20,29.39,S,0.00,0.00,1007.30,82.88,1007.30,2.42,26.17,0.00,0.00,180.00,0.00,79DAAFB4
2026-05-13T22:43:50Z,0.00,248.20,29.40,S,0.00,0.00,1007.20,82.77,1007.20,2.43,26.16,0.00,0.00,180.00,0.00,79DAAFB4
2026-05-13T22:26:41Z,0.00,248.20,29.39,S,0.00,0.00,1006.70,82.64,1006.70,2.45,26.12,0.00,0.00,180.00,0.00,79DAAFB4
2026-05-13T22:09:31Z,0.00,248.20,29.42,S,0.00,0.00,1006.60,82.74,1006.60,2.44,26.17,0.00,0.00,180.00,0.00,79DAAFB4
2026-05-13T21:52:23Z,0.00,248.20,29.53,S,0.00,0.00,1006.50,82.47,1006.50,2.48,26.22,0.00,0.00,180.00,0.00,79DAAFB4
2026-05-13T21:35:15Z,0.00,248.20,29.54,S,0.00,0.00,1006.30,82.20,1006.30,2.52,26.18,0.00,0.00,180.00,0.00,79DAAFB4
2026-05-13T21:17:56Z,0.00,248.20,29.55,S,0.00,0.00,1006.20,82.06,1006.20,2.54,26.16,0.00,0.00,180.00,0.00,79DAAFB4
2026-05-13T21:00:47Z,0.00,248.20,29.52,S,0.00,0.00,1006.10,81.87,1006.10,2.57,26.09,0.00,0.00,180.00,0.00,79DAAFB4
2026-05-13T20:43:38Z,0.00,248.20,29.65,S,0.00,0.00,1006.00,81.11,1006.00,2.69,26.06,0.00,0.00,180.00,0.00,79DAAFB4
2026-05-13T20:26:29Z,0.00,248.20,29.59,S,0.00,0.00,1005.90,81.20,1005.90,2.67,26.02,0.00,0.00,180.00,0.00,79DAAFB4
2026-05-13T20:09:21Z,0.00,248.20,29.62,S,0.00,0.00,1005.90,81.11,1005.90,2.69,26.03,0.00,0.00,180.00,0.00,79DAAFB4
2026-05-13T19:52:13Z,0.00,248.20,29.74,S,0.00,0.00,1005.80,81.07,1005.80,2.70,26.14,0.00,0.00,180.00,0.00,79DAAFB4
2026-05-13T19:35:05Z,0.00,248.20,29.76,S,0.00,0.00,1005.70,81.41,1005.70,2.65,26.23,0.00,0.00,180.00,0.00,79DAAFB4
2026-05-13T19:17:46Z,0.00,248.20,29.87,S,0.00,0.00,1005.80,81.67,1005.80,2.61,26.39,0.00,0.00,180.00,0.00,79DAAFB4
2026-05-13T19:00:37Z,0.00,248.20,29.85,S,0.00,0.00,1005.90,81.86,1005.90,2.59,26.41,0.00,0.00,180.00,0.00,79DAAFB4
2026-05-13T18:43:29Z,0.00,248.20,29.86,S,0.00,0.00,1006.00,81.50,1006.00,2.64,26.34,0.00,0.00,180.00,0.00,79DAAFB4
2026-05-13T18:26:21Z,0.00,248.20,29.96,S,0.00,0.00,1006.20,81.23,1006.20,2.68,26.39,0.00,0.00,180.00,0.00,79DAAFB4
2026-05-13T18:09:13Z,0.00,248.20,20.00,S,0.00,0.00,670.80,54.20,670.80,5.74,10.47,0.00,0.00,180.00,0.00,79DAAFB4
2026-05-13T17:52:05Z,0.00,248.20,30.07,S,0.00,0.00,1006.40,80.95,1006.40,2.73,26.43,0.00,0.00,180.00,0.00,79DAAFB4
2026-05-13T17:34:57Z,0.00,248.20,30.13,S,0.00,0.00,1006.50,80.55,1006.50,2.79,26.41,0.00,0.00,180.00,0.00,79DAAFB4
2026-05-13T17:17:43Z,0.00,248.20,30.18,S,0.00,0.00,1006.60,80.29,1006.60,2.83,26.40,0.00,0.00,180.00,0.00,79DAAFB4
2026-05-13T17:00:35Z,0.00,248.20,30.20,S,0.00,0.00,1006.90,79.99,1006.90,2.88,26.36,0.00,0.00,180.00,0.00,79DAAFB4
2026-05-13T16:43:16Z,0.00,248.20,30.31,S,0.00,0.00,1007.20,79.37,1007.20,2.98,26.33,0.00,0.00,180.00,0.00,79DAAFB4
2026-05-13T16:26:07Z,0.00,248.20,30.41,S,0.00,0.00,1007.20,78.66,1007.20,3.09,26.28,0.00,0.00,180.00,0.00,79DAAFB4
2026-05-13T16:08:58Z,0.00,248.20,30.46,S,0.00,0.00,1007.30,78.72,1007.30,3.08,26.34,0.00,0.00,180.00,0.00,79DAAFB4
2026-05-13T15:51:50Z,0.00,248.20,30.56,S,0.00,0.00,1007.40,78.16,1007.40,3.17,26.31,0.00,0.00,180.00,0.00,79DAAFB4
2026-05-13T15:34:43Z,0.00,248.20,30.60,S,0.00,0.00,1007.30,78.02,1007.30,3.20,26.32,0.00,0.00,180.00,0.00,79DAAFB4
2026-05-13T15:14:52Z,0.00,248.20,30.66,S,0.00,0.00,1007.50,78.16,1007.50,3.18,26.41,0.00,0.00,180.00,0.00,79DAAFB4
2026-05-13T14:54:05Z,0.00,248.20,30.71,S,0.00,0.00,1007.40,78.31,1007.40,3.16,26.49,0.00,0.00,180.00,0.00,79DAAFB4
2026-05-13T14:34:13Z,0.00,248.20,30.80,S,0.00,0.00,1007.20,77.70,1007.20,3.26,26.45,0.00,0.00,180.00,0.00,79DAAFB4
2026-05-13T14:13:27Z,0.00,248.20,30.84,S,0.00,0.00,1007.00,76.71,1007.00,3.41,26.27,0.00,0.00,180.00,0.00,79DAAFB4
2026-05-13T13:52:51Z,0.00,248.20,30.99,S,0.00,0.00,1006.90,75.56,1006.90,3.60,26.16,0.00,0.00,180.00,0.00,79DAAFB4
2026-05-13T13:35:43Z,0.00,248.20,31.08,S,0.00,0.00,1006.70,75.18,1006.70,3.66,26.16,0.00,0.00,180.00,0.00,79DAAFB4
2026-05-13T13:18:35Z,0.00,248.20,31.27,S,0.00,0.00,1006.50,74.90,1006.50,3.71,26.28,0.00,0.00,180.00,0.00,79DAAFB4
2026-05-13T13:01:27Z,0.00,248.20,31.33,S,0.00,0.00,1006.10,74.64,1006.10,3.76,26.28,0.00,0.00,180.00,0.00,79DAAFB4
2026-05-13T12:44:08Z,0.00,248.20,31.44,S,0.00,0.00,1005.70,74.02,1005.70,3.86,26.24,0.00,0.00,180.00,0.00,79DAAFB4
2026-05-13T12:26:49Z,0.00,248.20,31.57,S,0.00,0.00,1005.70,72.74,1005.70,4.07,26.07,0.00,0.00,180.00,0.00,79DAAFB4
2026-05-13T12:09:41Z,0.00,248.20,31.79,S,0.00,0.00,1005.50,71.18,1005.50,4.34,25.91,0.00,0.00,180.00,0.00,79DAAFB4
2026-05-13T11:52:21Z,0.00,248.20,31.96,S,0.00,0.00,1005.00,69.66,1005.00,4.59,25.71,0.00,0.00,180.00,0.00,79DAAFB4
2026-05-13T11:35:12Z,0.00,248.20,32.16,S,0.00,0.00,1004.70,67.82,1004.70,4.91,25.45,0.00,0.00,180.00,0.00,79DAAFB4
2026-05-13T11:18:04Z,0.00,248.20,32.51,S,0.00,0.00,1004.50,65.60,1004.50,5.31,25.22,0.00,0.00,180.00,0.00,79DAAFB4
2026-05-13T11:00:56Z,0.00,248.20,32.96,S,0.00,0.00,1004.10,62.28,1004.10,5.91,24.78,0.00,0.00,180.00,0.00,79DAAFB4
2026-05-13T10:43:48Z,0.00,248.20,33.74,S,0.00,0.00,1003.70,60.42,1003.70,6.31,25.00,0.00,0.00,180.00,0.00,79DAAFB4
2026-05-13T10:23:08Z,0.00,248.20,35.83,S,0.00,0.00,1003.30,55.60,1003.30,7.42,25.55,0.00,0.00,180.00,0.00,79DAAFB4
2026-05-13T10:06:00Z,0.00,248.20,39.42,S,0.00,0.00,1003.20,46.01,1003.20,9.91,25.64,0.00,0.00,180.00,0.00,79DAAFB4
2026-05-13T09:48:52Z,0.00,248.20,40.40,S,0.00,0.00,1003.20,42.78,1003.20,10.82,25.29,0.00,0.00,180.00,0.00,79DAAFB4
2026-05-13T09:31:33Z,0.00,248.20,40.12,S,0.00,0.00,1003.20,42.84,1003.20,10.76,25.06,0.00,0.00,180.00,0.00,79DAAFB4
2026-05-13T09:14:14Z,0.00,248.20,40.98,S,0.00,0.00,1003.00,41.82,1003.00,11.15,25.43,0.00,0.00,180.00,0.00,79DAAFB4
2026-05-13T08:57:05Z,0.00,248.20,41.07,S,0.00,0.00,1003.00,40.58,1003.00,11.48,25.00,0.00,0.00,180.00,0.00,79DAAFB4
2026-05-13T08:39:57Z,0.00,248.20,40.29,S,0.00,0.00,1003.20,41.90,1003.20,11.01,24.84,0.00,0.00,180.00,0.00,79DAAFB4
2026-05-13T08:22:49Z,0.00,248.20,41.42,S,0.00,0.00,1003.20,40.77,1003.20,11.49,25.39,0.00,0.00,180.00,0.00,79DAAFB4
2026-05-13T08:05:30Z,0.00,248.20,41.07,S,0.00,0.00,1003.40,41.30,1003.40,11.30,25.30,0.00,0.00,180.00,0.00,79DAAFB4
2026-05-13T07:48:21Z,0.00,248.20,39.87,S,0.00,0.00,1003.60,43.87,1003.60,10.47,25.24,0.00,0.00,180.00,0.00,79DAAFB4
2026-05-13T07:31:12Z,0.00,248.20,38.77,S,0.00,0.00,1003.70,47.39,1003.70,9.50,25.55,0.00,0.00,180.00,0.00,79DAAFB4
2026-05-13T07:13:53Z,0.00,248.20,36.98,S,0.00,0.00,1003.90,51.39,1003.90,8.40,25.28,0.00,0.00,180.00,0.00,79DAAFB4
2026-05-13T06:56:45Z,0.00,248.20,35.99,S,0.00,0.00,1004.40,54.59,1004.40,7.64,25.39,0.00,0.00,180.00,0.00,79DAAFB4
2026-05-13T06:39:37Z,0.00,248.20,35.51,S,0.00,0.00,1004.80,56.86,1004.80,7.15,25.63,0.00,0.00,180.00,0.00,79DAAFB4
2026-05-13T06:22:18Z,0.00,248.20,35.32,S,0.00,0.00,1005.00,57.54,1005.00,7.00,25.65,0.00,0.00,180.00,0.00,79DAAFB4
2026-05-13T06:04:59Z,0.00,248.20,34.80,S,0.00,0.00,1005.20,57.74,1005.20,6.90,25.23,0.00,0.00,180.00,0.00,79DAAFB4
2026-05-13T05:47:50Z,0.00,248.20,34.36,S,0.00,0.00,1005.60,60.03,1005.60,6.44,25.47,0.00,0.00,180.00,0.00,79DAAFB4
2026-05-13T05:30:42Z,0.00,248.20,34.02,S,0.00,0.00,1005.90,62.01,1005.90,6.06,25.70,0.00,0.00,180.00,0.00,79DAAFB4
2026-05-13T05:13:34Z,0.00,248.20,33.78,S,0.00,0.00,1006.30,61.89,1006.30,6.05,25.44,0.00,0.00,180.00,0.00,79DAAFB4
2026-05-13T04:56:26Z,0.00,248.20,22.42,S,0.00,0.00,671.20,42.24,671.20,7.79,8.97,0.00,0.00,180.00,0.00,79DAAFB4
2026-05-13T04:39:18Z,0.00,248.20,33.43,S,0.00,0.00,1007.20,64.34,1007.20,5.60,25.77,0.00,0.00,180.00,0.00,79DAAFB4
2026-05-13T04:22:10Z,0.00,248.20,33.22,S,0.00,0.00,1007.40,61.60,1007.40,6.05,24.84,0.00,0.00,180.00,0.00,79DAAFB4
2026-05-13T04:05:02Z,0.00,248.20,32.75,S,0.00,0.00,1007.70,64.37,1007.70,5.53,25.13,0.00,0.00,180.00,0.00,79DAAFB4
2026-05-13T03:47:43Z,0.00,248.20,32.61,S,0.00,0.00,1008.00,66.63,1008.00,5.14,25.58,0.00,0.00,180.00,0.00,79DAAFB4
2026-05-13T03:30:35Z,0.00,248.20,32.72,S,0.00,0.00,1008.20,66.27,1008.20,5.21,25.59,0.00,0.00,180.00,0.00,79DAAFB4
2026-05-13T03:13:15Z,0.00,248.20,32.30,S,0.00,0.00,1008.40,65.72,1008.40,5.27,25.06,0.00,0.00,180.00,0.00,79DAAFB4
2026-05-13T02:55:56Z,0.00,248.20,31.76,S,0.00,0.00,1008.60,67.43,1008.60,4.94,24.97,0.00,0.00,180.00,0.00,79DAAFB4
2026-05-13T02:38:48Z,0.00,248.20,31.62,S,0.00,0.00,1008.60,70.27,1008.60,4.47,25.53,0.00,0.00,180.00,0.00,79DAAFB4
2026-05-13T02:21:29Z,0.00,248.20,31.27,S,0.00,0.00,1008.80,72.58,1008.80,4.08,25.75,0.00,0.00,180.00,0.00,79DAAFB4
2026-05-13T02:04:20Z,0.00,248.20,31.18,S,0.00,0.00,1008.90,72.62,1008.90,4.07,25.67,0.00,0.00,180.00,0.00,79DAAFB4
2026-05-13T01:47:11Z,0.00,248.20,31.17,S,0.00,0.00,1009.00,74.52,1009.00,3.77,26.10,0.00,0.00,180.00,0.00,79DAAFB4
2026-05-13T01:30:03Z,0.00,248.20,31.19,S,0.00,0.00,1009.10,74.72,1009.10,3.74,26.16,0.00,0.00,180.00,0.00,79DAAFB4
2026-05-13T01:12:55Z,0.00,248.20,31.03,S,0.00,0.00,1009.00,76.27,1009.00,3.49,26.35,0.00,0.00,180.00,0.00,79DAAFB4
2026-05-13T00:55:47Z,0.00,248.20,30.72,S,0.00,0.00,1009.00,77.56,1009.00,3.27,26.34,0.00,0.00,180.00,0.00,79DAAFB4
2026-05-13T00:38:37Z,0.00,248.20,30.59,S,0.00,0.00,1008.90,78.72,1008.90,3.09,26.46,0.00,0.00,180.00,0.00,79DAAFB4
2026-05-13T00:21:29Z,0.00,248.20,30.38,S,0.00,0.00,1008.60,79.36,1008.60,2.98,26.40,0.00,0.00,180.00,0.00,79DAAFB4
2026-05-13T00:04:21Z,0.00,248.20,30.18,S,0.00,0.00,1008.40,80.12,1008.40,2.86,26.37,0.00,0.00,180.00,0.00,79DAAFB4
2026-05-12T23:47:02Z,0.00,248.20,30.08,S,0.00,0.00,1008.10,80.92,1008.10,2.73,26.44,0.00,0.00,180.00,0.00,79DAAFB4
2026-05-12T23:29:43Z,0.00,248.20,29.99,S,0.00,0.00,1008.00,80.93,1008.00,2.73,26.35,0.00,0.00,180.00,0.00,79DAAFB4
2026-05-12T23:12:34Z,0.00,248.20,29.91,S,0.00,0.00,1007.70,81.08,1007.70,2.70,26.31,0.00,0.00,180.00,0.00,79DAAFB4
2026-05-12T22:55:26Z,0.00,248.20,29.85,S,0.00,0.00,1007.60,81.79,1007.60,2.60,26.39,0.00,0.00,180.00,0.00,79DAAFB4
2026-05-12T22:38:18Z,0.00,248.20,29.87,S,0.00,0.00,1007.40,81.81,1007.40,2.59,26.42,0.00,0.00,180.00,0.00,79DAAFB4
2026-05-12T22:20:59Z,0.00,248.20,29.79,S,0.00,0.00,1007.40,81.40,1007.40,2.65,26.26,0.00,0.00,180.00,0.00,79DAAFB4
2026-05-12T22:03:50Z,0.00,248.20,29.75,S,0.00,0.00,1007.20,81.42,1007.20,2.65,26.22,0.00,0.00,180.00,0.00,79DAAFB4
2026-05-12T21:46:41Z,0.00,248.20,29.76,S,0.00,0.00,1007.10,81.59,1007.10,2.62,26.27,0.00,0.00,180.00,0.00,79DAAFB4
2026-05-12T21:29:22Z,0.00,248.20,29.79,S,0.00,0.00,1007.00,81.10,1007.00,2.70,26.19,0.00,0.00,180.00,0.00,79DAAFB4
2026-05-12T21:12:14Z,0.00,248.20,29.81,S,0.00,0.00,1007.00,80.86,1007.00,2.73,26.16,0.00,0.00,180.00,0.00,79DAAFB4
2026-05-12T20:55:06Z,0.00,248.20,29.89,S,0.00,0.00,1006.90,80.66,1006.90,2.77,26.20,0.00,0.00,180.00,0.00,79DAAFB4
2026-05-12T20:37:47Z,0.00,248.20,30.00,S,0.00,0.00,1007.00,80.16,1007.00,2.85,26.20,0.00,0.00,180.00,0.00,79DAAFB4
2026-05-12T20:20:28Z,0.00,248.20,29.96,S,0.00,0.00,1007.00,79.98,1007.00,2.87,26.12,0.00,0.00,180.00,0.00,79DAAFB4
2026-05-12T20:03:19Z,0.00,248.20,29.99,S,0.00,0.00,1007.00,80.31,1007.00,2.82,26.22,0.00,0.00,180.00,0.00,79DAAFB4
2026-05-12T19:46:11Z,0.00,248.20,29.97,S,0.00,0.00,1007.00,80.02,1007.00,2.87,26.14,0.00,0.00,180.00,0.00,79DAAFB4
2026-05-12T19:29:03Z,0.00,248.20,30.05,S,0.00,0.00,1007.10,80.01,1007.10,2.87,26.22,0.00,0.00,180.00,0.00,79DAAFB4
2026-05-12T19:11:44Z,0.00,248.20,30.04,S,0.00,0.00,1007.20,79.99,1007.20,2.87,26.20,0.00,0.00,180.00,0.00,79DAAFB4
2026-05-12T18:54:35Z,0.00,248.20,30.01,S,0.00,0.00,1007.40,80.05,1007.40,2.86,26.19,0.00,0.00,180.00,0.00,79DAAFB4
2026-05-12T18:37:26Z,0.00,248.20,30.00,S,0.00,0.00,1007.50,80.46,1007.50,2.80,26.26,0.00,0.00,180.00,0.00,79DAAFB4
2026-05-12T18:20:18Z,0.00,248.20,30.11,S,0.00,0.00,1007.70,79.90,1007.70,2.89,26.25,0.00,0.00,180.00,0.00,79DAAFB4
2026-05-12T18:03:10Z,0.00,248.20,29.99,S,0.00,0.00,1007.70,80.17,1007.70,2.84,26.19,0.00,0.00,180.00,0.00,79DAAFB4
2026-05-12T17:46:02Z,0.00,248.20,29.92,S,0.00,0.00,1007.80,80.41,1007.80,2.81,26.17,0.00,0.00,180.00,0.00,79DAAFB4
2026-05-12T17:28:41Z,0.00,248.20,30.02,S,0.00,0.00,1008.10,80.38,1008.10,2.81,26.27,0.00,0.00,180.00,0.00,79DAAFB4
2026-05-12T17:11:33Z,0.00,248.20,30.01,S,0.00,0.00,1008.20,80.04,1008.20,2.86,26.18,0.00,0.00,180.00,0.00,79DAAFB4
2026-05-12T16:54:14Z,0.00,248.20,29.98,S,0.00,0.00,1008.40,80.09,1008.40,2.86,26.17,0.00,0.00,180.00,0.00,79DAAFB4
2026-05-12T16:36:55Z,0.00,248.20,30.03,S,0.00,0.00,1008.40,79.97,1008.40,2.88,26.19,0.00,0.00,180.00,0.00,79DAAFB4
2026-05-12T16:19:47Z,0.00,248.20,30.11,S,0.00,0.00,1008.40,79.87,1008.40,2.89,26.24,0.00,0.00,180.00,0.00,79DAAFB4
2026-05-12T16:02:27Z,0.00,248.20,30.18,S,0.00,0.00,1008.60,79.09,1008.60,3.02,26.15,0.00,0.00,180.00,0.00,79DAAFB4
2026-05-12T15:45:18Z,0.00,248.20,30.30,S,0.00,0.00,1008.70,78.90,1008.70,3.05,26.22,0.00,0.00,180.00,0.00,79DAAFB4
2026-05-12T15:28:10Z,0.00,248.20,30.38,S,0.00,0.00,1008.70,78.41,1008.70,3.13,26.19,0.00,0.00,180.00,0.00,79DAAFB4
2026-05-12T15:11:02Z,0.00,248.20,30.42,S,0.00,0.00,1008.50,78.11,1008.50,3.18,26.17,0.00,0.00,180.00,0.00,79DAAFB4
2026-05-12T14:53:54Z,0.00,248.20,30.51,S,0.00,0.00,1008.50,77.60,1008.50,3.26,26.14,0.00,0.00,180.00,0.00,79DAAFB4
2026-05-12T14:36:46Z,0.00,248.20,30.49,S,0.00,0.00,1008.50,77.01,1008.50,3.35,26.00,0.00,0.00,180.00,0.00,79DAAFB4
2026-05-12T14:19:38Z,0.00,248.20,30.59,S,0.00,0.00,1008.50,76.81,1008.50,3.38,26.05,0.00,0.00,180.00,0.00,79DAAFB4
2026-05-12T14:02:19Z,0.00,248.20,30.54,S,0.00,0.00,1008.30,76.89,1008.30,3.37,26.02,0.00,0.00,180.00,0.00,79DAAFB4
2026-05-12T13:45:00Z,0.00,248.20,30.54,S,0.00,0.00,1008.20,76.63,1008.20,3.41,25.96,0.00,0.00,180.00,0.00,79DAAFB4
2026-05-12T13:27:51Z,0.00,248.20,30.69,S,0.00,0.00,1008.00,76.50,1008.00,3.44,26.08,0.00,0.00,180.00,0.00,79DAAFB4
2026-05-12T13:10:43Z,0.00,248.20,30.79,S,0.00,0.00,1007.60,75.77,1007.60,3.55,26.01,0.00,0.00,180.00,0.00,79DAAFB4
2026-05-12T12:53:35Z,0.00,248.20,30.96,S,0.00,0.00,1007.40,75.43,1007.40,3.62,26.10,0.00,0.00,180.00,0.00,79DAAFB4
2026-05-12T12:36:16Z,0.00,248.20,31.08,S,0.00,0.00,1007.10,73.68,1007.10,3.90,25.82,0.00,0.00,180.00,0.00,79DAAFB4
2026-05-12T12:19:07Z,0.00,248.20,31.15,S,0.00,0.00,1006.70,72.38,1006.70,4.10,25.58,0.00,0.00,180.00,0.00,79DAAFB4
2026-05-12T12:01:58Z,0.00,248.20,31.41,S,0.00,0.00,1006.40,71.25,1006.40,4.30,25.57,0.00,0.00,180.00,0.00,79DAAFB4
2026-05-12T11:44:49Z,0.00,248.20,31.69,S,0.00,0.00,1006.20,68.93,1006.20,4.69,25.28,0.00,0.00,180.00,0.00,79DAAFB4
2026-05-12T11:27:41Z,0.00,248.20,31.91,S,0.00,0.00,1006.00,68.13,1006.00,4.84,25.29,0.00,0.00,180.00,0.00,79DAAFB4
2026-05-12T11:10:33Z,0.00,248.20,32.18,S,0.00,0.00,1006.00,66.14,1006.00,5.19,25.05,0.00,0.00,180.00,0.00,79DAAFB4
2026-05-12T10:53:14Z,0.00,248.20,32.60,S,0.00,0.00,1005.40,63.89,1005.40,5.60,24.86,0.00,0.00,180.00,0.00,79DAAFB4
2026-05-12T10:35:55Z,0.00,248.20,33.08,S,0.00,0.00,1005.10,61.42,1005.10,6.07,24.66,0.00,0.00,180.00,0.00,79DAAFB4
2026-05-12T10:18:47Z,0.00,248.20,34.29,S,0.00,0.00,1004.90,58.24,1004.90,6.76,24.90,0.00,0.00,180.00,0.00,79DAAFB4
2026-05-12T10:01:27Z,0.00,248.20,36.34,S,0.00,0.00,1004.70,50.75,1004.70,8.44,24.48,0.00,0.00,180.00,0.00,79DAAFB4
2026-05-12T09:44:18Z,0.00,248.20,37.12,S,0.00,0.00,1004.60,48.05,1004.60,9.11,24.28,0.00,0.00,180.00,0.00,79DAAFB4
2026-05-12T09:27:10Z,0.00,248.20,38.58,S,0.00,0.00,1004.50,46.41,1004.50,9.68,25.02,0.00,0.00,180.00,0.00,79DAAFB4
2026-05-12T09:09:51Z,0.00,248.20,38.94,S,0.00,0.00,1004.40,46.73,1004.40,9.67,25.47,0.00,0.00,180.00,0.00,79DAAFB4
2026-05-12T08:52:43Z,0.00,248.20,38.84,S,0.00,0.00,1004.40,46.92,1004.40,9.61,25.44,0.00,0.00,180.00,0.00,79DAAFB4
2026-05-12T08:35:35Z,0.00,248.20,38.91,S,0.00,0.00,1004.50,45.24,1004.50,10.00,24.89,0.00,0.00,180.00,0.00,79DAAFB4
2026-05-12T08:18:16Z,0.00,248.20,39.08,S,0.00,0.00,1004.70,43.20,1004.70,10.49,24.27,0.00,0.00,180.00,0.00,79DAAFB4
2026-05-12T08:01:08Z,0.00,248.20,38.84,S,0.00,0.00,1004.80,42.02,1004.80,10.73,23.60,0.00,0.00,180.00,0.00,79DAAFB4
2026-05-12T07:40:22Z,0.00,248.20,36.34,S,0.00,0.00,1004.90,49.22,1004.90,8.75,23.97,0.00,0.00,180.00,0.00,79DAAFB4
2026-05-12T01:58:39Z,0.00,248.20,27.31,S,0.00,0.00,1009.50,51.37,1009.50,7.10,16.40,0.00,0.00,180.00,0.00,79DAAFB4
2026-05-12T01:41:31Z,0.00,248.20,28.93,S,0.00,0.00,1009.60,58.46,1009.60,6.14,19.96,0.00,0.00,180.00,0.00,79DAAFB4
2026-05-12T01:24:12Z,0.00,248.20,30.41,S,0.00,0.00,1009.60,69.19,1009.60,4.56,24.12,0.00,0.00,180.00,0.00,79DAAFB4
2026-05-12T01:07:03Z,0.00,248.20,30.38,S,0.00,0.00,1009.30,69.15,1009.30,4.56,24.08,0.00,0.00,180.00,0.00,79DAAFB4
2026-05-12T00:49:54Z,0.00,248.20,30.37,S,0.00,0.00,1009.00,69.15,1009.00,4.56,24.07,0.00,0.00,180.00,0.00,79DAAFB4
2026-05-12T00:32:35Z,0.00,248.20,30.41,S,0.00,0.00,1009.00,69.01,1009.00,4.59,24.08,0.00,0.00,180.00,0.00,79DAAFB4
2026-05-12T00:15:27Z,0.00,248.20,30.36,S,0.00,0.00,1009.00,68.88,1009.00,4.61,24.00,0.00,0.00,180.00,0.00,79DAAFB4
2026-05-11T23:58:19Z,0.00,248.20,30.40,S,0.00,0.00,1008.80,68.61,1008.80,4.65,23.97,0.00,0.00,180.00,0.00,79DAAFB4
2026-05-11T23:41:00Z,0.00,248.20,30.31,S,0.00,0.00,1008.50,68.45,1008.50,4.67,23.85,0.00,0.00,180.00,0.00,79DAAFB4
2026-05-11T23:23:41Z,0.00,248.20,30.31,S,0.00,0.00,1008.30,68.30,1008.30,4.69,23.81,0.00,0.00,180.00,0.00,79DAAFB4
2026-05-11T23:06:33Z,0.00,248.20,30.30,S,0.00,0.00,1008.00,68.18,1008.00,4.71,23.77,0.00,0.00,180.00,0.00,79DAAFB4
2026-05-11T22:49:13Z,0.00,248.20,30.30,S,0.00,0.00,1008.00,68.08,1008.00,4.73,23.75,0.00,0.00,180.00,0.00,79DAAFB4
2026-05-11T22:32:04Z,0.00,248.20,30.27,S,0.00,0.00,1007.90,67.90,1007.90,4.75,23.67,0.00,0.00,180.00,0.00,79DAAFB4
2026-05-11T22:14:56Z,0.00,248.20,30.28,S,0.00,0.00,1007.70,67.87,1007.70,4.76,23.68,0.00,0.00,180.00,0.00,79DAAFB4
2026-05-11T21:57:48Z,0.00,248.20,30.29,S,0.00,0.00,1007.70,67.62,1007.70,4.80,23.62,0.00,0.00,180.00,0.00,79DAAFB4
2026-05-11T21:40:40Z,0.00,248.20,30.29,S,0.00,0.00,1007.60,67.54,1007.60,4.81,23.60,0.00,0.00,180.00,0.00,79DAAFB4
2026-05-11T21:23:32Z,0.00,248.20,30.28,S,0.00,0.00,1007.40,67.31,1007.40,4.85,23.54,0.00,0.00,180.00,0.00,79DAAFB4
2026-05-11T21:06:24Z,0.00,248.20,30.25,S,0.00,0.00,1007.30,67.07,1007.30,4.88,23.45,0.00,0.00,180.00,0.00,79DAAFB4
2026-05-11T20:49:16Z,0.00,248.20,30.19,S,0.00,0.00,1007.30,66.78,1007.30,4.93,23.32,0.00,0.00,180.00,0.00,79DAAFB4
2026-05-11T20:31:57Z,0.00,248.20,30.22,S,0.00,0.00,1007.30,66.69,1007.30,4.94,23.33,0.00,0.00,180.00,0.00,79DAAFB4
2026-05-11T20:14:48Z,0.00,248.20,30.22,S,0.00,0.00,1007.40,66.53,1007.40,4.97,23.29,0.00,0.00,180.00,0.00,79DAAFB4
2026-05-11T19:57:40Z,0.00,248.20,30.19,S,0.00,0.00,1007.50,66.33,1007.50,5.00,23.21,0.00,0.00,180.00,0.00,79DAAFB4
2026-05-11T19:40:32Z,0.00,248.20,30.14,S,0.00,0.00,1007.60,66.08,1007.60,5.03,23.10,0.00,0.00,180.00,0.00,79DAAFB4
2026-05-11T19:23:13Z,0.00,248.20,30.15,S,0.00,0.00,1007.60,65.92,1007.60,5.06,23.07,0.00,0.00,180.00,0.00,79DAAFB4
2026-05-11T19:06:04Z,0.00,248.20,30.14,S,0.00,0.00,1007.60,65.73,1007.60,5.09,23.01,0.00,0.00,180.00,0.00,79DAAFB4
2026-05-11T18:48:55Z,0.00,248.20,30.09,S,0.00,0.00,1007.80,65.45,1007.80,5.13,22.89,0.00,0.00,180.00,0.00,79DAAFB4
2026-05-11T18:31:36Z,0.00,248.20,30.09,S,0.00,0.00,1007.90,65.08,1007.90,5.19,22.80,0.00,0.00,180.00,0.00,79DAAFB4
2026-05-11T18:14:28Z,0.00,248.20,30.11,S,0.00,0.00,1007.80,64.83,1007.80,5.23,22.76,0.00,0.00,180.00,0.00,79DAAFB4
2026-05-11T17:57:20Z,0.00,248.20,30.04,S,0.00,0.00,1007.80,64.53,1007.80,5.27,22.61,0.00,0.00,180.00,0.00,79DAAFB4
2026-05-11T17:40:01Z,0.00,248.20,30.05,S,0.00,0.00,1008.00,64.33,1008.00,5.31,22.57,0.00,0.00,180.00,0.00,79DAAFB4
2026-05-11T17:22:42Z,0.00,248.20,29.99,S,0.00,0.00,1008.20,63.94,1008.20,5.36,22.41,0.00,0.00,180.00,0.00,79DAAFB4
2026-05-11T17:05:33Z,0.00,248.20,29.96,S,0.00,0.00,1008.20,63.63,1008.20,5.41,22.31,0.00,0.00,180.00,0.00,79DAAFB4
2026-05-11T16:48:25Z,0.00,248.20,29.92,S,0.00,0.00,1008.30,63.15,1008.30,5.48,22.14,0.00,0.00,180.00,0.00,79DAAFB4
2026-05-11T16:31:17Z,0.00,248.20,29.92,S,0.00,0.00,1008.40,62.90,1008.40,5.52,22.08,0.00,0.00,180.00,0.00,79DAAFB4
2026-05-11T16:13:58Z,0.00,248.20,29.90,S,0.00,0.00,1008.50,62.57,1008.50,5.58,21.97,0.00,0.00,180.00,0.00,79DAAFB4
2026-05-11T15:56:49Z,0.00,248.20,29.86,S,0.00,0.00,1008.70,62.17,1008.70,5.64,21.83,0.00,0.00,180.00,0.00,79DAAFB4
2026-05-11T15:39:40Z,0.00,248.20,29.85,S,0.00,0.00,1008.70,61.83,1008.70,5.69,21.73,0.00,0.00,180.00,0.00,79DAAFB4
2026-05-11T15:22:21Z,0.00,248.20,29.82,S,0.00,0.00,1008.70,61.50,1008.70,5.74,21.62,0.00,0.00,180.00,0.00,79DAAFB4
2026-05-11T15:05:13Z,0.00,248.20,29.79,S,0.00,0.00,1008.70,61.02,1008.70,5.82,21.46,0.00,0.00,180.00,0.00,79DAAFB4
2026-05-11T14:48:05Z,0.00,248.20,29.72,S,0.00,0.00,1008.50,60.50,1008.50,5.89,21.25,0.00,0.00,180.00,0.00,79DAAFB4
2026-05-11T14:30:46Z,0.00,248.20,29.66,S,0.00,0.00,1008.40,59.96,1008.40,5.98,21.05,0.00,0.00,180.00,0.00,79DAAFB4
2026-05-11T14:13:27Z,0.00,248.20,29.58,S,0.00,0.00,1008.30,59.55,1008.30,6.04,20.87,0.00,0.00,180.00,0.00,79DAAFB4
2026-05-11T13:56:19Z,0.00,248.20,29.52,S,0.00,0.00,1008.20,58.80,1008.20,6.15,20.60,0.00,0.00,180.00,0.00,79DAAFB4
2026-05-11T13:38:59Z,0.00,248.20,29.43,S,0.00,0.00,1008.10,57.79,1008.10,6.31,20.24,0.00,0.00,180.00,0.00,79DAAFB4
2026-05-11T13:21:50Z,0.00,248.20,29.36,S,0.00,0.00,1007.90,57.46,1007.90,6.35,20.08,0.00,0.00,180.00,0.00,79DAAFB4
2026-05-11T13:04:42Z,0.00,248.20,29.17,S,0.00,0.00,1007.90,56.99,1007.90,6.41,19.77,0.00,0.00,180.00,0.00,79DAAFB4
2026-05-11T12:47:34Z,0.00,248.20,29.06,S,0.00,0.00,1007.60,56.44,1007.60,6.49,19.51,0.00,0.00,180.00,0.00,79DAAFB4
2026-05-11T12:30:26Z,0.00,248.20,28.86,S,0.00,0.00,1007.20,55.42,1007.20,6.63,19.03,0.00,0.00,180.00,0.00,79DAAFB4
2026-05-11T12:13:18Z,0.00,248.20,28.68,S,0.00,0.00,1007.10,53.91,1007.10,6.86,18.43,0.00,0.00,180.00,0.00,79DAAFB4
2026-05-11T11:56:10Z,0.00,248.20,28.31,S,0.00,0.00,1006.90,52.94,1006.90,6.97,17.79,0.00,0.00,180.00,0.00,79DAAFB4
2026-05-11T11:38:51Z,0.00,248.20,27.95,S,0.00,0.00,1006.60,50.97,1006.60,7.25,16.86,0.00,0.00,180.00,0.00,79DAAFB4
2026-05-11T11:21:32Z,0.00,248.20,27.37,S,0.00,0.00,1006.40,48.89,1006.40,7.52,15.68,0.00,0.00,180.00,0.00,79DAAFB4
2026-05-11T11:04:23Z,0.00,248.20,26.65,S,0.00,0.00,1006.10,47.05,1006.10,7.72,14.43,0.00,0.00,180.00,0.00,79DAAFB4
2026-05-11T10:47:15Z,0.00,248.20,25.50,S,0.00,0.00,1005.90,45.30,1005.90,7.82,12.80,0.00,0.00,180.00,0.00,79DAAFB4
2026-05-11T10:30:07Z,0.00,248.20,24.76,S,0.00,0.00,1005.80,41.38,1005.80,8.34,10.76,0.00,0.00,180.00,0.00,79DAAFB4
2026-05-11T10:12:48Z,0.00,248.20,24.88,S,0.00,0.00,1005.70,40.86,1005.70,8.45,10.68,0.00,0.00,180.00,0.00,79DAAFB4
2026-05-11T09:55:39Z,0.00,248.20,25.10,S,0.00,0.00,1005.60,41.39,1005.60,8.40,11.07,0.00,0.00,180.00,0.00,79DAAFB4
2026-05-11T09:38:30Z,0.00,248.20,25.19,S,0.00,0.00,1005.50,41.78,1005.50,8.35,11.29,0.00,0.00,180.00,0.00,79DAAFB4
2026-05-11T09:21:22Z,0.00,248.20,25.22,S,0.00,0.00,1005.40,41.50,1005.40,8.40,11.22,0.00,0.00,180.00,0.00,79DAAFB4
2026-05-11T09:04:14Z,0.00,248.20,25.31,S,0.00,0.00,1005.20,41.43,1005.20,8.43,11.27,0.00,0.00,180.00,0.00,79DAAFB4
2026-05-11T08:43:28Z,0.00,248.20,25.39,S,0.00,0.00,1005.10,41.22,1005.10,8.48,11.27,0.00,0.00,180.00,0.00,79DAAFB4
2026-05-11T03:12:22Z,0.00,248.20,25.73,S,0.00,0.00,1010.70,40.14,1010.70,8.73,11.17,0.00,0.00,180.00,0.00,79DAAFB4
2026-05-11T02:51:36Z,0.00,248.20,25.69,S,0.00,0.00,1010.80,42.09,1010.80,8.39,11.85,0.00,0.00,180.00,0.00,79DAAFB4
2026-05-08T10:27:16Z,0.00,248.20,31.64,S,0.00,0.00,1006.70,68.81,1006.70,4.71,25.20,0.00,0.00,180.00,0.00,79DAAFB4
2026-05-08T10:09:57Z,0.00,248.20,31.71,S,0.00,0.00,1006.40,69.59,1006.40,4.59,25.46,0.00,0.00,180.00,0.00,79DAAFB4
2026-05-08T09:52:49Z,0.00,248.20,31.57,S,0.00,0.00,1006.10,70.16,1006.10,4.49,25.46,0.00,0.00,180.00,0.00,79DAAFB4
2026-05-08T09:35:41Z,0.00,248.20,31.75,S,0.00,0.00,1006.00,68.98,1006.00,4.69,25.35,0.00,0.00,180.00,0.00,79DAAFB4
2026-05-08T09:18:22Z,0.00,248.20,32.10,S,0.00,0.00,1005.90,66.22,1005.90,5.17,24.99,0.00,0.00,180.00,0.00,79DAAFB4
2026-05-08T09:01:03Z,0.00,248.20,32.32,S,0.00,0.00,1005.60,66.03,1005.60,5.22,25.15,0.00,0.00,180.00,0.00,79DAAFB4
2026-05-08T08:43:55Z,0.00,248.20,33.42,S,0.00,0.00,1005.50,62.94,1005.50,5.84,25.39,0.00,0.00,180.00,0.00,79DAAFB4
2026-05-08T08:26:35Z,0.00,248.20,34.32,S,0.00,0.00,1005.70,61.53,1005.70,6.17,25.85,0.00,0.00,180.00,0.00,79DAAFB4
2026-05-08T08:09:26Z,0.00,248.20,34.07,S,0.00,0.00,1006.10,61.97,1006.10,6.07,25.74,0.00,0.00,180.00,0.00,79DAAFB4
2026-05-08T07:52:18Z,0.00,248.20,34.28,S,0.00,0.00,1006.20,61.34,1006.20,6.20,25.76,0.00,0.00,180.00,0.00,79DAAFB4
2026-05-08T07:34:59Z,0.00,248.20,34.86,S,0.00,0.00,1006.30,59.60,1006.30,6.57,25.82,0.00,0.00,180.00,0.00,79DAAFB4
2026-05-08T07:17:51Z,0.00,248.20,35.54,S,0.00,0.00,1006.30,59.13,1006.30,6.73,26.32,0.00,0.00,180.00,0.00,79DAAFB4
2026-05-08T07:00:43Z,0.00,248.20,35.91,S,0.00,0.00,1006.90,54.00,1006.90,7.74,25.13,0.00,0.00,180.00,0.00,79DAAFB4
2026-05-08T06:43:24Z,0.00,248.20,35.26,S,0.00,0.00,1007.10,55.55,1007.10,7.37,25.00,0.00,0.00,180.00,0.00,79DAAFB4
2026-05-08T06:26:16Z,0.00,248.20,35.34,S,0.00,0.00,1007.40,54.77,1007.40,7.52,24.84,0.00,0.00,180.00,0.00,79DAAFB4
2026-05-08T06:08:56Z,0.00,248.20,35.86,S,0.00,0.00,1007.70,52.85,1007.70,7.96,24.72,0.00,0.00,180.00,0.00,79DAAFB4
2026-05-08T05:51:37Z,0.00,248.20,35.88,ENE,0.00,0.00,1008.00,52.18,1008.00,8.09,24.53,0.00,0.00,62.00,0.00,79DAAFB4
2026-05-08T05:34:29Z,0.00,248.20,34.99,S,0.00,0.00,1008.40,54.44,1008.40,7.54,24.42,0.00,0.00,180.00,0.00,79DAAFB4
2026-05-08T05:14:38Z,0.00,248.20,34.35,S,0.00,0.00,1008.60,56.02,1008.60,7.17,24.30,0.00,0.00,180.00,0.00,79DAAFB4
2026-05-07T09:57:51Z,0.00,248.20,34.45,S,0.00,0.00,1005.00,55.62,1005.00,7.26,24.27,0.00,0.00,180.00,0.00,79DAAFB4
2026-05-07T09:40:32Z,0.00,248.20,35.04,S,0.00,0.00,1004.90,55.38,1004.90,7.37,24.75,0.00,0.00,180.00,0.00,79DAAFB4
2026-05-07T09:23:24Z,0.00,248.20,35.48,S,0.00,0.00,1004.90,55.43,1004.90,7.41,25.17,0.00,0.00,180.00,0.00,79DAAFB4
2026-05-07T09:06:16Z,0.00,248.20,35.96,ESE,0.00,0.00,1005.00,54.26,1005.00,7.70,25.26,0.00,0.00,122.00,0.00,79DAAFB4
2026-05-07T08:48:57Z,0.00,248.20,36.59,S,0.00,0.00,1004.90,52.04,1004.90,8.22,25.13,0.00,0.00,180.00,0.00,79DAAFB4
2026-05-07T08:31:38Z,0.60,248.20,36.58,S,0.00,0.00,1004.90,51.80,1004.90,8.26,25.05,0.00,0.00,180.00,0.00,79DAAFB4
2026-05-07T08:14:29Z,0.00,247.60,36.67,S,0.00,0.00,1004.90,51.39,1004.90,8.36,25.00,0.00,0.00,180.00,0.00,79DAAFB4
2026-05-07T07:57:21Z,0.00,247.60,36.73,S,0.00,0.00,1005.10,51.66,1005.10,8.31,25.14,0.00,0.00,180.00,0.00,79DAAFB4
2026-05-07T07:40:13Z,1.00,247.60,36.58,S,0.00,0.00,1005.10,50.81,1005.10,8.46,24.72,0.00,0.00,180.00,0.00,79DAAFB4
2026-05-07T07:22:23Z,0.00,246.60,34.96,S,0.00,0.00,1005.50,55.05,1005.50,7.42,24.57,0.00,0.00,180.00,0.00,79DAAFB4
2026-04-20T04:07:16Z,0.00,246.60,28.85,S,0.00,0.00,1187.37,52.70,1011.10,7.08,18.22,0.00,0.00,180.00,0.00,79DAAFB4
2026-04-17T06:20:01Z,0.00,246.60,26.03,W,2.27,2.52,1031.27,66.14,855.00,4.69,19.22,0.00,0.00,281.00,1.94,79DAAFB4
2026-04-17T06:02:42Z,0.00,246.60,27.16,W,0.00,0.00,1031.57,62.16,855.30,5.39,19.29,0.00,0.00,277.00,0.00,79DAAFB4
2026-04-17T05:45:33Z,0.00,246.60,28.58,S,0.00,0.00,1031.77,59.38,855.50,5.96,19.88,0.00,0.00,180.00,0.00,79DAAFB4
2026-04-17T05:28:24Z,0.00,246.60,28.68,W,3.89,4.10,1031.87,47.39,855.60,7.97,16.38,0.00,0.00,261.00,3.78,79DAAFB4
2026-04-17T05:11:14Z,0.00,246.60,29.22,NE,8.21,8.82,1032.07,46.46,855.80,8.22,16.56,0.00,0.00,42.00,7.13,79DAAFB4
2026-04-17T04:54:06Z,0.00,246.60,28.87,SW,5.72,6.08,1032.27,45.53,856.00,8.33,15.93,0.00,0.00,226.00,5.44,79DAAFB4
2026-04-17T04:36:58Z,0.00,246.60,28.27,SW,4.54,5.72,1032.47,46.29,856.20,8.10,15.64,0.00,0.00,236.00,3.53,79DAAFB4
2026-04-17T04:19:39Z,0.00,246.60,28.44,WNW,1.40,2.27,1032.67,52.37,856.40,7.09,17.74,0.00,0.00,291.00,0.00,79DAAFB4
2026-04-17T04:02:31Z,0.00,246.60,27.88,W,5.65,6.30,1032.77,48.66,856.50,7.63,16.07,0.00,0.00,277.00,4.90,79DAAFB4
2026-04-17T03:45:11Z,0.00,246.60,27.56,S,0.00,0.00,1033.07,50.60,856.80,7.26,16.39,0.00,0.00,180.00,0.00,79DAAFB4
2026-04-17T03:28:03Z,0.00,246.60,28.62,WNW,3.35,3.64,1033.07,48.53,856.80,7.76,16.70,0.00,0.00,291.00,3.13,79DAAFB4
2026-04-17T03:10:54Z,0.00,246.60,27.36,WSW,4.00,4.43,1033.17,55.07,856.90,6.51,17.54,0.00,0.00,252.00,3.74,79DAAFB4
2026-04-17T02:52:21Z,0.00,246.60,27.03,WNW,2.99,3.42,1033.17,59.81,856.90,5.73,18.55,0.00,0.00,292.00,2.48,79DAAFB4
2026-04-17T02:34:18Z,0.00,246.60,25.70,SSW,0.00,0.00,1030.35,61.23,857.10,5.39,17.67,0.00,0.00,210.00,0.00,79DAAFB4
2026-04-17T02:17:10Z,0.00,246.60,24.95,E,0.97,2.92,1030.35,64.26,857.10,4.87,17.73,0.00,0.00,86.00,0.00,79DAAFB4
2026-04-17T02:00:02Z,0.00,246.60,23.97,ENE,7.63,8.35,1030.35,71.77,857.10,3.75,18.56,0.00,0.00,71.00,6.19,79DAAFB4
2026-04-17T01:42:43Z,0.00,246.60,21.95,S,0.00,0.00,1030.45,91.97,857.20,1.01,20.58,0.00,0.00,180.00,0.00,79DAAFB4
2026-04-17T01:25:24Z,0.00,246.60,20.63,S,0.00,0.00,1030.55,94.82,857.30,0.64,19.77,0.00,0.00,180.00,0.00,79DAAFB4
2026-04-17T01:08:16Z,0.00,246.60,19.02,S,0.00,0.00,1030.35,96.58,857.10,0.41,18.46,0.00,0.00,180.00,0.00,79DAAFB4
2026-04-17T00:50:56Z,0.00,246.60,17.86,NW,0.00,0.00,1030.25,96.76,857.00,0.39,17.34,0.00,0.00,305.00,0.00,79DAAFB4
2026-04-17T00:33:47Z,0.00,246.60,16.82,S,0.00,0.00,1029.95,96.89,856.70,0.38,16.32,0.00,0.00,180.00,0.00,79DAAFB4
2026-04-17T00:16:39Z,0.00,246.60,16.40,S,0.00,0.00,1029.75,96.94,856.50,0.37,15.91,0.00,0.00,180.00,0.00,79DAAFB4
2026-04-16T23:59:31Z,0.00,246.60,16.16,S,0.00,0.00,1029.55,96.98,856.30,0.37,15.68,0.00,0.00,180.00,0.00,79DAAFB4
2026-04-16T23:42:23Z,0.00,246.60,16.02,S,0.00,0.00,1029.45,96.97,856.20,0.37,15.54,0.00,0.00,180.00,0.00,79DAAFB4
2026-04-16T23:25:15Z,0.00,246.60,15.78,S,0.00,0.00,1029.15,97.00,855.90,0.37,15.30,0.00,0.00,180.00,0.00,79DAAFB4
2026-04-16T23:08:07Z,0.00,246.60,15.66,S,0.00,0.00,1029.05,96.97,855.80,0.37,15.18,0.00,0.00,180.00,0.00,79DAAFB4
2026-04-16T22:50:48Z,0.00,246.60,15.65,S,0.00,0.00,1028.95,96.98,855.70,0.37,15.17,0.00,0.00,180.00,0.00,79DAAFB4
2026-04-16T22:33:29Z,0.00,246.60,15.74,S,0.00,0.00,1028.95,96.95,855.70,0.37,15.26,0.00,0.00,180.00,0.00,79DAAFB4
2026-04-16T22:16:21Z,0.00,246.60,15.81,S,0.00,0.00,1028.85,96.97,855.60,0.37,15.33,0.00,0.00,180.00,0.00,79DAAFB4
2026-04-16T21:59:01Z,0.00,246.60,15.90,S,0.00,0.00,1028.65,96.89,855.40,0.38,15.41,0.00,0.00,180.00,0.00,79DAAFB4
2026-04-16T21:41:52Z,0.20,246.60,16.07,W,1.98,2.09,1028.65,96.89,855.40,0.38,15.58,0.00,0.00,263.00,1.94,79DAAFB4
2026-04-16T21:24:44Z,0.00,246.40,16.13,W,1.73,1.80,1028.55,96.86,855.30,0.38,15.63,0.00,0.00,274.00,1.66,79DAAFB4
2026-04-16T21:07:36Z,0.00,246.40,16.22,S,0.00,0.00,1028.45,96.86,855.20,0.38,15.72,0.00,0.00,180.00,0.00,79DAAFB4
2026-04-16T20:50:28Z,0.00,246.40,16.31,W,2.05,2.30,1028.35,96.79,855.10,0.39,15.80,0.00,0.00,281.00,1.76,79DAAFB4
2026-04-16T20:33:20Z,0.00,246.40,16.20,S,0.00,0.00,1028.25,96.77,855.00,0.39,15.69,0.00,0.00,180.00,0.00,79DAAFB4
2026-04-16T20:16:12Z,0.00,246.40,16.31,W,0.65,1.98,1028.15,96.76,854.90,0.39,15.79,0.00,0.00,264.00,0.00,79DAAFB4
2026-04-16T19:58:53Z,0.00,246.40,16.46,S,0.00,0.00,1028.15,96.70,854.90,0.40,15.93,0.00,0.00,180.00,0.00,79DAAFB4
2026-04-16T19:41:34Z,0.00,246.40,16.46,S,0.00,0.00,1028.25,96.67,855.00,0.40,15.93,0.00,0.00,180.00,0.00,79DAAFB4
2026-04-16T19:24:26Z,0.00,246.40,16.72,S,0.00,0.00,1028.35,96.66,855.10,0.40,16.19,0.00,0.00,180.00,0.00,79DAAFB4
2026-04-16T19:07:06Z,0.00,246.40,16.58,S,0.00,0.00,1028.35,96.56,855.10,0.42,16.03,0.00,0.00,180.00,0.00,79DAAFB4
2026-04-16T18:49:57Z,0.20,246.40,16.70,S,0.00,0.00,1028.55,96.59,855.30,0.41,16.15,0.00,0.00,180.00,0.00,79DAAFB4
2026-04-16T18:32:49Z,0.00,246.20,16.78,S,0.00,0.00,1028.45,96.50,855.20,0.42,16.22,0.00,0.00,180.00,0.00,79DAAFB4
2026-04-16T18:15:41Z,0.00,246.20,16.99,S,0.00,0.00,1028.65,96.49,855.40,0.42,16.43,0.00,0.00,180.00,0.00,79DAAFB4
2026-04-16T17:58:33Z,0.00,246.20,17.25,NW,0.58,1.76,1028.75,96.51,855.50,0.42,16.69,0.00,0.00,310.00,0.00,79DAAFB4
2026-04-16T17:41:25Z,0.00,246.20,17.28,S,0.00,0.00,1028.75,96.43,855.50,0.43,16.71,0.00,0.00,180.00,0.00,79DAAFB4
2026-04-16T17:24:17Z,0.00,246.20,17.33,S,0.00,0.00,1029.05,96.43,855.80,0.43,16.76,0.00,0.00,180.00,0.00,79DAAFB4
2026-04-16T17:07:09Z,0.00,246.20,17.41,S,0.00,0.00,1029.15,96.38,855.90,0.44,16.83,0.00,0.00,180.00,0.00,79DAAFB4
2026-04-16T16:49:50Z,0.00,246.20,17.50,S,0.00,0.00,1029.25,96.36,856.00,0.44,16.91,0.00,0.00,180.00,0.00,79DAAFB4
2026-04-16T16:32:41Z,0.00,246.20,17.62,S,0.00,0.00,1029.55,96.32,856.30,0.44,17.03,0.00,0.00,180.00,0.00,79DAAFB4
2026-04-16T16:15:33Z,0.00,246.20,17.72,WSW,0.00,0.00,1029.75,96.26,856.50,0.45,17.12,0.00,0.00,238.00,0.00,79DAAFB4
2026-04-16T15:58:25Z,0.00,246.20,17.82,WSW,2.09,2.34,1029.45,96.20,856.20,0.46,17.21,0.00,0.00,246.00,1.76,79DAAFB4
2026-04-16T15:24:09Z,0.00,246.20,17.98,S,0.00,0.00,1029.75,96.11,856.50,0.47,17.35,0.00,0.00,180.00,0.00,79DAAFB4
2026-04-16T15:07:01Z,0.00,246.20,17.96,S,0.00,0.00,1029.75,96.00,856.50,0.48,17.31,0.00,0.00,180.00,0.00,79DAAFB4
2026-04-16T14:49:53Z,0.00,246.20,18.04,S,0.00,0.00,1029.55,95.97,856.30,0.49,17.39,0.00,0.00,180.00,0.00,79DAAFB4
2026-04-16T14:32:45Z,0.00,246.20,17.91,S,0.00,0.00,1029.55,95.87,856.30,0.50,17.24,0.00,0.00,180.00,0.00,79DAAFB4
2026-04-16T14:15:37Z,0.00,246.20,18.04,S,0.00,0.00,1029.35,95.87,856.10,0.50,17.37,0.00,0.00,180.00,0.00,79DAAFB4
2026-04-16T13:58:18Z,0.00,246.20,18.04,S,0.00,0.00,1029.35,95.75,856.10,0.51,17.35,0.00,0.00,180.00,0.00,79DAAFB4
2026-04-16T13:41:09Z,0.00,246.20,17.87,S,0.00,0.00,1029.45,95.60,856.20,0.53,17.16,0.00,0.00,180.00,0.00,79DAAFB4
2026-04-16T13:24:01Z,0.00,246.20,17.97,S,0.00,0.00,1029.25,95.47,856.00,0.55,17.24,0.00,0.00,180.00,0.00,79DAAFB4
2026-04-16T13:06:41Z,0.00,246.20,18.06,S,0.00,0.00,1029.15,95.35,855.90,0.56,17.30,0.00,0.00,180.00,0.00,79DAAFB4
2026-04-16T12:49:32Z,0.00,246.20,18.20,S,0.00,0.00,1029.05,95.16,855.80,0.58,17.41,0.00,0.00,180.00,0.00,79DAAFB4
2026-04-16T12:32:24Z,0.00,246.20,18.01,WSW,0.00,0.00,1028.95,94.72,855.70,0.64,17.15,0.00,0.00,257.00,0.00,79DAAFB4
2026-04-16T12:15:16Z,0.00,246.20,18.22,S,0.00,0.00,1028.75,94.62,855.50,0.65,17.34,0.00,0.00,180.00,0.00,79DAAFB4
2026-04-16T11:58:08Z,0.00,246.20,18.31,S,0.00,0.00,1028.65,94.26,855.40,0.69,17.37,0.00,0.00,180.00,0.00,79DAAFB4
2026-04-16T11:41:00Z,0.00,246.20,18.50,S,0.00,0.00,1028.65,94.04,855.40,0.72,17.52,0.00,0.00,180.00,0.00,79DAAFB4
2026-04-16T11:23:52Z,0.00,246.20,18.79,S,0.00,0.00,1028.25,93.67,855.00,0.77,17.75,0.00,0.00,180.00,0.00,79DAAFB4
2026-04-16T11:06:33Z,0.00,246.20,18.64,S,0.00,0.00,1028.15,93.19,854.90,0.82,17.52,0.00,0.00,180.00,0.00,79DAAFB4
2026-04-16T10:49:14Z,0.00,246.20,19.13,S,0.00,0.00,1028.15,92.10,854.90,0.96,17.82,0.00,0.00,180.00,0.00,79DAAFB4
2026-04-16T10:32:05Z,0.00,246.20,19.61,S,0.00,0.00,1028.05,90.97,854.80,1.11,18.09,0.00,0.00,180.00,0.00,79DAAFB4
2026-04-16T10:14:57Z,0.00,246.20,19.99,S,0.00,0.00,1027.85,90.82,854.60,1.13,18.44,0.00,0.00,180.00,0.00,79DAAFB4
2026-04-16T09:57:49Z,0.00,246.20,20.16,NNE,0.00,0.00,1027.85,90.36,854.60,1.19,18.53,0.00,0.00,24.00,0.00,79DAAFB4
2026-04-16T09:23:32Z,0.00,246.20,20.00,S,0.00,0.00,1027.55,90.24,854.30,1.20,18.35,0.00,0.00,180.00,0.00,79DAAFB4
2026-04-16T09:06:24Z,0.00,246.20,19.58,W,2.56,2.81,1027.65,90.75,854.40,1.13,18.03,0.00,0.00,278.00,2.23,79DAAFB4
2026-04-16T08:49:16Z,0.00,246.20,19.22,S,0.00,0.00,1027.75,91.75,854.50,1.00,17.84,0.00,0.00,180.00,0.00,79DAAFB4
2026-04-16T08:32:08Z,0.00,246.20,19.14,S,0.00,0.00,1027.95,92.33,854.70,0.93,17.87,0.00,0.00,180.00,0.00,79DAAFB4
2026-04-16T08:15:00Z,0.00,246.20,18.86,S,0.00,0.00,1028.25,92.82,855.00,0.87,17.67,0.00,0.00,180.00,0.00,79DAAFB4
2026-04-16T07:57:52Z,0.20,246.20,18.71,S,0.00,0.00,1028.15,92.85,854.90,0.87,17.53,0.00,0.00,180.00,0.00,79DAAFB4
2026-04-16T07:40:33Z,1.60,246.00,18.61,S,0.00,0.00,1028.05,92.66,854.80,0.89,17.40,0.00,0.00,180.00,0.00,79DAAFB4
2026-04-16T07:23:24Z,2.20,244.40,18.77,S,0.00,0.00,1028.35,90.32,855.10,1.17,17.15,0.00,0.00,180.00,0.00,79DAAFB4
2026-04-16T07:06:16Z,0.20,242.20,19.20,S,0.00,0.00,1028.25,87.36,855.00,1.54,17.05,0.00,0.00,180.00,0.00,79DAAFB4
2026-04-16T06:49:08Z,0.20,242.00,19.24,NW,0.00,0.00,1028.15,87.14,854.90,1.57,17.05,0.00,0.00,314.00,0.00,79DAAFB4
2026-04-16T06:14:52Z,0.60,241.00,22.25,S,0.00,0.00,1028.25,76.10,855.00,3.07,17.84,0.00,0.00,180.00,0.00,79DAAFB4
2026-04-16T05:57:44Z,0.00,240.40,26.02,S,0.00,0.00,1028.35,57.79,855.10,5.93,17.06,0.00,0.00,180.00,0.00,79DAAFB4
2026-04-16T05:40:36Z,0.00,240.40,28.19,SSE,1.87,3.42,1028.65,47.98,855.40,7.79,16.13,0.00,0.00,166.00,0.00,79DAAFB4
2026-04-16T05:23:17Z,0.00,240.40,29.61,NE,0.00,0.00,1028.85,45.43,855.60,8.46,16.56,0.00,0.00,34.00,0.00,79DAAFB4
2026-04-16T05:06:09Z,0.00,240.40,29.54,SE,2.12,2.41,1029.05,44.92,855.80,8.54,16.32,0.00,0.00,138.00,1.98,79DAAFB4
2026-04-16T04:49:00Z,0.00,240.40,28.93,SE,1.48,2.45,1029.25,49.54,856.00,7.63,17.31,0.00,0.00,124.00,0.00,79DAAFB4
2026-04-16T04:31:41Z,0.00,240.40,28.24,S,0.00,0.00,1029.45,52.22,856.20,7.08,17.51,0.00,0.00,180.00,0.00,79DAAFB4
2026-04-16T04:14:32Z,0.00,240.40,27.68,NE,0.00,0.00,1029.75,54.48,856.50,6.64,17.67,0.00,0.00,42.00,0.00,79DAAFB4
2026-04-16T03:57:24Z,0.00,240.40,26.81,N,2.34,4.97,1029.85,51.33,856.60,7.04,15.93,0.00,0.00,1.00,0.00,79DAAFB4
2026-04-16T03:40:16Z,0.00,240.40,25.73,WSW,5.08,5.26,1029.85,57.75,856.60,5.91,16.78,0.00,0.00,250.00,4.97,79DAAFB4
2026-04-16T03:22:57Z,0.00,240.40,25.76,S,0.00,0.00,1030.05,60.89,856.80,5.44,17.64,0.00,0.00,180.00,0.00,79DAAFB4
2026-04-16T03:05:48Z,0.00,240.40,25.45,NE,2.38,3.78,1030.15,59.22,856.90,5.66,16.91,0.00,0.00,41.00,0.00,79DAAFB4
2026-04-16T02:48:39Z,0.00,240.40,25.19,S,0.00,0.00,1030.25,68.21,857.00,4.33,18.91,0.00,0.00,180.00,0.00,79DAAFB4
2026-04-16T02:31:31Z,0.00,240.40,24.28,W,0.83,2.56,1030.15,75.85,856.90,3.21,19.74,0.00,0.00,259.00,0.00,79DAAFB4
2026-04-16T02:14:22Z,0.00,240.40,23.68,S,0.00,0.00,1030.25,80.55,857.00,2.54,20.13,0.00,0.00,180.00,0.00,79DAAFB4
2026-04-16T01:57:03Z,0.00,240.40,22.46,S,0.00,0.00,1030.45,96.58,857.20,0.41,21.89,0.00,0.00,180.00,0.00,79DAAFB4
2026-04-16T01:39:55Z,0.00,240.40,20.47,S,0.00,0.00,1030.45,95.80,857.20,0.51,19.78,0.00,0.00,180.00,0.00,79DAAFB4
2026-04-16T01:22:46Z,0.00,240.40,18.94,W,1.91,1.98,1030.35,95.99,857.10,0.49,18.29,0.00,0.00,273.00,1.87,79DAAFB4
2026-04-16T01:05:27Z,0.00,240.40,18.41,S,0.00,0.00,1030.25,97.06,857.00,0.36,17.93,0.00,0.00,180.00,0.00,79DAAFB4
2026-04-16T00:48:18Z,0.00,240.40,17.13,S,0.00,0.00,1030.15,97.03,856.90,0.36,16.65,0.00,0.00,180.00,0.00,79DAAFB4
2026-04-16T00:31:10Z,0.00,240.40,16.52,NE,2.38,2.63,1029.85,97.23,856.60,0.34,16.08,0.00,0.00,39.00,2.09,79DAAFB4
2026-04-16T00:14:01Z,0.00,240.40,16.95,S,0.00,0.00,1029.65,97.17,856.40,0.34,16.50,0.00,0.00,180.00,0.00,79DAAFB4
2026-04-15T23:56:25Z,0.00,240.40,16.25,S,0.00,0.00,1029.35,97.16,856.10,0.35,15.80,0.00,0.00,180.00,0.00,79DAAFB4
2026-04-15T23:38:50Z,0.00,240.40,16.16,S,0.00,0.00,1025.52,97.24,856.00,0.34,15.72,0.00,0.00,180.00,0.00,79DAAFB4
2026-04-15T23:21:42Z,0.00,240.40,16.09,S,0.00,0.00,1025.32,97.24,855.80,0.34,15.65,0.00,0.00,180.00,0.00,79DAAFB4
2026-04-15T23:04:31Z,0.00,240.40,15.71,S,0.00,0.00,1025.22,97.20,855.70,0.34,15.27,0.00,0.00,180.00,0.00,79DAAFB4
2026-04-15T22:47:23Z,0.00,240.40,15.68,S,0.00,0.00,1025.02,97.17,855.50,0.35,15.23,0.00,0.00,180.00,0.00,79DAAFB4
2026-04-15T22:30:14Z,0.20,240.40,15.67,S,0.00,0.00,1024.82,97.29,855.30,0.33,15.24,0.00,0.00,180.00,0.00,79DAAFB4
2026-04-15T22:13:06Z,0.00,240.20,15.64,S,0.00,0.00,1024.62,97.27,855.10,0.33,15.21,0.00,0.00,180.00,0.00,79DAAFB4
2026-04-15T21:55:57Z,0.00,240.20,15.65,S,0.00,0.00,1024.42,97.26,854.90,0.34,15.22,0.00,0.00,180.00,0.00,79DAAFB4
2026-04-15T21:38:47Z,0.00,240.20,15.64,S,0.00,0.00,1024.22,97.24,854.70,0.34,15.20,0.00,0.00,180.00,0.00,79DAAFB4
2026-04-15T21:21:28Z,0.00,240.20,15.50,S,0.00,0.00,1024.02,97.25,854.50,0.34,15.07,0.00,0.00,180.00,0.00,79DAAFB4
2026-04-15T21:04:20Z,0.00,240.20,15.45,S,0.00,0.00,1023.92,97.21,854.40,0.34,15.01,0.00,0.00,180.00,0.00,79DAAFB4
2026-04-15T20:47:10Z,0.00,240.20,15.47,S,0.00,0.00,1023.82,97.17,854.30,0.35,15.02,0.00,0.00,180.00,0.00,79DAAFB4
2026-04-15T20:30:02Z,0.00,240.20,15.46,S,0.00,0.00,1023.72,97.20,854.20,0.34,15.02,0.00,0.00,180.00,0.00,79DAAFB4
2026-04-15T20:12:54Z,0.00,240.20,15.57,S,0.00,0.00,1023.62,97.20,854.10,0.34,15.13,0.00,0.00,180.00,0.00,79DAAFB4
2026-04-15T19:55:46Z,0.00,240.20,15.62,S,0.00,0.00,1023.62,97.13,854.10,0.35,15.17,0.00,0.00,180.00,0.00,79DAAFB4
2026-04-15T19:38:27Z,0.00,240.20,15.68,W,0.00,0.00,1023.72,97.20,854.20,0.34,15.24,0.00,0.00,274.00,0.00,79DAAFB4
2026-04-15T19:21:08Z,0.00,240.20,15.52,S,0.00,0.00,1023.72,97.11,854.20,0.35,15.06,0.00,0.00,180.00,0.00,79DAAFB4
2026-04-15T19:03:59Z,0.00,240.20,15.50,S,0.00,0.00,1023.72,97.04,854.20,0.36,15.03,0.00,0.00,180.00,0.00,79DAAFB4
2026-04-15T18:46:51Z,0.00,240.20,15.62,WNW,0.00,0.00,1023.92,97.05,854.40,0.36,15.15,0.00,0.00,285.00,0.00,79DAAFB4
2026-04-15T18:29:31Z,0.20,240.20,15.66,WNW,0.00,0.00,1024.22,97.02,854.70,0.36,15.19,0.00,0.00,300.00,0.00,79DAAFB4
2026-04-15T18:12:23Z,0.00,240.00,15.76,S,0.00,0.00,1024.32,97.03,854.80,0.36,15.29,0.00,0.00,180.00,0.00,79DAAFB4
2026-04-15T17:55:12Z,0.00,240.00,15.80,S,0.00,0.00,1024.42,97.03,854.90,0.36,15.33,0.00,0.00,180.00,0.00,79DAAFB4
2026-04-15T17:37:52Z,0.00,240.00,15.68,S,0.00,0.00,1024.52,97.00,855.00,0.37,15.21,0.00,0.00,180.00,0.00,79DAAFB4
2026-04-15T17:20:42Z,0.00,240.00,15.55,S,0.00,0.00,1024.62,97.01,855.10,0.36,15.08,0.00,0.00,180.00,0.00,79DAAFB4
2026-04-15T17:03:32Z,0.00,240.00,15.58,S,0.00,0.00,1024.82,96.92,855.30,0.37,15.09,0.00,0.00,180.00,0.00,79DAAFB4
2026-04-15T16:46:22Z,0.00,240.00,15.73,S,0.00,0.00,1025.12,96.91,855.60,0.38,15.24,0.00,0.00,180.00,0.00,79DAAFB4
2026-04-15T16:29:13Z,0.00,240.00,15.74,S,0.00,0.00,1025.32,96.91,855.80,0.38,15.25,0.00,0.00,180.00,0.00,79DAAFB4
2026-04-15T16:12:05Z,0.00,240.00,15.50,S,0.00,0.00,1025.42,96.85,855.90,0.38,15.00,0.00,0.00,180.00,0.00,79DAAFB4
2026-04-15T15:54:56Z,0.00,240.00,15.65,S,0.00,0.00,1025.62,96.85,856.10,0.38,15.15,0.00,0.00,180.00,0.00,79DAAFB4
2026-04-15T15:37:48Z,0.00,240.00,15.79,S,0.00,0.00,1025.72,96.83,856.20,0.38,15.29,0.00,0.00,180.00,0.00,79DAAFB4
2026-04-15T15:20:39Z,0.00,240.00,16.10,S,0.00,0.00,1025.92,96.84,856.40,0.38,15.60,0.00,0.00,180.00,0.00,79DAAFB4
2026-04-15T15:03:31Z,0.00,240.00,15.64,S,0.00,0.00,1026.12,96.74,856.60,0.40,15.12,0.00,0.00,180.00,0.00,79DAAFB4
2026-04-15T14:46:23Z,0.00,240.00,15.58,S,0.00,0.00,1026.02,96.73,856.50,0.40,15.06,0.00,0.00,180.00,0.00,79DAAFB4
2026-04-15T14:29:15Z,0.00,240.00,15.64,S,0.00,0.00,1025.72,96.68,856.20,0.40,15.11,0.00,0.00,180.00,0.00,79DAAFB4
2026-04-15T14:11:56Z,0.00,240.00,15.72,S,0.00,0.00,1025.62,96.63,856.10,0.41,15.19,0.00,0.00,180.00,0.00,79DAAFB4
2026-04-15T13:54:47Z,0.00,240.00,15.83,S,0.00,0.00,1025.62,96.68,856.10,0.40,15.30,0.00,0.00,180.00,0.00,79DAAFB4
2026-04-15T13:37:28Z,0.00,240.00,15.69,S,0.00,0.00,1025.42,96.64,855.90,0.41,15.16,0.00,0.00,180.00,0.00,79DAAFB4
2026-04-15T13:20:09Z,0.00,240.00,15.87,S,0.00,0.00,1025.12,96.48,855.60,0.43,15.31,0.00,0.00,180.00,0.00,79DAAFB4
2026-04-15T13:03:01Z,0.00,240.00,16.02,S,0.00,0.00,1025.02,96.43,855.50,0.43,15.45,0.00,0.00,180.00,0.00,79DAAFB4
2026-04-15T12:45:41Z,0.00,240.00,16.37,S,0.00,0.00,1024.82,96.42,855.30,0.43,15.80,0.00,0.00,180.00,0.00,79DAAFB4
2026-04-15T12:28:32Z,0.00,240.00,16.34,SW,0.00,0.00,1024.92,96.29,855.40,0.45,15.75,0.00,0.00,228.00,0.00,79DAAFB4
2026-04-15T12:11:24Z,0.00,240.00,16.60,S,0.00,0.00,1024.82,96.35,855.30,0.44,16.02,0.00,0.00,180.00,0.00,79DAAFB4
2026-04-15T11:54:16Z,0.00,240.00,16.69,S,0.00,0.00,1024.62,96.25,855.10,0.45,16.09,0.00,0.00,180.00,0.00,79DAAFB4
2026-04-15T11:37:08Z,0.00,240.00,16.83,S,0.00,0.00,1024.32,96.14,854.80,0.47,16.21,0.00,0.00,180.00,0.00,79DAAFB4
2026-04-15T11:20:00Z,0.00,240.00,16.95,S,0.00,0.00,1024.32,96.14,854.80,0.47,16.33,0.00,0.00,180.00,0.00,79DAAFB4
2026-04-15T11:02:52Z,0.00,240.00,17.03,S,0.00,0.00,1024.12,96.06,854.60,0.48,16.40,0.00,0.00,180.00,0.00,79DAAFB4
2026-04-15T10:45:33Z,0.00,240.00,17.11,S,0.00,0.00,1024.12,95.90,854.60,0.49,16.45,0.00,0.00,180.00,0.00,79DAAFB4
2026-04-15T10:28:14Z,0.00,240.00,17.25,S,0.00,0.00,1024.02,95.90,854.50,0.49,16.59,0.00,0.00,180.00,0.00,79DAAFB4
2026-04-15T10:11:06Z,0.00,240.00,17.21,WSW,0.00,0.00,1024.02,95.76,854.50,0.51,16.53,0.00,0.00,238.00,0.00,79DAAFB4
2026-04-15T09:53:46Z,0.00,240.00,17.25,S,0.00,0.00,1023.52,95.72,854.00,0.52,16.56,0.00,0.00,180.00,0.00,79DAAFB4
2026-04-15T09:36:26Z,0.00,240.00,17.46,WNW,2.45,3.38,1023.42,95.64,853.90,0.53,16.76,0.00,0.00,287.00,1.80,79DAAFB4
2026-04-15T09:19:17Z,0.20,240.00,17.12,S,0.00,0.00,1023.52,95.39,854.00,0.55,16.38,0.00,0.00,180.00,0.00,79DAAFB4
2026-04-15T09:02:09Z,0.00,239.80,17.40,S,0.00,0.00,1023.22,95.37,853.70,0.56,16.65,0.00,0.00,180.00,0.00,79DAAFB4
2026-04-15T08:45:01Z,0.00,239.80,17.51,W,1.87,2.92,1023.12,95.23,853.60,0.57,16.74,0.00,0.00,274.00,0.00,79DAAFB4
2026-04-15T08:27:53Z,0.00,239.80,17.50,S,0.00,0.00,1023.42,95.14,853.90,0.58,16.71,0.00,0.00,180.00,0.00,79DAAFB4
2026-04-15T08:10:45Z,0.00,239.80,17.13,S,0.00,0.00,1023.82,94.91,854.30,0.61,16.31,0.00,0.00,180.00,0.00,79DAAFB4
2026-04-15T07:53:37Z,0.00,239.80,16.77,S,0.00,0.00,1024.02,94.65,854.50,0.64,15.91,0.00,0.00,180.00,0.00,79DAAFB4
2026-04-15T07:36:18Z,1.40,239.80,16.59,S,0.00,0.00,1024.32,94.26,854.80,0.68,15.66,0.00,0.00,180.00,0.00,79DAAFB4
2026-04-15T07:18:59Z,17.40,238.40,16.29,NW,4.64,4.93,1024.52,93.30,855.00,0.79,15.21,0.00,0.00,312.00,4.21,79DAAFB4
2026-04-15T07:01:51Z,17.40,221.00,17.41,NW,13.86,14.47,1024.52,90.44,855.00,1.14,15.83,0.00,0.00,307.00,13.32,79DAAFB4
2026-04-15T06:44:31Z,0.00,203.60,22.77,WSW,4.68,5.83,1024.02,76.72,854.50,3.01,18.47,0.00,0.00,252.00,3.35,79DAAFB4
2026-04-15T06:27:22Z,0.00,203.60,24.93,NW,4.03,4.25,1023.52,63.52,854.00,4.98,17.53,0.00,0.00,320.00,3.89,79DAAFB4
2026-04-15T06:10:14Z,0.00,203.60,25.91,WNW,6.05,6.30,1023.82,61.13,854.30,5.42,17.84,0.00,0.00,295.00,5.69,79DAAFB4
2026-04-15T05:53:06Z,0.00,203.60,27.30,S,0.00,0.00,1024.02,63.69,854.50,5.17,19.81,0.00,0.00,180.00,0.00,79DAAFB4
2026-04-15T05:35:58Z,0.00,203.60,26.61,N,2.84,3.20,1024.22,60.13,854.70,5.64,18.24,0.00,0.00,9.00,2.66,79DAAFB4
2026-04-15T05:18:47Z,0.00,203.60,27.98,W,3.20,3.60,1024.52,50.30,855.00,7.37,16.68,0.00,0.00,264.00,2.92,79DAAFB4
2026-04-15T05:01:39Z,0.00,203.60,29.52,SSW,1.26,3.78,1024.62,46.20,855.10,8.31,16.75,0.00,0.00,210.00,0.00,79DAAFB4
2026-04-15T04:44:31Z,0.00,203.60,28.93,E,3.56,4.43,1024.92,48.30,855.40,7.85,16.91,0.00,0.00,84.00,1.91,79DAAFB4
2026-04-15T04:27:12Z,0.00,203.60,29.75,W,2.66,2.99,1025.12,47.99,855.60,8.02,17.56,0.00,0.00,259.00,2.34,79DAAFB4
2026-04-15T04:10:04Z,0.00,203.60,29.73,NNE,0.72,2.16,1025.42,43.38,855.90,8.86,15.95,0.00,0.00,23.00,0.00,79DAAFB4
2026-04-15T03:52:55Z,0.00,203.60,28.59,ESE,0.00,0.00,1025.62,49.71,856.10,7.55,17.06,0.00,0.00,105.00,0.00,79DAAFB4
2026-04-15T03:35:36Z,0.00,203.60,27.43,S,0.00,0.00,1025.72,54.95,856.20,6.54,17.57,0.00,0.00,180.00,0.00,79DAAFB4
2026-04-15T03:18:28Z,0.00,203.60,28.24,SE,3.46,3.64,1025.82,50.98,856.30,7.29,17.13,0.00,0.00,126.00,3.24,79DAAFB4
2026-04-15T03:01:09Z,0.00,203.60,28.39,NE,4.86,5.80,1025.92,51.01,856.40,7.31,17.28,0.00,0.00,38.00,3.85,79DAAFB4
2026-04-15T02:44:00Z,0.00,203.60,28.06,SW,0.00,0.00,1026.02,54.44,856.50,6.70,18.01,0.00,0.00,226.00,0.00,79DAAFB4
2026-04-15T02:26:51Z,0.00,203.60,26.89,E,1.51,4.57,1025.92,54.57,856.40,6.53,16.96,0.00,0.00,85.00,0.00,79DAAFB4
2026-04-15T02:09:42Z,0.00,203.60,26.82,S,0.00,0.00,1026.02,57.05,856.50,6.14,17.60,0.00,0.00,180.00,0.00,79DAAFB4
2026-04-15T01:52:34Z,0.00,203.60,25.41,S,0.00,0.00,1026.02,62.70,856.50,5.14,17.78,0.00,0.00,180.00,0.00,79DAAFB4
2026-04-15T01:35:26Z,0.00,203.60,23.72,WNW,1.04,3.13,1026.02,77.83,856.50,2.91,19.62,0.00,0.00,290.00,0.00,79DAAFB4
2026-04-15T01:18:18Z,0.00,203.60,21.74,S,0.00,0.00,1026.12,91.79,856.60,1.03,20.34,0.00,0.00,180.00,0.00,79DAAFB4
2026-04-15T01:01:10Z,0.00,203.60,20.11,S,0.00,0.00,1026.02,94.41,856.50,0.68,19.18,0.00,0.00,180.00,0.00,79DAAFB4
2026-04-15T00:43:51Z,0.00,203.60,17.54,W,0.83,2.48,1025.92,95.78,856.40,0.51,16.86,0.00,0.00,259.00,0.00,79DAAFB4
2026-04-15T00:26:32Z,0.20,203.60,17.11,WSW,2.45,2.84,1025.62,96.61,856.10,0.41,16.57,0.00,0.00,254.00,2.02,79DAAFB4
2026-04-15T00:09:24Z,0.00,203.40,16.32,S,0.00,0.00,1025.42,96.76,855.90,0.39,15.80,0.00,0.00,180.00,0.00,79DAAFB4
2026-04-14T23:52:04Z,0.00,203.40,15.68,WSW,0.90,2.74,1025.32,96.77,855.80,0.39,15.17,0.00,0.00,253.00,0.00,79DAAFB4
2026-04-14T23:34:55Z,0.00,203.40,15.01,S,0.00,0.00,1025.22,96.81,855.70,0.39,14.51,0.00,0.00,180.00,0.00,79DAAFB4
2026-04-14T23:17:47Z,0.00,203.40,14.69,S,0.00,0.00,1025.22,96.84,855.70,0.38,14.19,0.00,0.00,180.00,0.00,79DAAFB4
2026-04-14T23:00:39Z,0.00,203.40,14.34,S,0.00,0.00,1025.12,96.86,855.60,0.38,13.85,0.00,0.00,180.00,0.00,79DAAFB4
2026-04-14T22:43:31Z,0.00,203.40,14.39,S,0.00,0.00,1024.92,96.84,855.40,0.38,13.89,0.00,0.00,180.00,0.00,79DAAFB4
2026-04-14T22:26:23Z,0.00,203.40,14.59,S,0.00,0.00,1024.82,96.75,855.30,0.39,14.08,0.00,0.00,180.00,0.00,79DAAFB4
2026-04-14T22:09:15Z,0.00,203.40,14.52,S,0.00,0.00,1024.52,96.71,855.00,0.40,14.00,0.00,0.00,180.00,0.00,79DAAFB4
2026-04-14T21:51:56Z,0.00,203.40,14.69,S,0.00,0.00,1024.32,96.71,854.80,0.40,14.17,0.00,0.00,180.00,0.00,79DAAFB4
2026-04-14T21:34:37Z,0.00,203.40,14.65,S,0.00,0.00,1024.12,96.74,854.60,0.40,14.14,0.00,0.00,180.00,0.00,79DAAFB4
2026-04-14T21:17:29Z,0.00,203.40,14.48,WNW,4.14,4.50,1024.12,96.67,854.60,0.40,13.96,0.00,0.00,291.00,3.96,79DAAFB4
2026-04-14T20:58:20Z,0.00,203.40,14.53,S,0.00,0.00,1028.50,96.64,854.40,0.41,14.00,0.00,0.00,180.00,0.00,79DAAFB4
2026-04-14T20:41:12Z,0.00,203.40,14.59,S,0.00,0.00,1028.50,96.63,854.40,0.41,14.06,0.00,0.00,180.00,0.00,79DAAFB4
2026-04-14T20:24:04Z,0.00,203.40,14.53,NW,2.20,2.41,1028.40,96.61,854.30,0.41,14.00,0.00,0.00,314.00,1.84,79DAAFB4
2026-04-14T20:06:56Z,0.00,203.40,14.67,S,0.00,0.00,1028.40,96.57,854.30,0.41,14.13,0.00,0.00,180.00,0.00,79DAAFB4
2026-04-14T19:49:48Z,0.00,203.40,14.62,S,0.00,0.00,1028.40,96.49,854.30,0.42,14.07,0.00,0.00,180.00,0.00,79DAAFB4
2026-04-14T19:32:40Z,0.00,203.40,14.65,S,0.00,0.00,1028.60,96.49,854.50,0.42,14.10,0.00,0.00,180.00,0.00,79DAAFB4
2026-04-14T19:15:21Z,0.00,203.40,14.68,S,0.00,0.00,1028.70,96.34,854.60,0.44,14.10,0.00,0.00,180.00,0.00,79DAAFB4
2026-04-14T18:58:02Z,0.20,203.40,15.02,S,0.00,0.00,1028.80,96.36,854.70,0.44,14.45,0.00,0.00,180.00,0.00,79DAAFB4
2026-04-14T18:40:43Z,0.00,203.20,14.93,S,0.00,0.00,1029.00,96.36,854.90,0.44,14.36,0.00,0.00,180.00,0.00,79DAAFB4
2026-04-14T18:23:23Z,0.00,203.20,14.87,S,0.00,0.00,1029.10,96.28,855.00,0.45,14.28,0.00,0.00,180.00,0.00,79DAAFB4
2026-04-14T18:06:14Z,0.00,203.20,14.95,W,5.00,5.58,1029.00,96.22,854.90,0.45,14.35,0.00,0.00,274.00,4.57,79DAAFB4
2026-04-14T17:49:06Z,0.00,203.20,15.41,S,0.00,0.00,1029.20,96.20,855.10,0.46,14.81,0.00,0.00,180.00,0.00,79DAAFB4
2026-04-14T17:31:58Z,0.00,203.20,15.21,S,0.00,0.00,1029.50,96.18,855.40,0.46,14.61,0.00,0.00,180.00,0.00,79DAAFB4
2026-04-14T17:14:50Z,0.00,203.20,15.10,S,0.00,0.00,1029.80,95.99,855.70,0.48,14.47,0.00,0.00,180.00,0.00,79DAAFB4
2026-04-14T16:57:42Z,0.00,203.20,15.28,WNW,3.74,4.00,1029.90,95.89,855.80,0.49,14.63,0.00,0.00,285.00,3.60,79DAAFB4
2026-04-14T16:40:34Z,0.00,203.20,15.59,S,0.00,0.00,1030.20,95.90,856.10,0.49,14.94,0.00,0.00,180.00,0.00,79DAAFB4
2026-04-14T16:23:15Z,0.00,203.20,15.65,W,3.53,3.92,1030.20,95.68,856.10,0.52,14.96,0.00,0.00,275.00,3.06,79DAAFB4
2026-04-14T16:05:56Z,0.00,203.20,15.47,S,0.00,0.00,1030.50,95.66,856.40,0.52,14.78,0.00,0.00,180.00,0.00,79DAAFB4
2026-04-14T15:48:48Z,0.00,203.20,15.96,S,0.00,0.00,1030.50,95.80,856.40,0.50,15.29,0.00,0.00,180.00,0.00,79DAAFB4
2026-04-14T15:31:28Z,0.00,203.20,15.70,S,0.00,0.00,1030.80,95.60,856.70,0.53,15.00,0.00,0.00,180.00,0.00,79DAAFB4
2026-04-14T15:14:19Z,0.00,203.20,15.68,S,0.00,0.00,1030.90,95.26,856.80,0.56,14.92,0.00,0.00,180.00,0.00,79DAAFB4
2026-04-14T14:57:11Z,0.00,203.20,15.97,S,0.00,0.00,1030.80,95.20,856.70,0.57,15.20,0.00,0.00,180.00,0.00,79DAAFB4
2026-04-14T14:40:03Z,0.00,203.20,16.22,S,0.00,0.00,1030.70,95.21,856.60,0.57,15.45,0.00,0.00,180.00,0.00,79DAAFB4
2026-04-14T14:22:55Z,0.00,203.20,16.11,S,0.00,0.00,1030.60,94.97,856.50,0.60,15.30,0.00,0.00,180.00,0.00,79DAAFB4
2026-04-14T14:05:47Z,0.00,203.20,16.40,S,0.00,0.00,1030.60,94.79,856.50,0.62,15.56,0.00,0.00,180.00,0.00,79DAAFB4
2026-04-14T13:48:39Z,0.00,203.20,16.61,S,0.00,0.00,1030.40,94.53,856.30,0.65,15.73,0.00,0.00,180.00,0.00,79DAAFB4
2026-04-14T13:31:20Z,0.00,203.20,17.05,S,0.00,0.00,1030.20,94.61,856.10,0.65,16.18,0.00,0.00,180.00,0.00,79DAAFB4
2026-04-14T13:14:01Z,0.00,203.20,16.91,S,0.00,0.00,1030.10,94.29,856.00,0.68,15.99,0.00,0.00,180.00,0.00,79DAAFB4
2026-04-14T12:56:53Z,0.00,203.20,17.27,S,0.00,0.00,1030.00,94.14,855.90,0.70,16.32,0.00,0.00,180.00,0.00,79DAAFB4
2026-04-14T12:39:33Z,0.00,203.20,17.65,S,0.00,0.00,1029.80,93.55,855.70,0.77,16.60,0.00,0.00,180.00,0.00,79DAAFB4
2026-04-14T12:22:24Z,0.00,203.20,17.76,S,0.00,0.00,1029.60,92.82,855.50,0.86,16.58,0.00,0.00,180.00,0.00,79DAAFB4
2026-04-14T12:05:16Z,0.00,203.20,18.07,S,0.00,0.00,1029.40,92.76,855.30,0.87,16.88,0.00,0.00,180.00,0.00,79DAAFB4
2026-04-14T11:48:08Z,0.00,203.20,18.30,S,0.00,0.00,1029.30,91.77,855.20,0.99,16.94,0.00,0.00,180.00,0.00,79DAAFB4
2026-04-14T11:31:00Z,0.00,203.20,18.45,S,0.00,0.00,1029.30,91.02,855.20,1.08,16.96,0.00,0.00,180.00,0.00,79DAAFB4
2026-04-14T11:13:52Z,0.00,203.20,18.93,S,0.00,0.00,1029.30,90.08,855.20,1.20,17.27,0.00,0.00,180.00,0.00,79DAAFB4
2026-04-14T10:56:44Z,0.00,203.20,19.11,W,0.00,0.00,1029.20,89.52,855.10,1.28,17.35,0.00,0.00,270.00,0.00,79DAAFB4
2026-04-14T10:39:25Z,0.00,203.20,19.36,S,0.00,0.00,1029.10,88.86,855.00,1.36,17.48,0.00,0.00,180.00,0.00,79DAAFB4
2026-04-14T10:22:06Z,0.00,203.20,19.92,S,0.00,0.00,1029.10,87.03,855.00,1.60,17.70,0.00,0.00,180.00,0.00,79DAAFB4
2026-04-14T10:04:58Z,0.00,203.20,20.21,S,0.00,0.00,1029.10,84.77,855.00,1.88,17.56,0.00,0.00,180.00,0.00,79DAAFB4
2026-04-14T09:47:38Z,0.00,203.20,20.10,S,0.00,0.00,1029.00,84.03,854.90,1.97,17.32,0.00,0.00,180.00,0.00,79DAAFB4
2026-04-14T09:30:29Z,0.00,203.20,20.17,S,0.00,0.00,1028.70,85.01,854.60,1.85,17.57,0.00,0.00,180.00,0.00,79DAAFB4
2026-04-14T09:13:21Z,0.00,203.20,20.25,S,0.00,0.00,1028.60,82.56,854.50,2.16,17.18,0.00,0.00,180.00,0.00,79DAAFB4
2026-04-14T08:56:02Z,0.00,203.20,20.16,W,4.50,4.68,1028.90,79.68,854.80,2.52,16.54,0.00,0.00,277.00,4.25,79DAAFB4
2026-04-14T08:38:54Z,0.00,203.20,20.47,WSW,11.52,12.78,1028.80,70.39,854.70,3.70,14.90,0.00,0.00,256.00,9.65,79DAAFB4
2026-04-14T08:21:46Z,0.00,203.20,20.75,NW,3.60,5.47,1029.00,79.14,854.90,2.61,17.00,0.00,0.00,313.00,0.00,79DAAFB4
2026-04-14T08:04:37Z,0.80,203.20,22.20,WNW,1.01,3.02,1028.80,83.63,854.70,2.09,19.30,0.00,0.00,283.00,0.00,79DAAFB4
2026-04-14T07:47:28Z,0.00,202.40,24.98,WSW,3.92,4.07,1028.50,65.94,854.40,4.64,18.17,0.00,0.00,247.00,3.78,79DAAFB4
2026-04-14T07:30:19Z,0.00,202.40,26.67,E,0.00,0.00,1028.60,56.90,854.50,6.14,17.42,0.00,0.00,94.00,0.00,79DAAFB4
2026-04-14T07:11:48Z,0.00,202.40,27.85,WNW,0.00,0.00,1028.60,51.73,854.50,7.11,17.01,0.00,0.00,301.00,0.00,79DAAFB4
2026-04-14T06:54:29Z,0.00,202.40,28.97,S,0.00,0.00,1028.80,46.29,854.70,8.21,16.28,0.00,0.00,180.00,0.00,79DAAFB4
2026-04-14T06:37:21Z,0.00,202.40,30.36,WSW,3.06,4.46,1028.80,39.12,854.70,9.79,14.90,0.00,0.00,246.00,1.87,79DAAFB4
2026-04-14T06:20:09Z,0.00,202.40,29.49,SW,2.70,3.64,1029.20,39.38,855.10,9.57,14.23,0.00,0.00,221.00,1.84,79DAAFB4
2026-04-14T06:02:49Z,0.00,202.40,31.12,S,0.00,0.00,1029.40,32.47,855.30,11.35,12.70,0.00,0.00,180.00,0.00,79DAAFB4
2026-04-14T05:45:41Z,0.00,202.40,30.88,S,0.00,0.00,1029.70,33.09,855.60,11.15,12.78,0.00,0.00,180.00,0.00,79DAAFB4
2026-04-14T05:28:32Z,0.00,202.40,30.57,WNW,3.35,5.51,1029.90,31.22,855.80,11.50,11.63,0.00,0.00,290.00,0.00,79DAAFB4
2026-04-14T05:11:23Z,0.00,202.40,29.83,W,2.38,2.52,1030.30,30.31,856.20,11.52,10.55,0.00,0.00,271.00,2.30,79DAAFB4
2026-04-14T04:54:14Z,0.00,202.40,29.69,SSW,0.00,0.00,1030.50,32.52,856.40,11.01,11.48,0.00,0.00,205.00,0.00,79DAAFB4
2026-04-14T04:37:05Z,0.00,202.40,29.55,S,0.00,0.00,1030.70,33.29,856.60,10.81,11.72,0.00,0.00,180.00,0.00,79DAAFB4
2026-04-14T04:19:56Z,0.00,202.40,29.93,S,0.00,0.00,1031.00,37.12,856.90,10.11,13.71,0.00,0.00,180.00,0.00,79DAAFB4
2026-04-14T04:02:47Z,0.00,202.40,28.76,S,0.00,0.00,1031.20,41.08,857.10,9.12,14.23,0.00,0.00,180.00,0.00,79DAAFB4
2026-04-14T03:45:39Z,0.00,202.40,28.61,NNE,0.00,0.00,1031.30,41.60,857.20,8.99,14.29,0.00,0.00,19.00,0.00,79DAAFB4
2026-04-14T03:28:20Z,0.00,202.40,28.02,WNW,0.00,0.00,1031.60,45.16,857.50,8.25,15.03,0.00,0.00,285.00,0.00,79DAAFB4
2026-04-14T03:11:11Z,0.00,202.40,26.83,W,4.90,5.18,1031.70,49.18,857.60,7.39,15.28,0.00,0.00,274.00,4.54,79DAAFB4
2026-04-14T02:53:52Z,0.00,202.40,26.29,S,0.00,0.00,1031.90,51.18,857.80,6.99,15.40,0.00,0.00,180.00,0.00,79DAAFB4
2026-04-14T02:36:43Z,0.00,202.40,26.19,W,0.00,0.00,1032.00,55.18,857.90,6.35,16.49,0.00,0.00,269.00,0.00,79DAAFB4
2026-04-14T02:19:24Z,0.00,202.40,25.55,S,0.00,0.00,1032.20,54.47,858.10,6.39,15.69,0.00,0.00,180.00,0.00,79DAAFB4
2026-04-14T02:02:16Z,0.00,202.40,24.36,S,0.00,0.00,1032.20,63.39,858.10,4.95,16.96,0.00,0.00,180.00,0.00,79DAAFB4
2026-04-14T01:45:06Z,0.00,202.40,22.20,S,0.00,0.00,1032.20,96.50,858.10,0.43,21.62,0.00,0.00,180.00,0.00,79DAAFB4
2026-04-14T01:27:46Z,0.00,202.40,20.06,S,0.00,0.00,1032.30,94.07,858.20,0.73,19.08,0.00,0.00,180.00,0.00,79DAAFB4
2026-04-14T01:10:37Z,0.00,202.40,20.20,S,0.00,0.00,1032.20,95.94,858.10,0.49,19.53,0.00,0.00,180.00,0.00,79DAAFB4
2026-04-14T00:53:28Z,0.00,202.40,19.27,S,0.00,0.00,1032.00,96.52,857.90,0.42,18.70,0.00,0.00,180.00,0.00,79DAAFB4
2026-04-14T00:36:19Z,0.00,202.40,17.58,S,0.00,0.00,1032.00,96.23,857.90,0.46,16.97,0.00,0.00,180.00,0.00,79DAAFB4
2026-04-14T00:19:18Z,0.00,202.40,16.30,S,0.00,0.00,1031.90,97.21,857.80,0.34,15.86,0.00,0.00,180.00,0.00,79DAAFB4
2026-04-14T00:01:59Z,0.00,202.40,15.56,S,0.00,0.00,1031.70,97.33,857.60,0.33,15.14,0.00,0.00,180.00,0.00,79DAAFB4
2026-04-13T23:44:40Z,0.00,202.40,14.80,S,0.00,0.00,1031.50,97.33,857.40,0.33,14.38,0.00,0.00,180.00,0.00,79DAAFB4
2026-04-13T23:27:31Z,0.00,202.40,14.64,W,2.59,2.92,1031.40,97.34,857.30,0.33,14.22,0.00,0.00,272.00,2.27,79DAAFB4
2026-04-13T23:10:23Z,0.00,202.40,14.47,S,0.00,0.00,1031.20,97.33,857.10,0.33,14.05,0.00,0.00,180.00,0.00,79DAAFB4
2026-04-13T22:53:04Z,0.00,202.40,14.19,W,0.00,0.00,1031.00,97.37,856.90,0.33,13.78,0.00,0.00,271.00,0.00,79DAAFB4
2026-04-13T22:35:54Z,0.20,202.40,14.31,S,0.00,0.00,1030.80,97.30,856.70,0.33,13.89,0.00,0.00,180.00,0.00,79DAAFB4
2026-04-13T22:18:44Z,0.00,202.20,14.39,S,0.00,0.00,1030.60,97.31,856.50,0.33,13.97,0.00,0.00,180.00,0.00,79DAAFB4
2026-04-13T22:01:35Z,0.00,202.20,14.61,S,0.00,0.00,1030.50,97.26,856.40,0.34,14.18,0.00,0.00,180.00,0.00,79DAAFB4
2026-04-13T21:44:26Z,0.00,202.20,14.84,S,0.00,0.00,1030.40,97.30,856.30,0.33,14.42,0.00,0.00,180.00,0.00,79DAAFB4
2026-04-13T21:27:17Z,0.00,202.20,14.90,WNW,4.72,4.82,1030.20,97.29,856.10,0.33,14.47,0.00,0.00,300.00,4.50,79DAAFB4
2026-04-13T21:10:08Z,0.00,202.20,15.02,S,0.00,0.00,1030.00,97.25,855.90,0.34,14.59,0.00,0.00,180.00,0.00,79DAAFB4
2026-04-13T20:52:49Z,0.00,202.20,15.17,S,0.00,0.00,1029.90,97.22,855.80,0.34,14.73,0.00,0.00,180.00,0.00,79DAAFB4
2026-04-13T20:35:41Z,0.00,202.20,14.90,W,3.71,3.82,1029.80,97.24,855.70,0.34,14.47,0.00,0.00,264.00,3.64,79DAAFB4
2026-04-13T20:18:31Z,0.00,202.20,15.17,S,0.00,0.00,1029.70,97.21,855.60,0.34,14.73,0.00,0.00,180.00,0.00,79DAAFB4
2026-04-13T20:01:23Z,0.00,202.20,15.33,W,1.19,1.84,1029.70,97.16,855.60,0.35,14.88,0.00,0.00,275.00,0.00,79DAAFB4
2026-04-13T19:44:03Z,0.20,202.20,15.38,S,0.00,0.00,1029.70,97.18,855.60,0.35,14.94,0.00,0.00,180.00,0.00,79DAAFB4
2026-04-13T19:26:54Z,0.00,202.00,15.36,W,0.61,1.87,1029.90,97.14,855.80,0.35,14.91,0.00,0.00,272.00,0.00,79DAAFB4
2026-04-13T19:09:34Z,0.00,202.00,15.61,S,0.00,0.00,1030.10,97.10,856.00,0.35,15.15,0.00,0.00,180.00,0.00,79DAAFB4
2026-04-13T18:52:14Z,0.00,202.00,15.47,S,0.00,0.00,1030.10,97.07,856.00,0.36,15.01,0.00,0.00,180.00,0.00,79DAAFB4
2026-04-13T18:35:06Z,0.00,202.00,15.44,S,0.00,0.00,1030.30,97.02,856.20,0.36,14.97,0.00,0.00,180.00,0.00,79DAAFB4
2026-04-13T18:16:33Z,0.00,202.00,15.58,S,0.00,0.00,1030.30,97.03,856.20,0.36,15.11,0.00,0.00,180.00,0.00,79DAAFB4
2026-04-13T17:58:27Z,0.00,202.00,15.98,S,0.00,0.00,1032.47,96.99,856.20,0.37,15.50,0.00,0.00,180.00,0.00,79DAAFB4
2026-04-13T17:41:08Z,0.00,202.00,15.95,S,0.00,0.00,1032.67,97.00,856.40,0.37,15.47,0.00,0.00,180.00,0.00,79DAAFB4
2026-04-13T17:23:59Z,0.00,202.00,16.31,S,0.00,0.00,1032.87,96.93,856.60,0.37,15.82,0.00,0.00,180.00,0.00,79DAAFB4
2026-04-13T17:06:40Z,0.00,202.00,16.19,S,0.00,0.00,1033.17,96.91,856.90,0.38,15.70,0.00,0.00,180.00,0.00,79DAAFB4
2026-04-13T16:49:32Z,0.00,202.00,16.21,S,0.00,0.00,1033.37,96.87,857.10,0.38,15.71,0.00,0.00,180.00,0.00,79DAAFB4
2026-04-13T16:32:22Z,0.00,202.00,16.16,S,0.00,0.00,1033.37,96.81,857.10,0.39,15.65,0.00,0.00,180.00,0.00,79DAAFB4
2026-04-13T16:15:14Z,0.00,202.00,16.09,S,0.00,0.00,1033.57,96.80,857.30,0.39,15.58,0.00,0.00,180.00,0.00,79DAAFB4
2026-04-13T15:57:53Z,0.00,202.00,16.29,S,0.00,0.00,1033.77,96.74,857.50,0.40,15.77,0.00,0.00,180.00,0.00,79DAAFB4
2026-04-13T15:40:44Z,0.00,202.00,16.65,S,0.00,0.00,1033.87,96.66,857.60,0.40,16.12,0.00,0.00,180.00,0.00,79DAAFB4
2026-04-13T15:23:35Z,0.00,202.00,16.99,S,0.00,0.00,1033.97,96.63,857.70,0.41,16.45,0.00,0.00,180.00,0.00,79DAAFB4
2026-04-13T15:06:27Z,0.00,202.00,17.13,S,0.00,0.00,1033.97,96.66,857.70,0.40,16.59,0.00,0.00,180.00,0.00,79DAAFB4
2026-04-13T14:49:08Z,0.00,202.00,17.07,S,0.00,0.00,1033.97,96.61,857.70,0.41,16.53,0.00,0.00,180.00,0.00,79DAAFB4
2026-04-13T14:31:49Z,0.00,202.00,16.99,S,0.00,0.00,1033.97,96.59,857.70,0.41,16.44,0.00,0.00,180.00,0.00,79DAAFB4
2026-04-13T14:14:40Z,0.00,202.00,17.15,S,0.00,0.00,1033.87,96.57,857.60,0.42,16.60,0.00,0.00,180.00,0.00,79DAAFB4
2026-04-13T13:57:31Z,0.00,202.00,16.86,S,0.00,0.00,1033.67,96.46,857.40,0.43,16.29,0.00,0.00,180.00,0.00,79DAAFB4
2026-04-13T13:40:23Z,0.00,202.00,17.02,S,0.00,0.00,1033.57,96.43,857.30,0.43,16.45,0.00,0.00,180.00,0.00,79DAAFB4
2026-04-13T13:23:15Z,0.00,202.00,17.35,S,0.00,0.00,1033.47,96.36,857.20,0.44,16.76,0.00,0.00,180.00,0.00,79DAAFB4
2026-04-13T13:06:06Z,0.00,202.00,17.58,S,0.00,0.00,1033.37,96.30,857.10,0.45,16.98,0.00,0.00,180.00,0.00,79DAAFB4
2026-04-13T12:48:58Z,0.00,202.00,17.67,S,0.00,0.00,1033.17,96.33,856.90,0.44,17.08,0.00,0.00,180.00,0.00,79DAAFB4
2026-04-13T12:31:37Z,0.00,202.00,17.63,S,0.00,0.00,1033.17,96.27,856.90,0.45,17.03,0.00,0.00,180.00,0.00,79DAAFB4
2026-04-13T12:14:28Z,0.00,202.00,17.57,S,0.00,0.00,1033.07,96.22,856.80,0.46,16.96,0.00,0.00,180.00,0.00,79DAAFB4
2026-04-13T11:57:20Z,0.00,202.00,17.70,S,0.00,0.00,1032.97,96.18,856.70,0.46,17.08,0.00,0.00,180.00,0.00,79DAAFB4
2026-04-13T11:40:12Z,0.00,202.00,17.52,S,0.00,0.00,1032.97,96.16,856.70,0.46,16.90,0.00,0.00,180.00,0.00,79DAAFB4
2026-04-13T11:23:04Z,0.00,202.00,17.28,S,0.00,0.00,1032.77,96.06,856.50,0.48,16.65,0.00,0.00,180.00,0.00,79DAAFB4
2026-04-13T11:05:56Z,0.00,202.00,17.21,S,0.00,0.00,1032.57,95.98,856.30,0.48,16.56,0.00,0.00,180.00,0.00,79DAAFB4
2026-04-13T10:48:37Z,0.00,202.00,17.33,WSW,1.40,2.23,1032.57,95.94,856.30,0.49,16.68,0.00,0.00,242.00,0.00,79DAAFB4
2026-04-13T10:31:27Z,0.00,202.00,17.42,S,0.00,0.00,1032.47,95.87,856.20,0.50,16.75,0.00,0.00,180.00,0.00,79DAAFB4
2026-04-13T10:14:08Z,0.00,202.00,17.23,S,0.00,0.00,1032.47,95.73,856.20,0.51,16.54,0.00,0.00,180.00,0.00,79DAAFB4
2026-04-13T09:57:00Z,0.00,202.00,17.24,S,0.00,0.00,1032.07,95.63,855.80,0.53,16.54,0.00,0.00,180.00,0.00,79DAAFB4
2026-04-13T09:39:40Z,0.00,202.00,17.24,WNW,1.19,1.87,1031.67,95.54,855.40,0.54,16.52,0.00,0.00,297.00,0.00,79DAAFB4
2026-04-13T09:22:30Z,0.00,202.00,17.00,S,0.00,0.00,1031.57,95.35,855.30,0.56,16.25,0.00,0.00,180.00,0.00,79DAAFB4
2026-04-13T09:05:10Z,0.00,202.00,17.12,S,0.00,0.00,1031.77,95.14,855.50,0.58,16.34,0.00,0.00,180.00,0.00,79DAAFB4
2026-04-13T08:48:01Z,1.40,202.00,17.21,SW,3.78,4.10,1031.97,95.03,855.70,0.60,16.41,0.00,0.00,236.00,3.38,79DAAFB4
2026-04-13T08:30:51Z,0.40,200.60,16.75,NW,3.10,3.74,1031.87,94.69,855.60,0.63,15.89,0.00,0.00,311.00,2.48,79DAAFB4
2026-04-13T08:13:42Z,5.20,200.20,17.13,W,5.26,5.69,1032.37,94.47,856.10,0.66,16.23,0.00,0.00,264.00,4.90,79DAAFB4
2026-04-13T07:56:33Z,5.00,195.00,17.09,NE,6.16,6.88,1031.87,93.87,855.60,0.73,16.09,0.00,0.00,50.00,5.36,79DAAFB4
2026-04-13T07:39:24Z,20.00,190.00,17.36,SW,0.00,0.00,1031.77,93.05,855.50,0.83,16.23,0.00,0.00,234.00,0.00,79DAAFB4
2026-04-13T07:22:14Z,10.60,170.00,17.16,ENE,3.20,9.65,1031.17,89.89,854.90,1.20,15.49,0.00,0.00,67.00,0.00,79DAAFB4
2026-04-13T07:05:04Z,0.00,159.40,21.26,WNW,10.44,13.57,1031.37,76.29,855.10,3.00,16.92,0.00,0.00,301.00,7.24,79DAAFB4
2026-04-13T06:47:56Z,0.00,159.40,25.01,S,0.00,0.00,1030.97,62.34,854.70,5.16,17.31,0.00,0.00,181.00,0.00,79DAAFB4
2026-04-13T06:30:48Z,0.00,159.40,26.72,NE,4.07,4.72,1031.27,60.57,855.00,5.58,18.46,0.00,0.00,41.00,3.42,79DAAFB4
2026-04-13T06:13:40Z,0.00,159.40,28.65,S,0.00,0.00,1031.37,51.39,855.10,7.28,17.64,0.00,0.00,180.00,0.00,79DAAFB4
2026-04-13T05:54:58Z,0.00,159.40,29.78,S,0.00,0.00,1031.77,48.77,855.50,7.89,17.84,0.00,0.00,180.00,0.00,79DAAFB4
2026-04-13T05:37:49Z,0.00,159.40,31.34,E,3.31,4.07,1031.97,37.78,855.70,10.25,15.23,0.00,0.00,87.00,2.77,79DAAFB4
2026-04-13T05:20:41Z,0.00,159.40,30.40,NW,2.02,3.53,1032.17,42.44,855.90,9.15,16.21,0.00,0.00,310.00,0.00,79DAAFB4
2026-04-13T05:03:31Z,0.00,159.40,30.21,WNW,2.66,4.10,1032.47,46.20,856.20,8.42,17.37,0.00,0.00,288.00,0.00,79DAAFB4
2026-04-13T04:46:23Z,0.00,159.40,30.22,NW,3.74,4.28,1032.77,43.49,856.50,8.92,16.43,0.00,0.00,309.00,3.31,79DAAFB4
2026-04-13T04:27:40Z,0.00,159.40,28.62,S,0.00,0.00,1033.07,48.30,856.80,7.80,16.63,0.00,0.00,180.00,0.00,79DAAFB4
2026-04-13T04:10:32Z,0.00,159.40,27.25,WNW,0.00,0.00,1033.27,50.08,857.00,7.30,15.94,0.00,0.00,297.00,0.00,79DAAFB4
2026-04-13T03:53:12Z,0.00,159.40,29.12,NW,3.35,3.92,1033.47,48.80,857.20,7.79,17.25,0.00,0.00,314.00,2.81,79DAAFB4
2026-04-13T03:36:03Z,0.00,159.40,29.00,S,0.00,0.00,1033.67,48.90,857.40,7.75,17.17,0.00,0.00,180.00,0.00,79DAAFB4
2026-04-13T03:18:55Z,0.00,159.40,27.99,ESE,2.95,3.82,1033.77,51.53,857.50,7.17,17.07,0.00,0.00,118.00,2.16,79DAAFB4
2026-04-13T03:01:35Z,0.00,159.40,27.28,S,0.00,0.00,1033.87,53.34,857.60,6.78,16.96,0.00,0.00,180.00,0.00,79DAAFB4
2026-04-13T02:44:15Z,0.00,159.40,27.07,W,5.08,5.47,1033.97,55.77,857.70,6.37,17.47,0.00,0.00,276.00,4.82,79DAAFB4
2026-04-13T02:27:06Z,0.00,159.40,24.48,S,0.00,0.00,1034.17,66.60,857.90,4.50,17.86,0.00,0.00,180.00,0.00,79DAAFB4
2026-04-13T02:09:58Z,0.00,159.40,24.39,S,0.00,0.00,1034.27,77.19,858.00,3.03,20.13,0.00,0.00,180.00,0.00,79DAAFB4
2026-04-13T01:52:48Z,0.00,159.40,22.69,S,0.00,0.00,1034.27,86.92,858.00,1.67,20.40,0.00,0.00,180.00,0.00,79DAAFB4
2026-04-13T01:35:40Z,0.00,159.40,21.57,S,0.00,0.00,1034.47,93.16,858.20,0.85,20.42,0.00,0.00,180.00,0.00,79DAAFB4
2026-04-13T01:18:32Z,0.00,159.40,20.14,S,0.00,0.00,1034.47,96.05,858.20,0.48,19.49,0.00,0.00,180.00,0.00,79DAAFB4
2026-04-13T01:01:24Z,0.00,159.40,18.82,S,0.00,0.00,1034.37,96.31,858.10,0.45,18.22,0.00,0.00,180.00,0.00,79DAAFB4
2026-04-13T00:44:05Z,0.00,159.40,18.02,NW,0.00,0.00,1034.27,96.36,858.00,0.44,17.43,0.00,0.00,317.00,0.00,79DAAFB4
2026-04-13T00:26:57Z,0.00,159.40,18.03,S,0.00,0.00,1034.07,96.67,857.80,0.40,17.49,0.00,0.00,180.00,0.00,79DAAFB4
2026-04-13T00:09:37Z,0.00,159.40,17.46,S,0.00,0.00,1033.87,96.71,857.60,0.40,16.93,0.00,0.00,180.00,0.00,79DAAFB4
2026-04-12T23:52:18Z,0.00,159.40,16.81,S,0.00,0.00,1033.57,96.69,857.30,0.40,16.28,0.00,0.00,180.00,0.00,79DAAFB4
2026-04-12T23:35:10Z,0.00,159.40,15.88,S,0.00,0.00,1033.37,96.81,857.10,0.39,15.37,0.00,0.00,180.00,0.00,79DAAFB4
2026-04-12T23:17:51Z,0.00,159.40,15.58,S,0.00,0.00,1033.17,96.82,856.90,0.39,15.08,0.00,0.00,180.00,0.00,79DAAFB4
2026-04-12T23:00:42Z,0.00,159.40,15.23,S,0.00,0.00,1032.97,96.78,856.70,0.39,14.72,0.00,0.00,180.00,0.00,79DAAFB4
2026-04-12T22:43:33Z,0.00,159.40,15.28,S,0.00,0.00,1032.67,96.70,856.40,0.40,14.76,0.00,0.00,180.00,0.00,79DAAFB4
2026-04-12T22:26:24Z,0.00,159.40,15.29,S,0.00,0.00,1032.47,96.74,856.20,0.40,14.78,0.00,0.00,180.00,0.00,79DAAFB4
2026-04-12T22:09:15Z,0.00,159.40,15.39,S,0.00,0.00,1032.27,96.71,856.00,0.40,14.87,0.00,0.00,180.00,0.00,79DAAFB4
2026-04-12T21:52:06Z,0.00,159.40,15.16,S,0.00,0.00,1031.97,96.66,855.70,0.40,14.63,0.00,0.00,180.00,0.00,79DAAFB4
2026-04-12T21:34:58Z,0.00,159.40,15.21,WNW,1.87,2.02,1031.77,96.65,855.50,0.41,14.68,0.00,0.00,303.00,1.80,79DAAFB4
2026-04-12T21:17:50Z,0.20,159.40,15.27,S,0.00,0.00,1031.67,96.58,855.40,0.41,14.73,0.00,0.00,180.00,0.00,79DAAFB4
2026-04-12T21:00:41Z,0.00,159.20,15.31,S,0.00,0.00,1031.57,96.55,855.30,0.42,14.76,0.00,0.00,180.00,0.00,79DAAFB4
2026-04-12T20:43:33Z,0.00,159.20,15.53,S,0.00,0.00,1031.37,96.48,855.10,0.43,14.97,0.00,0.00,180.00,0.00,79DAAFB4
2026-04-12T20:26:24Z,0.00,159.20,15.49,S,0.00,0.00,1031.27,96.50,855.00,0.42,14.94,0.00,0.00,180.00,0.00,79DAAFB4
2026-04-12T20:07:42Z,0.00,159.20,15.63,WNW,0.68,2.09,1031.27,96.49,855.00,0.42,15.07,0.00,0.00,294.00,0.00,79DAAFB4
2026-04-12T19:50:32Z,0.00,159.20,15.76,S,0.00,0.00,1031.27,96.48,855.00,0.43,15.20,0.00,0.00,180.00,0.00,79DAAFB4
2026-04-12T19:33:13Z,0.00,159.20,15.33,W,0.00,0.00,1031.27,96.40,855.00,0.43,14.76,0.00,0.00,260.00,0.00,79DAAFB4
2026-04-12T19:16:05Z,0.00,159.20,15.35,NW,2.09,2.34,1031.37,96.39,855.10,0.44,14.78,0.00,0.00,306.00,1.84,79DAAFB4
2026-04-12T18:58:46Z,0.00,159.20,15.46,S,0.00,0.00,1031.47,96.32,855.20,0.44,14.88,0.00,0.00,180.00,0.00,79DAAFB4
2026-04-12T18:41:37Z,0.00,159.20,15.52,S,0.00,0.00,1031.57,96.34,855.30,0.44,14.94,0.00,0.00,180.00,0.00,79DAAFB4
2026-04-12T18:24:28Z,0.00,159.20,15.53,S,0.00,0.00,1031.67,96.26,855.40,0.45,14.94,0.00,0.00,180.00,0.00,79DAAFB4
2026-04-12T18:07:20Z,0.00,159.20,15.46,S,0.00,0.00,1031.77,96.23,855.50,0.45,14.86,0.00,0.00,180.00,0.00,79DAAFB4
2026-04-12T17:49:59Z,0.00,159.20,15.28,S,0.00,0.00,1031.87,96.19,855.60,0.46,14.68,0.00,0.00,180.00,0.00,79DAAFB4
2026-04-12T17:32:51Z,0.00,159.20,15.45,S,0.00,0.00,1032.07,96.12,855.80,0.47,14.83,0.00,0.00,180.00,0.00,79DAAFB4
2026-04-12T17:15:43Z,0.20,159.20,15.43,S,0.00,0.00,1032.17,96.13,855.90,0.46,14.82,0.00,0.00,180.00,0.00,79DAAFB4
2026-04-12T16:58:35Z,0.00,159.00,15.52,S,0.00,0.00,1032.27,96.02,856.00,0.48,14.89,0.00,0.00,180.00,0.00,79DAAFB4
2026-04-12T16:41:27Z,0.00,159.00,15.52,S,0.00,0.00,1032.47,95.92,856.20,0.49,14.87,0.00,0.00,180.00,0.00,79DAAFB4
2026-04-12T16:24:19Z,0.00,159.00,15.56,S,0.00,0.00,1032.67,95.92,856.40,0.49,14.91,0.00,0.00,180.00,0.00,79DAAFB4
2026-04-12T16:07:00Z,0.00,159.00,15.63,S,0.00,0.00,1032.77,95.83,856.50,0.50,14.97,0.00,0.00,180.00,0.00,79DAAFB4
2026-04-12T15:49:51Z,0.00,159.00,15.64,S,0.00,0.00,1032.97,95.69,856.70,0.52,14.95,0.00,0.00,180.00,0.00,79DAAFB4
2026-04-12T15:32:43Z,0.00,159.00,15.63,S,0.00,0.00,1032.97,95.57,856.70,0.53,14.92,0.00,0.00,180.00,0.00,79DAAFB4
2026-04-12T15:13:53Z,0.00,159.00,15.80,S,0.00,0.00,1032.10,95.53,856.80,0.53,15.09,0.00,0.00,180.00,0.00,79DAAFB4
2026-04-12T14:56:45Z,0.00,159.00,15.94,S,0.00,0.00,1032.10,95.40,856.80,0.55,15.21,0.00,0.00,180.00,0.00,79DAAFB4
2026-04-12T14:39:37Z,0.00,159.00,15.66,S,0.00,0.00,1032.00,95.13,856.70,0.58,14.88,0.00,0.00,180.00,0.00,79DAAFB4
2026-04-12T14:22:18Z,0.00,159.00,15.94,S,0.00,0.00,1031.80,95.01,856.50,0.59,15.14,0.00,0.00,180.00,0.00,79DAAFB4
2026-04-12T14:05:10Z,0.00,159.00,15.91,S,0.00,0.00,1031.70,94.65,856.40,0.64,15.05,0.00,0.00,180.00,0.00,79DAAFB4
2026-04-12T13:48:02Z,0.00,159.00,16.16,S,0.00,0.00,1031.40,94.55,856.10,0.65,15.28,0.00,0.00,180.00,0.00,79DAAFB4
2026-04-12T13:30:53Z,0.00,159.00,16.47,S,0.00,0.00,1031.30,94.50,856.00,0.66,15.58,0.00,0.00,180.00,0.00,79DAAFB4
2026-04-12T13:13:45Z,0.00,159.00,16.49,S,0.00,0.00,1031.20,94.11,855.90,0.70,15.54,0.00,0.00,180.00,0.00,79DAAFB4
2026-04-12T12:56:37Z,0.00,159.00,17.03,S,0.00,0.00,1031.20,93.89,855.90,0.73,16.04,0.00,0.00,180.00,0.00,79DAAFB4
2026-04-12T12:39:18Z,0.00,159.00,17.09,S,0.00,0.00,1031.00,93.35,855.70,0.79,16.01,0.00,0.00,180.00,0.00,79DAAFB4
2026-04-12T12:21:59Z,0.00,159.00,17.45,S,0.00,0.00,1030.70,93.72,855.40,0.75,16.43,0.00,0.00,180.00,0.00,79DAAFB4
2026-04-12T12:04:50Z,0.00,159.00,17.43,S,0.00,0.00,1030.60,93.07,855.30,0.83,16.30,0.00,0.00,180.00,0.00,79DAAFB4
2026-04-12T11:47:42Z,0.00,159.00,17.35,WSW,1.01,3.10,1030.40,92.95,855.10,0.84,16.20,0.00,0.00,254.00,0.00,79DAAFB4
2026-04-12T11:30:34Z,0.00,159.00,17.28,W,0.00,0.00,1030.40,92.76,855.10,0.86,16.10,0.00,0.00,273.00,0.00,79DAAFB4
2026-04-12T10:56:18Z,0.00,159.00,17.68,W,0.54,1.66,1030.10,90.65,854.80,1.12,16.13,0.00,0.00,261.00,0.00,79DAAFB4
2026-04-12T10:39:10Z,0.00,159.00,18.35,S,0.00,0.00,1029.90,88.42,854.60,1.40,16.40,0.00,0.00,180.00,0.00,79DAAFB4
2026-04-12T10:22:02Z,0.00,159.00,18.16,S,0.00,0.00,1029.90,88.89,854.60,1.34,16.30,0.00,0.00,180.00,0.00,79DAAFB4
2026-04-12T10:04:43Z,0.00,159.00,18.18,S,0.00,0.00,1029.70,90.41,854.40,1.15,16.58,0.00,0.00,180.00,0.00,79DAAFB4
2026-04-12T09:47:35Z,0.00,159.00,18.10,S,0.00,0.00,1029.80,89.28,854.50,1.29,16.31,0.00,0.00,180.00,0.00,79DAAFB4
2026-04-12T09:30:15Z,0.00,159.00,18.41,NW,2.12,2.59,1029.60,85.39,854.30,1.76,15.91,0.00,0.00,317.00,1.69,79DAAFB4
2026-04-12T09:12:56Z,0.00,159.00,18.25,S,0.00,0.00,1029.50,87.44,854.20,1.51,16.13,0.00,0.00,180.00,0.00,79DAAFB4
2026-04-12T08:55:48Z,0.00,159.00,18.23,S,0.00,0.00,1029.20,86.49,853.90,1.62,15.94,0.00,0.00,180.00,0.00,79DAAFB4
2026-04-12T08:38:28Z,0.00,159.00,18.21,NNE,0.00,0.00,1029.30,84.97,854.00,1.81,15.64,0.00,0.00,24.00,0.00,79DAAFB4
2026-04-12T08:21:08Z,0.00,159.00,18.42,NNW,0.00,0.00,1029.50,86.62,854.20,1.61,16.15,0.00,0.00,330.00,0.00,79DAAFB4
2026-04-12T08:03:59Z,0.20,159.00,18.74,NNE,4.79,5.11,1029.40,80.87,854.10,2.32,15.39,0.00,0.00,22.00,4.46,79DAAFB4
2026-04-12T07:46:51Z,2.40,158.80,21.23,NNE,3.49,3.89,1029.30,83.18,854.00,2.11,18.26,0.00,0.00,24.00,2.77,79DAAFB4
2026-04-12T07:29:43Z,0.00,156.40,25.04,NNE,0.00,0.00,1028.90,61.30,853.60,5.31,17.07,0.00,0.00,24.00,0.00,79DAAFB4
2026-04-12T07:12:34Z,0.00,156.40,25.59,S,0.00,0.00,1029.10,64.25,853.80,4.93,18.34,0.00,0.00,180.00,0.00,79DAAFB4
2026-04-12T06:55:15Z,0.00,156.40,26.60,S,0.00,0.00,1029.10,63.47,853.80,5.14,19.09,0.00,0.00,180.00,0.00,79DAAFB4
2026-04-12T06:38:06Z,0.00,156.40,27.69,WNW,5.08,5.44,1029.30,57.68,854.00,6.13,18.59,0.00,0.00,299.00,4.75,79DAAFB4
2026-04-12T06:20:57Z,0.00,156.40,28.01,WNW,2.41,2.95,1029.60,55.70,854.30,6.49,18.33,0.00,0.00,295.00,2.02,79DAAFB4
2026-04-12T06:03:49Z,0.00,156.40,28.05,W,8.24,9.54,1029.70,50.81,854.40,7.29,16.91,0.00,0.00,270.00,7.52,79DAAFB4
2026-04-12T05:46:30Z,0.00,156.40,28.33,S,0.00,0.00,1030.00,52.10,854.70,7.12,17.56,0.00,0.00,180.00,0.00,79DAAFB4
2026-04-12T05:29:11Z,0.00,156.40,27.98,S,0.00,0.00,1030.30,49.43,855.00,7.52,16.41,0.00,0.00,180.00,0.00,79DAAFB4
2026-04-12T05:12:02Z,0.00,156.40,28.32,NNW,0.00,0.00,1030.60,42.91,855.30,8.70,14.51,0.00,0.00,343.00,0.00,79DAAFB4
2026-04-12T04:54:54Z,0.00,156.40,30.58,W,0.00,0.00,1030.70,38.21,855.40,10.02,14.73,0.00,0.00,268.00,0.00,79DAAFB4
2026-04-12T04:37:44Z,0.00,156.40,28.98,S,0.00,0.00,1031.00,41.81,855.70,9.02,14.70,0.00,0.00,180.00,0.00,79DAAFB4
2026-04-12T04:20:24Z,0.00,156.40,28.86,W,1.40,2.34,1031.30,37.82,856.00,9.75,13.05,0.00,0.00,262.00,0.00,79DAAFB4
2026-04-12T04:03:15Z,0.00,156.40,28.87,S,0.00,0.00,1031.60,37.48,856.30,9.82,12.92,0.00,0.00,180.00,0.00,79DAAFB4
2026-04-12T03:46:07Z,0.00,156.40,28.58,NE,5.65,6.16,1031.70,43.66,856.40,8.61,15.01,0.00,0.00,51.00,5.04,79DAAFB4
2026-04-12T03:28:59Z,0.00,156.40,28.51,NW,9.22,10.04,1031.90,44.53,856.60,8.45,15.26,0.00,0.00,305.00,8.53,79DAAFB4
2026-04-12T03:11:51Z,0.00,156.40,28.74,WNW,3.96,4.14,1032.10,45.79,856.80,8.26,15.90,0.00,0.00,295.00,3.74,79DAAFB4
2026-04-12T02:54:43Z,0.00,156.40,27.85,SW,0.00,0.00,1032.30,53.16,857.00,6.88,17.44,0.00,0.00,220.00,0.00,79DAAFB4
2026-04-12T02:37:35Z,0.00,156.40,27.44,W,0.79,2.41,1032.30,52.01,857.00,7.01,16.71,0.00,0.00,262.00,0.00,79DAAFB4
2026-04-12T02:20:16Z,0.00,156.40,26.24,WNW,4.00,4.36,1032.40,54.76,857.10,6.42,16.41,0.00,0.00,297.00,3.53,79DAAFB4
2026-04-12T02:03:06Z,0.00,156.40,25.27,S,0.00,0.00,1032.60,63.24,857.30,5.05,17.78,0.00,0.00,180.00,0.00,79DAAFB4
2026-04-12T01:45:47Z,0.00,156.40,24.30,S,0.00,0.00,1032.60,71.40,857.30,3.82,18.79,0.00,0.00,180.00,0.00,79DAAFB4
2026-04-12T01:28:39Z,0.00,156.40,22.58,S,0.00,0.00,1032.70,86.10,857.40,1.78,20.14,0.00,0.00,180.00,0.00,79DAAFB4
2026-04-12T01:11:19Z,0.00,156.40,20.06,S,0.00,0.00,1032.60,95.90,857.30,0.50,19.39,0.00,0.00,180.00,0.00,79DAAFB4
2026-04-12T00:54:10Z,0.00,156.40,18.41,S,0.00,0.00,1032.50,96.19,857.20,0.46,17.79,0.00,0.00,180.00,0.00,79DAAFB4
2026-04-12T00:37:02Z,0.00,156.40,17.46,S,0.00,0.00,1032.40,96.54,857.10,0.42,16.90,0.00,0.00,180.00,0.00,79DAAFB4
2026-04-12T00:19:43Z,0.00,156.40,16.48,S,0.00,0.00,1032.20,96.45,856.90,0.43,15.91,0.00,0.00,180.00,0.00,79DAAFB4
2026-04-12T00:02:35Z,0.20,156.40,16.32,S,0.00,0.00,1032.00,96.52,856.70,0.42,15.77,0.00,0.00,180.00,0.00,79DAAFB4
2026-04-11T23:45:26Z,0.00,156.20,16.11,W,2.30,2.52,1031.80,96.63,856.50,0.41,15.57,0.00,0.00,259.00,1.94,79DAAFB4
2026-04-11T23:28:16Z,0.00,156.20,15.77,S,0.00,0.00,1031.60,96.69,856.30,0.40,15.25,0.00,0.00,180.00,0.00,79DAAFB4
2026-04-11T23:11:10Z,0.00,156.20,15.54,S,0.00,0.00,1031.40,96.62,856.10,0.41,15.00,0.00,0.00,180.00,0.00,79DAAFB4
2026-04-11T22:53:51Z,0.00,156.20,15.42,S,0.00,0.00,1031.20,96.62,855.90,0.41,14.89,0.00,0.00,180.00,0.00,79DAAFB4
2026-04-11T22:36:43Z,0.00,156.20,15.60,S,0.00,0.00,1031.00,96.53,855.70,0.42,15.05,0.00,0.00,180.00,0.00,79DAAFB4
2026-04-11T22:19:23Z,0.00,156.20,15.69,S,0.00,0.00,1030.90,96.47,855.60,0.43,15.13,0.00,0.00,180.00,0.00,79DAAFB4
2026-04-11T22:02:03Z,0.00,156.20,15.95,S,0.00,0.00,1030.80,96.43,855.50,0.43,15.38,0.00,0.00,180.00,0.00,79DAAFB4
2026-04-11T21:44:54Z,0.00,156.20,16.09,S,0.00,0.00,1030.50,96.48,855.20,0.43,15.53,0.00,0.00,180.00,0.00,79DAAFB4
2026-04-11T21:27:46Z,0.00,156.20,16.11,S,0.00,0.00,1030.50,96.39,855.20,0.44,15.54,0.00,0.00,180.00,0.00,79DAAFB4
2026-04-11T21:10:26Z,0.00,156.20,16.13,S,0.00,0.00,1030.30,96.34,855.00,0.44,15.55,0.00,0.00,180.00,0.00,79DAAFB4
2026-04-11T20:53:17Z,0.00,156.20,16.33,WNW,0.00,0.00,1030.20,96.38,854.90,0.44,15.75,0.00,0.00,298.00,0.00,79DAAFB4
2026-04-11T20:36:09Z,0.00,156.20,16.39,WNW,2.63,3.02,1030.10,96.29,854.80,0.45,15.80,0.00,0.00,292.00,2.27,79DAAFB4
2026-04-11T20:17:27Z,0.00,156.20,16.42,S,0.00,0.00,1030.00,96.22,854.70,0.46,15.82,0.00,0.00,180.00,0.00,79DAAFB4
2026-04-11T20:00:17Z,0.00,156.20,16.53,S,0.00,0.00,1030.00,96.25,854.70,0.45,15.93,0.00,0.00,180.00,0.00,79DAAFB4
2026-04-11T19:43:09Z,0.00,156.20,16.63,S,0.00,0.00,1030.00,96.15,854.70,0.46,16.01,0.00,0.00,180.00,0.00,79DAAFB4
2026-04-11T19:26:01Z,0.20,156.20,16.71,S,0.00,0.00,1030.00,96.17,854.70,0.46,16.10,0.00,0.00,180.00,0.00,79DAAFB4
2026-04-11T19:08:53Z,0.00,156.00,16.81,S,0.00,0.00,1030.10,96.09,854.80,0.47,16.18,0.00,0.00,180.00,0.00,79DAAFB4
2026-04-11T18:51:34Z,0.00,156.00,17.00,S,0.00,0.00,1030.10,95.99,854.80,0.48,16.36,0.00,0.00,180.00,0.00,79DAAFB4
2026-04-11T18:34:26Z,0.00,156.00,17.02,S,0.00,0.00,1030.30,96.03,855.00,0.48,16.38,0.00,0.00,180.00,0.00,79DAAFB4
2026-04-11T18:17:06Z,0.00,156.00,17.11,S,0.00,0.00,1030.50,95.86,855.20,0.50,16.44,0.00,0.00,180.00,0.00,79DAAFB4
2026-04-11T17:59:57Z,0.00,156.00,17.28,S,0.00,0.00,1030.70,95.87,855.40,0.50,16.61,0.00,0.00,180.00,0.00,79DAAFB4
2026-04-11T17:42:48Z,0.00,156.00,17.28,S,0.00,0.00,1030.90,95.78,855.60,0.51,16.60,0.00,0.00,180.00,0.00,79DAAFB4
2026-04-11T17:25:39Z,0.00,156.00,17.34,S,0.00,0.00,1031.10,95.74,855.80,0.51,16.65,0.00,0.00,180.00,0.00,79DAAFB4
2026-04-11T17:08:30Z,0.00,156.00,17.29,WSW,2.52,2.70,1031.30,95.61,856.00,0.53,16.58,0.00,0.00,256.00,2.30,79DAAFB4
2026-04-11T16:51:22Z,0.00,156.00,17.39,S,0.00,0.00,1031.40,95.56,856.10,0.53,16.67,0.00,0.00,180.00,0.00,79DAAFB4
2026-04-11T16:34:14Z,0.00,156.00,17.42,S,0.00,0.00,1031.50,95.51,856.20,0.54,16.69,0.00,0.00,180.00,0.00,79DAAFB4
2026-04-11T16:16:55Z,0.00,156.00,17.40,S,0.00,0.00,1031.70,95.48,856.40,0.54,16.67,0.00,0.00,180.00,0.00,79DAAFB4
2026-04-11T15:59:46Z,0.00,156.00,17.07,S,0.00,0.00,1031.90,95.29,856.60,0.57,16.31,0.00,0.00,180.00,0.00,79DAAFB4
2026-04-11T15:42:38Z,0.00,156.00,16.93,S,0.00,0.00,1032.10,95.28,856.80,0.57,16.17,0.00,0.00,180.00,0.00,79DAAFB4
2026-04-11T15:25:29Z,0.00,156.00,16.31,S,0.00,0.00,1032.20,95.18,856.90,0.58,15.54,0.00,0.00,180.00,0.00,79DAAFB4
2026-04-11T15:08:20Z,0.00,156.00,15.68,S,0.00,0.00,1032.30,94.88,857.00,0.61,14.86,0.00,0.00,180.00,0.00,79DAAFB4
2026-04-11T14:51:12Z,0.00,156.00,15.81,S,0.00,0.00,1032.20,94.58,856.90,0.64,14.94,0.00,0.00,180.00,0.00,79DAAFB4
2026-04-11T14:34:04Z,0.00,156.00,16.01,S,0.00,0.00,1032.20,94.49,856.90,0.65,15.13,0.00,0.00,180.00,0.00,79DAAFB4
2026-04-11T14:16:45Z,0.00,156.00,16.05,S,0.00,0.00,1032.10,93.96,856.80,0.72,15.08,0.00,0.00,180.00,0.00,79DAAFB4
2026-04-11T13:59:26Z,0.00,156.00,16.55,S,0.00,0.00,1032.00,93.91,856.70,0.72,15.57,0.00,0.00,180.00,0.00,79DAAFB4
2026-04-11T13:42:17Z,0.00,156.00,16.62,S,0.00,0.00,1031.90,93.44,856.60,0.78,15.56,0.00,0.00,180.00,0.00,79DAAFB4
2026-04-11T13:25:09Z,0.00,156.00,17.02,W,3.31,3.74,1031.70,93.38,856.40,0.79,15.94,0.00,0.00,261.00,2.95,79DAAFB4
2026-04-11T13:07:59Z,0.00,156.00,17.22,S,0.00,0.00,1031.60,94.00,856.30,0.72,16.25,0.00,0.00,180.00,0.00,79DAAFB4
2026-04-11T12:50:51Z,0.00,156.00,16.71,S,0.00,0.00,1031.50,93.31,856.20,0.80,15.62,0.00,0.00,180.00,0.00,79DAAFB4
2026-04-11T12:32:08Z,0.00,156.00,17.19,S,0.00,0.00,1031.30,92.98,856.00,0.84,16.04,0.00,0.00,180.00,0.00,79DAAFB4
2026-04-11T12:13:54Z,0.00,156.00,17.50,S,0.00,0.00,1031.68,92.39,855.90,0.91,16.25,0.00,0.00,180.00,0.00,79DAAFB4
2026-04-11T11:56:34Z,0.00,156.00,17.88,S,0.00,0.00,1031.48,92.56,855.70,0.89,16.66,0.00,0.00,180.00,0.00,79DAAFB4
2026-04-11T11:39:15Z,0.00,156.00,17.53,S,0.00,0.00,1031.18,90.82,855.40,1.10,16.01,0.00,0.00,180.00,0.00,79DAAFB4
2026-04-11T11:22:05Z,0.00,156.00,18.08,S,0.00,0.00,1031.08,89.76,855.30,1.23,16.37,0.00,0.00,180.00,0.00,79DAAFB4
2026-04-11T11:04:57Z,0.00,156.00,18.51,S,0.00,0.00,1030.88,89.76,855.10,1.24,16.80,0.00,0.00,180.00,0.00,79DAAFB4
2026-04-11T10:47:38Z,0.00,156.00,18.73,S,0.00,0.00,1030.88,89.06,855.10,1.32,16.89,0.00,0.00,180.00,0.00,79DAAFB4
2026-04-11T10:30:29Z,0.00,156.00,19.28,NE,1.15,3.49,1030.78,88.64,855.00,1.39,17.36,0.00,0.00,49.00,0.00,79DAAFB4
2026-04-11T10:13:20Z,0.00,156.00,19.60,S,0.00,0.00,1030.68,86.60,854.90,1.64,17.30,0.00,0.00,180.00,0.00,79DAAFB4
2026-04-11T09:56:12Z,0.00,156.00,19.80,S,0.00,0.00,1030.48,85.85,854.70,1.74,17.36,0.00,0.00,180.00,0.00,79DAAFB4
2026-04-11T09:39:03Z,0.00,156.00,19.71,S,0.00,0.00,1030.48,82.31,854.70,2.17,16.61,0.00,0.00,180.00,0.00,79DAAFB4
2026-04-11T09:21:54Z,0.00,156.00,20.24,S,0.00,0.00,1030.38,78.62,854.60,2.65,16.40,0.00,0.00,180.00,0.00,79DAAFB4
2026-04-11T09:04:44Z,0.00,156.00,20.47,S,0.00,0.00,1030.38,74.83,854.60,3.14,15.85,0.00,0.00,180.00,0.00,79DAAFB4
2026-04-11T08:47:35Z,0.00,156.00,20.77,ENE,2.92,3.35,1030.48,75.15,854.70,3.12,16.21,0.00,0.00,63.00,2.38,79DAAFB4
2026-04-11T08:30:27Z,0.00,156.00,21.06,S,5.87,6.23,1030.88,77.44,855.10,2.84,16.96,0.00,0.00,190.00,5.26,79DAAFB4
2026-04-11T08:13:18Z,0.00,156.00,20.82,WNW,5.80,7.38,1030.78,82.01,855.00,2.25,17.64,0.00,0.00,303.00,3.74,79DAAFB4
2026-04-11T07:56:10Z,0.00,156.00,20.53,NE,4.21,5.00,1030.38,82.03,854.60,2.24,17.36,0.00,0.00,53.00,2.77,79DAAFB4
2026-04-11T07:39:01Z,0.00,156.00,22.26,NE,6.80,7.31,1030.38,78.53,854.60,2.75,18.35,0.00,0.00,42.00,6.37,79DAAFB4
2026-04-11T07:21:52Z,0.00,156.00,24.61,ENE,3.17,3.46,1030.28,66.66,854.50,4.50,17.99,0.00,0.00,59.00,3.02,79DAAFB4
2026-04-11T07:04:32Z,0.00,156.00,25.54,WNW,3.35,3.64,1030.38,62.31,854.60,5.21,17.80,0.00,0.00,303.00,3.02,79DAAFB4
2026-04-11T06:47:23Z,0.00,156.00,25.67,WNW,2.30,2.56,1030.58,62.16,854.80,5.25,17.88,0.00,0.00,285.00,1.91,79DAAFB4
2026-04-11T06:30:04Z,0.00,156.00,26.25,NE,1.30,2.09,1030.78,61.18,855.00,5.45,18.18,0.00,0.00,43.00,0.00,79DAAFB4
2026-04-11T06:12:56Z,0.00,156.00,26.56,S,0.00,0.00,1030.98,60.17,855.20,5.63,18.20,0.00,0.00,180.00,0.00,79DAAFB4
2026-04-11T05:55:36Z,0.00,156.00,28.09,ENE,4.07,4.43,1031.08,54.04,855.30,6.77,17.92,0.00,0.00,57.00,3.67,79DAAFB4
2026-04-11T05:38:27Z,0.00,156.00,28.85,S,0.00,0.00,1031.28,40.86,855.50,9.17,14.23,0.00,0.00,180.00,0.00,79DAAFB4
2026-04-11T05:21:19Z,0.00,156.00,28.51,SW,0.68,2.12,1031.48,43.23,855.70,8.68,14.80,0.00,0.00,232.00,0.00,79DAAFB4
2026-04-11T05:04:10Z,0.00,156.00,29.96,S,0.00,0.00,1031.68,42.18,855.90,9.12,15.72,0.00,0.00,180.00,0.00,79DAAFB4
2026-04-11T04:47:01Z,0.00,156.00,31.10,WNW,0.00,0.00,1031.88,38.92,856.10,9.97,15.48,0.00,0.00,290.00,0.00,79DAAFB4
2026-04-11T04:29:51Z,0.00,156.00,30.28,WSW,3.96,4.18,1032.18,40.85,856.40,9.44,15.50,0.00,0.00,248.00,3.82,79DAAFB4
2026-04-11T04:12:43Z,0.00,156.00,29.91,ENE,4.68,5.11,1032.38,42.89,856.60,8.98,15.93,0.00,0.00,72.00,4.46,79DAAFB4
2026-04-11T03:55:33Z,0.00,156.00,29.84,NW,3.49,3.56,1032.58,40.53,856.80,9.42,14.99,0.00,0.00,313.00,3.42,79DAAFB4
2026-04-11T03:38:25Z,0.00,156.00,30.18,S,0.00,0.00,1032.78,38.53,857.00,9.87,14.51,0.00,0.00,180.00,0.00,79DAAFB4
2026-04-11T03:21:04Z,0.00,156.00,28.75,S,0.00,0.00,1032.88,44.68,857.10,8.46,15.53,0.00,0.00,180.00,0.00,79DAAFB4
2026-04-11T03:03:55Z,0.00,156.00,28.92,S,0.00,0.00,1032.88,42.54,857.10,8.88,14.92,0.00,0.00,180.00,0.00,79DAAFB4
2026-04-11T02:46:36Z,0.00,156.00,28.78,WSW,2.88,3.42,1033.08,44.74,857.30,8.45,15.57,0.00,0.00,252.00,2.16,79DAAFB4
2026-04-11T02:29:28Z,0.00,156.00,27.39,WSW,5.33,6.77,1033.18,48.85,857.40,7.53,15.68,0.00,0.00,244.00,4.07,79DAAFB4
2026-04-11T02:12:08Z,0.00,156.00,27.61,S,0.00,0.00,1033.18,47.33,857.40,7.82,15.39,0.00,0.00,180.00,0.00,79DAAFB4
2026-04-11T01:55:00Z,0.00,156.00,26.42,WNW,0.68,2.05,1033.28,53.11,857.50,6.71,16.10,0.00,0.00,292.00,0.00,79DAAFB4
2026-04-11T01:37:51Z,0.00,156.00,25.49,E,1.55,2.45,1033.28,59.61,857.50,5.60,17.05,0.00,0.00,91.00,0.00,79DAAFB4
2026-04-11T01:20:43Z,0.00,156.00,23.44,S,0.00,0.00,1033.18,76.46,857.40,3.08,19.06,0.00,0.00,180.00,0.00,79DAAFB4
2026-04-11T01:03:35Z,0.00,156.00,22.08,S,0.00,0.00,1033.08,83.62,857.30,2.08,19.18,0.00,0.00,180.00,0.00,79DAAFB4
2026-04-11T00:46:16Z,0.00,156.00,19.32,WNW,3.85,4.14,1033.18,91.70,857.40,1.01,17.94,0.00,0.00,295.00,3.53,79DAAFB4
2026-04-11T00:29:07Z,0.00,156.00,18.08,W,2.59,3.74,1033.08,95.23,857.30,0.58,17.30,0.00,0.00,276.00,1.73,79DAAFB4
2026-04-11T00:11:58Z,0.00,156.00,16.53,S,0.00,0.00,1032.98,96.16,857.20,0.46,15.92,0.00,0.00,180.00,0.00,79DAAFB4
2026-04-10T23:54:49Z,0.00,156.00,15.41,WNW,3.71,3.82,1032.98,96.70,857.20,0.40,14.89,0.00,0.00,292.00,3.56,79DAAFB4
2026-04-10T23:37:40Z,0.00,156.00,14.05,S,0.00,0.00,1032.68,96.77,856.90,0.39,13.54,0.00,0.00,180.00,0.00,79DAAFB4
2026-04-10T23:20:32Z,0.00,156.00,13.36,S,0.00,0.00,1032.68,96.77,856.90,0.39,12.86,0.00,0.00,180.00,0.00,79DAAFB4
2026-04-10T23:03:24Z,0.00,156.00,13.05,S,0.00,0.00,1032.68,96.70,856.90,0.40,12.54,0.00,0.00,180.00,0.00,79DAAFB4
2026-04-10T22:46:15Z,0.00,156.00,13.11,S,0.00,0.00,1032.38,96.71,856.60,0.40,12.60,0.00,0.00,180.00,0.00,79DAAFB4
2026-04-10T22:29:05Z,0.00,156.00,13.20,WNW,2.02,2.05,1032.18,96.62,856.40,0.41,12.67,0.00,0.00,287.00,1.98,79DAAFB4
2026-04-10T22:11:46Z,0.00,156.00,13.41,ENE,0.00,0.00,1031.98,96.69,856.20,0.40,12.89,0.00,0.00,62.00,0.00,79DAAFB4
2026-04-10T21:54:37Z,0.00,156.00,13.34,W,4.36,4.75,1031.88,96.62,856.10,0.41,12.81,0.00,0.00,264.00,4.03,79DAAFB4
2026-04-10T21:37:28Z,0.00,156.00,13.38,S,0.00,0.00,1031.78,96.58,856.00,0.41,12.85,0.00,0.00,180.00,0.00,79DAAFB4
2026-04-10T21:20:20Z,0.00,156.00,13.42,S,0.00,0.00,1031.68,96.56,855.90,0.42,12.88,0.00,0.00,180.00,0.00,79DAAFB4
2026-04-10T21:03:11Z,0.00,156.00,13.62,S,0.00,0.00,1031.48,96.51,855.70,0.42,13.08,0.00,0.00,180.00,0.00,79DAAFB4
2026-04-10T20:46:02Z,0.00,156.00,13.41,S,0.00,0.00,1031.28,96.45,855.50,0.43,12.86,0.00,0.00,180.00,0.00,79DAAFB4
2026-04-10T20:28:54Z,0.00,156.00,13.45,S,0.00,0.00,1031.28,96.39,855.50,0.43,12.89,0.00,0.00,180.00,0.00,79DAAFB4
2026-04-10T20:11:33Z,0.00,156.00,14.07,S,0.00,0.00,1031.28,96.36,855.50,0.44,13.50,0.00,0.00,180.00,0.00,79DAAFB4
2026-04-10T19:54:25Z,0.00,156.00,14.18,S,0.00,0.00,1031.38,96.35,855.60,0.44,13.61,0.00,0.00,180.00,0.00,79DAAFB4
2026-04-10T19:37:15Z,0.00,156.00,14.02,S,0.00,0.00,1031.38,96.30,855.60,0.44,13.44,0.00,0.00,180.00,0.00,79DAAFB4
2026-04-10T19:20:07Z,0.00,156.00,13.91,S,0.00,0.00,1031.38,96.22,855.60,0.45,13.32,0.00,0.00,180.00,0.00,79DAAFB4
2026-04-10T19:02:59Z,0.00,156.00,14.12,S,0.00,0.00,1031.48,96.18,855.70,0.46,13.52,0.00,0.00,180.00,0.00,79DAAFB4
2026-04-10T18:45:39Z,0.00,156.00,13.96,S,0.00,0.00,1031.58,96.08,855.80,0.47,13.35,0.00,0.00,180.00,0.00,79DAAFB4
2026-04-10T18:28:30Z,0.00,156.00,14.33,S,0.00,0.00,1031.88,96.10,856.10,0.47,13.72,0.00,0.00,180.00,0.00,79DAAFB4
2026-04-10T18:11:22Z,0.00,156.00,14.31,S,0.00,0.00,1032.08,96.02,856.30,0.48,13.68,0.00,0.00,180.00,0.00,79DAAFB4
2026-04-10T17:54:13Z,0.00,156.00,14.38,S,0.00,0.00,1032.18,95.90,856.40,0.49,13.73,0.00,0.00,180.00,0.00,79DAAFB4
2026-04-10T17:36:54Z,0.00,156.00,14.58,S,0.00,0.00,1032.38,95.94,856.60,0.49,13.94,0.00,0.00,180.00,0.00,79DAAFB4
2026-04-10T17:19:46Z,0.00,156.00,14.70,S,0.00,0.00,1032.48,95.73,856.70,0.51,14.03,0.00,0.00,180.00,0.00,79DAAFB4
2026-04-10T17:02:26Z,0.00,156.00,14.66,S,0.00,0.00,1032.68,95.60,856.90,0.52,13.96,0.00,0.00,180.00,0.00,79DAAFB4
2026-04-10T16:45:18Z,0.00,156.00,15.07,S,0.00,0.00,1032.78,95.48,857.00,0.54,14.35,0.00,0.00,180.00,0.00,79DAAFB4
2026-04-10T16:27:59Z,0.00,156.00,15.27,S,0.00,0.00,1033.08,95.40,857.30,0.55,14.54,0.00,0.00,180.00,0.00,79DAAFB4
2026-04-10T16:10:51Z,0.00,156.00,15.19,S,0.00,0.00,1033.28,95.30,857.50,0.56,14.44,0.00,0.00,180.00,0.00,79DAAFB4
2026-04-10T15:53:43Z,0.00,156.00,15.35,S,0.00,0.00,1033.38,95.14,857.60,0.58,14.58,0.00,0.00,180.00,0.00,79DAAFB4
2026-04-10T15:36:34Z,0.00,156.00,16.15,S,0.00,0.00,1033.58,95.17,857.80,0.58,15.38,0.00,0.00,180.00,0.00,79DAAFB4
2026-04-10T15:19:26Z,0.00,156.00,16.05,S,0.00,0.00,1033.58,94.81,857.80,0.62,15.22,0.00,0.00,180.00,0.00,79DAAFB4
2026-04-10T15:02:18Z,0.00,156.00,16.46,S,0.00,0.00,1033.58,94.79,857.80,0.62,15.62,0.00,0.00,180.00,0.00,79DAAFB4
2026-04-10T14:44:58Z,0.00,156.00,16.85,S,0.00,0.00,1033.48,94.80,857.70,0.62,16.01,0.00,0.00,180.00,0.00,79DAAFB4
2026-04-10T14:27:38Z,0.00,156.00,16.60,S,0.00,0.00,1033.48,94.24,857.70,0.69,15.67,0.00,0.00,180.00,0.00,79DAAFB4
2026-04-10T14:10:30Z,0.00,156.00,17.06,S,0.00,0.00,1033.28,94.14,857.50,0.70,16.11,0.00,0.00,180.00,0.00,79DAAFB4
2026-04-10T13:53:21Z,0.00,156.00,17.24,WNW,1.15,1.80,1033.18,94.00,857.40,0.72,16.27,0.00,0.00,287.00,0.00,79DAAFB4
2026-04-10T13:36:12Z,0.00,156.00,17.45,S,0.00,0.00,1032.98,93.61,857.20,0.77,16.41,0.00,0.00,180.00,0.00,79DAAFB4
2026-04-10T13:19:03Z,0.00,156.00,17.93,W,0.00,0.00,1032.98,93.46,857.20,0.79,16.86,0.00,0.00,267.00,0.00,79DAAFB4
2026-04-10T13:01:54Z,0.00,156.00,18.11,S,0.00,0.00,1032.98,93.03,857.20,0.84,16.97,0.00,0.00,180.00,0.00,79DAAFB4
2026-04-10T12:44:46Z,0.00,156.00,18.32,S,0.00,0.00,1032.78,92.55,857.00,0.90,17.09,0.00,0.00,180.00,0.00,79DAAFB4
2026-04-10T12:27:38Z,0.00,156.00,18.52,S,0.00,0.00,1032.58,91.81,856.80,0.99,17.16,0.00,0.00,180.00,0.00,79DAAFB4
2026-04-10T12:10:29Z,0.00,156.00,18.89,S,0.00,0.00,1032.48,92.01,856.70,0.97,17.56,0.00,0.00,180.00,0.00,79DAAFB4
2026-04-10T11:53:19Z,0.00,156.00,19.04,S,0.00,0.00,1032.38,91.86,856.60,0.99,17.69,0.00,0.00,180.00,0.00,79DAAFB4
2026-04-10T11:36:10Z,0.00,156.00,19.37,S,0.00,0.00,1032.18,90.62,856.40,1.14,17.80,0.00,0.00,180.00,0.00,79DAAFB4
2026-04-10T11:19:02Z,0.00,156.00,19.98,W,2.05,2.38,1032.08,88.71,856.30,1.39,18.06,0.00,0.00,266.00,1.80,79DAAFB4
2026-04-10T11:01:54Z,0.00,156.00,20.09,S,0.00,0.00,1032.08,88.62,856.30,1.40,18.15,0.00,0.00,180.00,0.00,79DAAFB4
2026-04-10T10:44:43Z,0.00,156.00,20.16,S,0.00,0.00,1031.98,88.20,856.20,1.46,18.14,0.00,0.00,180.00,0.00,79DAAFB4
2026-04-10T10:23:58Z,0.00,156.00,20.38,S,0.00,0.00,1031.78,87.30,856.00,1.57,18.20,0.00,0.00,180.00,0.00,79DAAFB4
2026-04-10T10:03:13Z,0.00,156.00,20.61,S,0.00,0.00,1031.68,85.93,855.90,1.75,18.17,0.00,0.00,180.00,0.00,79DAAFB4
2026-04-10T09:42:40Z,0.00,156.00,21.35,NE,0.79,2.41,1031.48,80.77,855.70,2.43,17.91,0.00,0.00,53.00,0.00,79DAAFB4
2026-04-10T09:25:33Z,0.00,156.00,21.29,NW,0.58,1.73,1031.58,83.38,855.80,2.09,18.36,0.00,0.00,312.00,0.00,79DAAFB4
2026-04-10T09:17:09Z,0.0